[04Apr2026 15:23:51.860] [main/INFO] [cpw.mods.modlauncher.Launcher/MODLAUNCHER]: ModLauncher running: args [--launchTarget, forgeserver, --fml.forgeVersion, 43.5.1, --fml.mcVersion, 1.19.2, --fml.forgeGroup, net.minecraftforge, --fml.mcpVersion, 20220805.130853, nogui]
[04Apr2026 15:23:51.873] [main/INFO] [cpw.mods.modlauncher.Launcher/MODLAUNCHER]: ModLauncher 10.0.8+10.0.8+main.0ef7e830 starting: java version 17.0.18 by Debian; OS Linux arch amd64 version 6.1.0-43-cloud-amd64
[04Apr2026 15:23:51.934] [main/DEBUG] [cpw.mods.modlauncher.LaunchServiceHandler/MODLAUNCHER]: Found launch services [fmlclientdev,forgeclient,minecraft,forgegametestserverdev,fmlserveruserdev,fmlclient,fmldatauserdev,forgeserverdev,forgeserveruserdev,forgeclientdev,forgeclientuserdev,forgeserver,forgedatadev,fmlserver,fmlclientuserdev,fmlserverdev,forgedatauserdev,testharness,forgegametestserveruserdev]
[04Apr2026 15:23:51.968] [main/DEBUG] [cpw.mods.modlauncher.NameMappingServiceHandler/MODLAUNCHER]: Found naming services : [srgtomcp]
[04Apr2026 15:23:52.017] [main/DEBUG] [cpw.mods.modlauncher.LaunchPluginHandler/MODLAUNCHER]: Found launch plugins: [mixin,eventbus,slf4jfixer,object_holder_definalize,runtime_enum_extender,capability_token_subclass,accesstransformer,runtimedistcleaner]
[04Apr2026 15:23:52.041] [main/DEBUG] [cpw.mods.modlauncher.TransformationServicesHandler/MODLAUNCHER]: Discovering transformation services
[04Apr2026 15:23:56.400] [main/DEBUG] [cpw.mods.modlauncher.TransformationServicesHandler/MODLAUNCHER]: Found additional transformation services from discovery services: [/home/sylein/cisco-server/mods/redirector-5.0.0.jar]
[04Apr2026 15:23:56.414] [main/INFO] [com.teampotato.redirector.Redirector/]: Redirector CoreMod initialized successfully!
[04Apr2026 15:23:56.422] [main/DEBUG] [cpw.mods.modlauncher.TransformationServicesHandler/MODLAUNCHER]: Found transformer services : [mixin,redirector,fml]
[04Apr2026 15:23:56.422] [main/DEBUG] [cpw.mods.modlauncher.TransformationServicesHandler/MODLAUNCHER]: Transformation services loading
[04Apr2026 15:23:56.423] [main/DEBUG] [cpw.mods.modlauncher.TransformationServiceDecorator/MODLAUNCHER]: Loading service mixin
[04Apr2026 15:23:56.423] [main/DEBUG] [cpw.mods.modlauncher.TransformationServiceDecorator/MODLAUNCHER]: Loaded service mixin
[04Apr2026 15:23:56.424] [main/DEBUG] [cpw.mods.modlauncher.TransformationServiceDecorator/MODLAUNCHER]: Loading service redirector
[04Apr2026 15:23:56.424] [main/DEBUG] [cpw.mods.modlauncher.TransformationServiceDecorator/MODLAUNCHER]: Loaded service redirector
[04Apr2026 15:23:56.424] [main/DEBUG] [cpw.mods.modlauncher.TransformationServiceDecorator/MODLAUNCHER]: Loading service fml
[04Apr2026 15:23:56.428] [main/DEBUG] [net.minecraftforge.fml.loading.LauncherVersion/CORE]: Found FMLLauncher version 1.0
[04Apr2026 15:23:56.429] [main/DEBUG] [net.minecraftforge.fml.loading.FMLLoader/CORE]: FML 1.0 loading
[04Apr2026 15:23:56.429] [main/DEBUG] [net.minecraftforge.fml.loading.FMLLoader/CORE]: FML found ModLauncher version : 10.0.8+10.0.8+main.0ef7e830
[04Apr2026 15:23:56.429] [main/DEBUG] [net.minecraftforge.fml.loading.FMLLoader/CORE]: Requesting CoreMods to not apply the fix for ASMAPI.findFirstInstructionBefore by default
[04Apr2026 15:23:56.430] [main/DEBUG] [net.minecraftforge.fml.loading.FMLLoader/CORE]: FML found AccessTransformer version : 8.0.4+66+master.c09db6d7
[04Apr2026 15:23:56.431] [main/DEBUG] [net.minecraftforge.fml.loading.FMLLoader/CORE]: FML found EventBus version : 6.0.3+6.0.3+master.039e4ea9
[04Apr2026 15:23:56.432] [main/DEBUG] [net.minecraftforge.fml.loading.FMLLoader/CORE]: Found Runtime Dist Cleaner
[04Apr2026 15:23:56.435] [main/DEBUG] [net.minecraftforge.coremod.CoreModEngine/]: CoreMods will preserve legacy behavior of ASMAPI.findFirstInstructionBefore for backwards-compatibility
[04Apr2026 15:23:56.435] [main/DEBUG] [net.minecraftforge.fml.loading.FMLLoader/CORE]: FML found CoreMod version : 5.2.4
[04Apr2026 15:23:56.436] [main/DEBUG] [net.minecraftforge.fml.loading.FMLLoader/CORE]: Found ForgeSPI package implementation version 6.0.0+6.0.0+master.42474703
[04Apr2026 15:23:56.436] [main/DEBUG] [net.minecraftforge.fml.loading.FMLLoader/CORE]: Found ForgeSPI package specification 5
[04Apr2026 15:23:56.442] [main/DEBUG] [cpw.mods.modlauncher.TransformationServiceDecorator/MODLAUNCHER]: Loaded service fml
[04Apr2026 15:23:56.444] [main/DEBUG] [cpw.mods.modlauncher.TransformationServicesHandler/MODLAUNCHER]: Configuring option handling for services
[04Apr2026 15:23:56.454] [main/DEBUG] [cpw.mods.modlauncher.TransformationServicesHandler/MODLAUNCHER]: Transformation services initializing
[04Apr2026 15:23:56.455] [main/DEBUG] [cpw.mods.modlauncher.TransformationServiceDecorator/MODLAUNCHER]: Initializing transformation service mixin
[04Apr2026 15:23:56.484] [main/DEBUG] [mixin/]: MixinService [ModLauncher] was successfully booted in cpw.mods.cl.ModuleClassLoader@78e67e0a
[04Apr2026 15:23:56.525] [main/INFO] [mixin/]: SpongePowered MIXIN Subsystem Version=0.8.5 Source=union:/home/sylein/cisco-server/libraries/org/spongepowered/mixin/0.8.5/mixin-0.8.5.jar%2364!/ Service=ModLauncher Env=SERVER
[04Apr2026 15:23:56.534] [main/DEBUG] [mixin/]: Initialising Mixin Platform Manager
[04Apr2026 15:23:56.534] [main/DEBUG] [mixin/]: Adding mixin platform agents for container ModLauncher Root Container(ModLauncher:4f56a0a2)
[04Apr2026 15:23:56.536] [main/DEBUG] [mixin/]: Instancing new MixinPlatformAgentMinecraftForge for ModLauncher Root Container(ModLauncher:4f56a0a2)
[04Apr2026 15:23:56.537] [main/DEBUG] [mixin/]: MixinPlatformAgentMinecraftForge rejected container ModLauncher Root Container(ModLauncher:4f56a0a2)
[04Apr2026 15:23:56.537] [main/DEBUG] [mixin/]: Instancing new MixinPlatformAgentDefault for ModLauncher Root Container(ModLauncher:4f56a0a2)
[04Apr2026 15:23:56.538] [main/DEBUG] [mixin/]: MixinPlatformAgentDefault accepted container ModLauncher Root Container(ModLauncher:4f56a0a2)
[04Apr2026 15:23:56.542] [main/DEBUG] [cpw.mods.modlauncher.TransformationServiceDecorator/MODLAUNCHER]: Initialized transformation service mixin
[04Apr2026 15:23:56.542] [main/DEBUG] [cpw.mods.modlauncher.TransformationServiceDecorator/MODLAUNCHER]: Initializing transformation service redirector
[04Apr2026 15:23:56.542] [main/DEBUG] [cpw.mods.modlauncher.TransformationServiceDecorator/MODLAUNCHER]: Initialized transformation service redirector
[04Apr2026 15:23:56.543] [main/DEBUG] [cpw.mods.modlauncher.TransformationServiceDecorator/MODLAUNCHER]: Initializing transformation service fml
[04Apr2026 15:23:56.543] [main/DEBUG] [net.minecraftforge.fml.loading.FMLServiceProvider/CORE]: Setting up basic FML game directories
[04Apr2026 15:23:56.544] [main/DEBUG] [net.minecraftforge.fml.loading.FileUtils/CORE]: Found existing GAMEDIR directory : /home/sylein/cisco-server
[04Apr2026 15:23:56.545] [main/DEBUG] [net.minecraftforge.fml.loading.FMLPaths/CORE]: Path GAMEDIR is /home/sylein/cisco-server
[04Apr2026 15:23:56.545] [main/DEBUG] [net.minecraftforge.fml.loading.FileUtils/CORE]: Found existing MODSDIR directory : /home/sylein/cisco-server/mods
[04Apr2026 15:23:56.545] [main/DEBUG] [net.minecraftforge.fml.loading.FMLPaths/CORE]: Path MODSDIR is /home/sylein/cisco-server/mods
[04Apr2026 15:23:56.545] [main/DEBUG] [net.minecraftforge.fml.loading.FileUtils/CORE]: Found existing CONFIGDIR directory : /home/sylein/cisco-server/config
[04Apr2026 15:23:56.546] [main/DEBUG] [net.minecraftforge.fml.loading.FMLPaths/CORE]: Path CONFIGDIR is /home/sylein/cisco-server/config
[04Apr2026 15:23:56.546] [main/DEBUG] [net.minecraftforge.fml.loading.FMLPaths/CORE]: Path FMLCONFIG is /home/sylein/cisco-server/config/fml.toml
[04Apr2026 15:23:56.546] [main/DEBUG] [net.minecraftforge.fml.loading.FMLServiceProvider/CORE]: Loading configuration
[04Apr2026 15:23:56.610] [main/DEBUG] [net.minecraftforge.fml.loading.FileUtils/CORE]: Found existing default config directory directory : /home/sylein/cisco-server/defaultconfigs
[04Apr2026 15:23:56.611] [main/DEBUG] [net.minecraftforge.fml.loading.FMLServiceProvider/CORE]: Preparing ModFile
[04Apr2026 15:23:56.616] [main/DEBUG] [net.minecraftforge.fml.loading.FMLServiceProvider/CORE]: Preparing launch handler
[04Apr2026 15:23:56.616] [main/DEBUG] [net.minecraftforge.fml.loading.FMLLoader/CORE]: Using forgeserver as launch service
[04Apr2026 15:23:56.651] [main/DEBUG] [net.minecraftforge.fml.loading.FMLLoader/CORE]: Received command line version data  : VersionInfo[forgeVersion=43.5.1, mcVersion=1.19.2, mcpVersion=20220805.130853, forgeGroup=net.minecraftforge]
[04Apr2026 15:23:56.656] [main/DEBUG] [cpw.mods.modlauncher.TransformationServiceDecorator/MODLAUNCHER]: Initialized transformation service fml
[04Apr2026 15:23:56.658] [main/DEBUG] [cpw.mods.modlauncher.NameMappingServiceHandler/MODLAUNCHER]: Current naming domain is 'srg'
[04Apr2026 15:23:56.660] [main/DEBUG] [cpw.mods.modlauncher.NameMappingServiceHandler/MODLAUNCHER]: Identified name mapping providers {}
[04Apr2026 15:23:56.660] [main/DEBUG] [cpw.mods.modlauncher.TransformationServicesHandler/MODLAUNCHER]: Transformation services begin scanning
[04Apr2026 15:23:56.662] [main/DEBUG] [cpw.mods.modlauncher.TransformationServiceDecorator/MODLAUNCHER]: Beginning scan trigger - transformation service mixin
[04Apr2026 15:23:56.663] [main/DEBUG] [cpw.mods.modlauncher.TransformationServiceDecorator/MODLAUNCHER]: End scan trigger - transformation service mixin
[04Apr2026 15:23:56.663] [main/DEBUG] [cpw.mods.modlauncher.TransformationServiceDecorator/MODLAUNCHER]: Beginning scan trigger - transformation service redirector
[04Apr2026 15:23:56.664] [main/DEBUG] [cpw.mods.modlauncher.TransformationServiceDecorator/MODLAUNCHER]: End scan trigger - transformation service redirector
[04Apr2026 15:23:56.664] [main/DEBUG] [cpw.mods.modlauncher.TransformationServiceDecorator/MODLAUNCHER]: Beginning scan trigger - transformation service fml
[04Apr2026 15:23:56.664] [main/DEBUG] [net.minecraftforge.fml.loading.FMLServiceProvider/CORE]: Initiating mod scan
[04Apr2026 15:23:56.687] [main/DEBUG] [net.minecraftforge.fml.loading.moddiscovery.ModListHandler/CORE]: Found mod coordinates from lists: []
[04Apr2026 15:23:56.693] [main/DEBUG] [net.minecraftforge.fml.loading.moddiscovery.ModDiscoverer/CORE]: Found Mod Locators : (mods folder:null),(maven libs:null),(exploded directory:null),(minecraft:null),(userdev classpath:null)
[04Apr2026 15:23:56.694] [main/DEBUG] [net.minecraftforge.fml.loading.moddiscovery.ModDiscoverer/CORE]: Found Dependency Locators : (JarInJar:null)
[04Apr2026 15:23:56.708] [main/DEBUG] [net.minecraftforge.fml.loading.moddiscovery.ModFileParser/LOADING]: Considering mod file candidate /home/sylein/cisco-server/mods/AdvancementPlaques-1.19.2-1.4.7.jar
[04Apr2026 15:23:56.785] [main/DEBUG] [net.minecraftforge.fml.loading.moddiscovery.ModFileInfo/LOADING]: Found valid mod file AdvancementPlaques-1.19.2-1.4.7.jar with {advancementplaques} mods - versions {1.4.7}
[04Apr2026 15:23:56.786] [main/DEBUG] [net.minecraftforge.fml.loading.moddiscovery.ModFileParser/LOADING]: Considering mod file candidate /home/sylein/cisco-server/mods/aeroblender-1.19.2-1.0.1.jar
[04Apr2026 15:23:56.790] [main/DEBUG] [net.minecraftforge.fml.loading.moddiscovery.ModFileInfo/LOADING]: Found valid mod file aeroblender-1.19.2-1.0.1.jar with {aeroblender} mods - versions {1.19.2-1.0.1}
[04Apr2026 15:23:56.795] [main/DEBUG] [net.minecraftforge.fml.loading.moddiscovery.ModFileParser/LOADING]: Considering mod file candidate /home/sylein/cisco-server/mods/aether-1.19.2-1.4.2-forge.jar
[04Apr2026 15:23:56.799] [main/DEBUG] [net.minecraftforge.fml.loading.moddiscovery.ModFileInfo/LOADING]: Found valid mod file aether-1.19.2-1.4.2-forge.jar with {aether} mods - versions {1.19.2-1.4.2-forge}
[04Apr2026 15:23:56.800] [main/DEBUG] [net.minecraftforge.fml.loading.moddiscovery.ModFileParser/LOADING]: Considering mod file candidate /home/sylein/cisco-server/mods/AI-Improvements-1.19.2-0.5.2.jar
[04Apr2026 15:23:56.803] [main/DEBUG] [net.minecraftforge.fml.loading.moddiscovery.ModFileInfo/LOADING]: Found valid mod file AI-Improvements-1.19.2-0.5.2.jar with {aiimprovements} mods - versions {0.5.2}
[04Apr2026 15:23:56.804] [main/DEBUG] [net.minecraftforge.fml.loading.moddiscovery.ModFileParser/LOADING]: Considering mod file candidate /home/sylein/cisco-server/mods/alexsdelight-1.4.1.jar
[04Apr2026 15:23:56.808] [main/DEBUG] [net.minecraftforge.fml.loading.moddiscovery.ModFileInfo/LOADING]: Found valid mod file alexsdelight-1.4.1.jar with {alexsdelight} mods - versions {1.4.1}
[04Apr2026 15:23:56.813] [main/DEBUG] [net.minecraftforge.fml.loading.moddiscovery.ModFileParser/LOADING]: Considering mod file candidate /home/sylein/cisco-server/mods/alexsmobs-1.21.1.jar
[04Apr2026 15:23:56.815] [main/DEBUG] [net.minecraftforge.fml.loading.moddiscovery.ModFileInfo/LOADING]: Found valid mod file alexsmobs-1.21.1.jar with {alexsmobs} mods - versions {1.21.1}
[04Apr2026 15:23:56.818] [main/DEBUG] [net.minecraftforge.fml.loading.moddiscovery.ModFileParser/LOADING]: Considering mod file candidate /home/sylein/cisco-server/mods/Apotheosis-1.19.2-6.5.2.jar
[04Apr2026 15:23:56.820] [main/DEBUG] [net.minecraftforge.fml.loading.moddiscovery.ModFileInfo/LOADING]: Found valid mod file Apotheosis-1.19.2-6.5.2.jar with {apotheosis} mods - versions {6.5.2}
[04Apr2026 15:23:56.821] [main/DEBUG] [net.minecraftforge.fml.loading.moddiscovery.ModFileParser/LOADING]: Considering mod file candidate /home/sylein/cisco-server/mods/apotheotic_additions1.0.4.jar
[04Apr2026 15:23:56.823] [main/DEBUG] [net.minecraftforge.fml.loading.moddiscovery.ModFileInfo/LOADING]: Found valid mod file apotheotic_additions1.0.4.jar with {apotheotic_additions} mods - versions {1.0.4}
[04Apr2026 15:23:56.824] [main/DEBUG] [net.minecraftforge.fml.loading.moddiscovery.ModFileParser/LOADING]: Considering mod file candidate /home/sylein/cisco-server/mods/ApothicCurios-1.19.2-1.0.3c.jar
[04Apr2026 15:23:56.826] [main/DEBUG] [net.minecraftforge.fml.loading.moddiscovery.ModFileInfo/LOADING]: Found valid mod file ApothicCurios-1.19.2-1.0.3c.jar with {apothiccurios} mods - versions {1.0.3c}
[04Apr2026 15:23:56.826] [main/DEBUG] [net.minecraftforge.fml.loading.moddiscovery.ModFileParser/LOADING]: Considering mod file candidate /home/sylein/cisco-server/mods/appleskin-forge-mc1.19-2.4.2.jar
[04Apr2026 15:23:56.828] [main/DEBUG] [net.minecraftforge.fml.loading.moddiscovery.ModFileInfo/LOADING]: Found valid mod file appleskin-forge-mc1.19-2.4.2.jar with {appleskin} mods - versions {2.4.2+mc1.19}
[04Apr2026 15:23:56.829] [main/DEBUG] [net.minecraftforge.fml.loading.moddiscovery.ModFileParser/LOADING]: Considering mod file candidate /home/sylein/cisco-server/mods/Aquaculture-1.19.2-2.4.17.jar
[04Apr2026 15:23:56.831] [main/DEBUG] [net.minecraftforge.fml.loading.moddiscovery.ModFileInfo/LOADING]: Found valid mod file Aquaculture-1.19.2-2.4.17.jar with {aquaculture} mods - versions {1.19.2-2.4.17}
[04Apr2026 15:23:56.832] [main/DEBUG] [net.minecraftforge.fml.loading.moddiscovery.ModFileParser/LOADING]: Considering mod file candidate /home/sylein/cisco-server/mods/aquamirae-6.API15.jar
[04Apr2026 15:23:56.833] [main/DEBUG] [net.minecraftforge.fml.loading.moddiscovery.ModFileInfo/LOADING]: Found valid mod file aquamirae-6.API15.jar with {aquamirae} mods - versions {6.API15}
[04Apr2026 15:23:56.835] [main/DEBUG] [net.minecraftforge.fml.loading.moddiscovery.ModFileParser/LOADING]: Considering mod file candidate /home/sylein/cisco-server/mods/architectury-6.6.92-forge.jar
[04Apr2026 15:23:56.836] [main/DEBUG] [net.minecraftforge.fml.loading.moddiscovery.ModFileInfo/LOADING]: Found valid mod file architectury-6.6.92-forge.jar with {architectury} mods - versions {6.6.92}
[04Apr2026 15:23:56.837] [main/DEBUG] [net.minecraftforge.fml.loading.moddiscovery.ModFileParser/LOADING]: Considering mod file candidate /home/sylein/cisco-server/mods/ArmorDamageLimit-1.19.2-1.0.0.jar
[04Apr2026 15:23:56.840] [main/DEBUG] [net.minecraftforge.fml.loading.moddiscovery.ModFileInfo/LOADING]: Found valid mod file ArmorDamageLimit-1.19.2-1.0.0.jar with {armordamagelimit} mods - versions {1.19.2-1.0.0}
[04Apr2026 15:23:56.842] [main/DEBUG] [net.minecraftforge.fml.loading.moddiscovery.ModFileParser/LOADING]: Considering mod file candidate /home/sylein/cisco-server/mods/ars_additions-1.19.2-1.4.0.jar
[04Apr2026 15:23:56.844] [main/DEBUG] [net.minecraftforge.fml.loading.moddiscovery.ModFileInfo/LOADING]: Found valid mod file ars_additions-1.19.2-1.4.0.jar with {ars_additions} mods - versions {1.19.2-1.4.0}
[04Apr2026 15:23:56.845] [main/DEBUG] [net.minecraftforge.fml.loading.moddiscovery.ModFileParser/LOADING]: Considering mod file candidate /home/sylein/cisco-server/mods/ars_elemental-1.19.2-0.5.9.4.1.jar
[04Apr2026 15:23:56.847] [main/DEBUG] [net.minecraftforge.fml.loading.moddiscovery.ModFileInfo/LOADING]: Found valid mod file ars_elemental-1.19.2-0.5.9.4.1.jar with {ars_elemental} mods - versions {1.19.2-0.5.9.4.1}
[04Apr2026 15:23:56.853] [main/DEBUG] [net.minecraftforge.fml.loading.moddiscovery.ModFileParser/LOADING]: Considering mod file candidate /home/sylein/cisco-server/mods/ars_nouveau-1.19.2-3.23.0.jar
[04Apr2026 15:23:56.856] [main/DEBUG] [net.minecraftforge.fml.loading.moddiscovery.ModFileInfo/LOADING]: Found valid mod file ars_nouveau-1.19.2-3.23.0.jar with {ars_nouveau} mods - versions {3.23.0}
[04Apr2026 15:23:56.858] [main/DEBUG] [net.minecraftforge.fml.loading.moddiscovery.ModFileParser/LOADING]: Considering mod file candidate /home/sylein/cisco-server/mods/atmospheric-1.19.2-5.1.2.jar
[04Apr2026 15:23:56.859] [main/DEBUG] [net.minecraftforge.fml.loading.moddiscovery.ModFileInfo/LOADING]: Found valid mod file atmospheric-1.19.2-5.1.2.jar with {atmospheric} mods - versions {5.1.2}
[04Apr2026 15:23:56.863] [main/DEBUG] [net.minecraftforge.fml.loading.moddiscovery.ModFileParser/LOADING]: Considering mod file candidate /home/sylein/cisco-server/mods/AttributeFix-Forge-1.19.2-17.2.8.jar
[04Apr2026 15:23:56.864] [main/DEBUG] [net.minecraftforge.fml.loading.moddiscovery.ModFileInfo/LOADING]: Found valid mod file AttributeFix-Forge-1.19.2-17.2.8.jar with {attributefix} mods - versions {17.2.8}
[04Apr2026 15:23:56.864] [main/DEBUG] [net.minecraftforge.fml.loading.moddiscovery.ModFileParser/LOADING]: Considering mod file candidate /home/sylein/cisco-server/mods/AutoLeveling-1.19.2-1.19b.jar
[04Apr2026 15:23:56.865] [main/DEBUG] [net.minecraftforge.fml.loading.moddiscovery.ModFileInfo/LOADING]: Found valid mod file AutoLeveling-1.19.2-1.19b.jar with {autoleveling} mods - versions {1.19b}
[04Apr2026 15:23:56.866] [main/DEBUG] [net.minecraftforge.fml.loading.moddiscovery.ModFileParser/LOADING]: Considering mod file candidate /home/sylein/cisco-server/mods/AutoRegLib-1.8.2-55.jar
[04Apr2026 15:23:56.868] [main/DEBUG] [net.minecraftforge.fml.loading.moddiscovery.ModFileInfo/LOADING]: Found valid mod file AutoRegLib-1.8.2-55.jar with {autoreglib} mods - versions {1.8.2-55}
[04Apr2026 15:23:56.868] [main/DEBUG] [net.minecraftforge.fml.loading.moddiscovery.ModFileParser/LOADING]: Considering mod file candidate /home/sylein/cisco-server/mods/awesomedungeonend-forge-1.19.2-3.1.1.jar
[04Apr2026 15:23:56.870] [main/DEBUG] [net.minecraftforge.fml.loading.moddiscovery.ModFileInfo/LOADING]: Found valid mod file awesomedungeonend-forge-1.19.2-3.1.1.jar with {awesomedungeonend} mods - versions {3.1.1}
[04Apr2026 15:23:56.871] [main/DEBUG] [net.minecraftforge.fml.loading.moddiscovery.ModFileParser/LOADING]: Considering mod file candidate /home/sylein/cisco-server/mods/awesomedungeonnether-forge-1.19.2-3.1.1.jar
[04Apr2026 15:23:56.873] [main/DEBUG] [net.minecraftforge.fml.loading.moddiscovery.ModFileInfo/LOADING]: Found valid mod file awesomedungeonnether-forge-1.19.2-3.1.1.jar with {awesomedungeonnether} mods - versions {3.1.1}
[04Apr2026 15:23:56.874] [main/DEBUG] [net.minecraftforge.fml.loading.moddiscovery.ModFileParser/LOADING]: Considering mod file candidate /home/sylein/cisco-server/mods/azurelib-forge-1.19.2-3.0.14.jar
[04Apr2026 15:23:56.876] [main/DEBUG] [net.minecraftforge.fml.loading.moddiscovery.ModFileInfo/LOADING]: Found valid mod file azurelib-forge-1.19.2-3.0.14.jar with {azurelib} mods - versions {3.0.14}
[04Apr2026 15:23:56.878] [main/DEBUG] [net.minecraftforge.fml.loading.moddiscovery.ModFileParser/LOADING]: Considering mod file candidate /home/sylein/cisco-server/mods/azurelib-forge-1.19.2-3.2.1.jar
[04Apr2026 15:23:56.879] [main/DEBUG] [net.minecraftforge.fml.loading.moddiscovery.ModFileInfo/LOADING]: Found valid mod file azurelib-forge-1.19.2-3.2.1.jar with {azurelib} mods - versions {3.2.1}
[04Apr2026 15:23:56.880] [main/DEBUG] [net.minecraftforge.fml.loading.moddiscovery.ModFileParser/LOADING]: Considering mod file candidate /home/sylein/cisco-server/mods/BadMobs-1.19.2-16.1.3.jar
[04Apr2026 15:23:56.881] [main/DEBUG] [net.minecraftforge.fml.loading.moddiscovery.ModFileInfo/LOADING]: Found valid mod file BadMobs-1.19.2-16.1.3.jar with {badmobs} mods - versions {16.1.3}
[04Apr2026 15:23:56.882] [main/DEBUG] [net.minecraftforge.fml.loading.moddiscovery.ModFileParser/LOADING]: Considering mod file candidate /home/sylein/cisco-server/mods/BadOptimizations-2.1.4-1.19.1-19.2.jar
[04Apr2026 15:23:56.883] [main/DEBUG] [net.minecraftforge.fml.loading.moddiscovery.ModFileInfo/LOADING]: Found valid mod file BadOptimizations-2.1.4-1.19.1-19.2.jar with {badoptimizations} mods - versions {2.1.4}
[04Apr2026 15:23:56.885] [main/DEBUG] [net.minecraftforge.fml.loading.moddiscovery.ModFileParser/LOADING]: Considering mod file candidate /home/sylein/cisco-server/mods/balm-forge-1.19.2-4.6.0.jar
[04Apr2026 15:23:56.886] [main/DEBUG] [net.minecraftforge.fml.loading.moddiscovery.ModFileInfo/LOADING]: Found valid mod file balm-forge-1.19.2-4.6.0.jar with {balm} mods - versions {4.6.0}
[04Apr2026 15:23:56.887] [main/DEBUG] [net.minecraftforge.fml.loading.moddiscovery.ModFileParser/LOADING]: Considering mod file candidate /home/sylein/cisco-server/mods/BetterAdvancements-1.19.2-0.2.2.142.jar
[04Apr2026 15:23:56.888] [main/DEBUG] [net.minecraftforge.fml.loading.moddiscovery.ModFileInfo/LOADING]: Found valid mod file BetterAdvancements-1.19.2-0.2.2.142.jar with {betteradvancements} mods - versions {0.2.2.142}
[04Apr2026 15:23:56.889] [main/DEBUG] [net.minecraftforge.fml.loading.moddiscovery.ModFileParser/LOADING]: Considering mod file candidate /home/sylein/cisco-server/mods/bettercombat-forge-1.7.1+1.19.jar
[04Apr2026 15:23:56.897] [main/DEBUG] [net.minecraftforge.fml.loading.moddiscovery.ModFileInfo/LOADING]: Found valid mod file bettercombat-forge-1.7.1+1.19.jar with {bettercombat} mods - versions {1.7.1+1.19}
[04Apr2026 15:23:56.898] [main/DEBUG] [net.minecraftforge.fml.loading.moddiscovery.ModFileParser/LOADING]: Considering mod file candidate /home/sylein/cisco-server/mods/betterfpsdist-1.19.2-4.1.jar
[04Apr2026 15:23:56.899] [main/DEBUG] [net.minecraftforge.fml.loading.moddiscovery.ModFileInfo/LOADING]: Found valid mod file betterfpsdist-1.19.2-4.1.jar with {betterfpsdist} mods - versions {1.19.2-4.1}
[04Apr2026 15:23:56.900] [main/DEBUG] [net.minecraftforge.fml.loading.moddiscovery.ModFileParser/LOADING]: Considering mod file candidate /home/sylein/cisco-server/mods/BetterThirdPerson-Forge-1.19-1.9.0.jar
[04Apr2026 15:23:56.902] [main/DEBUG] [net.minecraftforge.fml.loading.moddiscovery.ModFileInfo/LOADING]: Found valid mod file BetterThirdPerson-Forge-1.19-1.9.0.jar with {betterthirdperson} mods - versions {1.9.0}
[04Apr2026 15:23:56.903] [main/DEBUG] [net.minecraftforge.fml.loading.moddiscovery.ModFileParser/LOADING]: Considering mod file candidate /home/sylein/cisco-server/mods/betterwithminecolonies-1.19-1.18.19.jar
[04Apr2026 15:23:56.904] [main/DEBUG] [net.minecraftforge.fml.loading.moddiscovery.ModFileInfo/LOADING]: Found valid mod file betterwithminecolonies-1.19-1.18.19.jar with {betterwithminecolonies} mods - versions {1.19++-1.18.19}
[04Apr2026 15:23:56.905] [main/DEBUG] [net.minecraftforge.fml.loading.moddiscovery.ModFileParser/LOADING]: Considering mod file candidate /home/sylein/cisco-server/mods/BHMenu-Forge-1.19.2-2.4.2.jar
[04Apr2026 15:23:56.906] [main/DEBUG] [net.minecraftforge.fml.loading.moddiscovery.ModFileInfo/LOADING]: Found valid mod file BHMenu-Forge-1.19.2-2.4.2.jar with {bhmenu} mods - versions {2.4.2}
[04Apr2026 15:23:56.907] [main/DEBUG] [net.minecraftforge.fml.loading.moddiscovery.ModFileParser/LOADING]: Considering mod file candidate /home/sylein/cisco-server/mods/biomemusic-1.19.2-2.2.jar
[04Apr2026 15:23:56.908] [main/DEBUG] [net.minecraftforge.fml.loading.moddiscovery.ModFileInfo/LOADING]: Found valid mod file biomemusic-1.19.2-2.2.jar with {biomemusic} mods - versions {1.19.2-2.2}
[04Apr2026 15:23:56.909] [main/DEBUG] [net.minecraftforge.fml.loading.moddiscovery.ModFileParser/LOADING]: Considering mod file candidate /home/sylein/cisco-server/mods/blockui-1.19.2-1.0.140-BETA.jar
[04Apr2026 15:23:56.910] [main/DEBUG] [net.minecraftforge.fml.loading.moddiscovery.ModFileInfo/LOADING]: Found valid mod file blockui-1.19.2-1.0.140-BETA.jar with {blockui} mods - versions {1.19.2-1.0.140-BETA}
[04Apr2026 15:23:56.919] [main/DEBUG] [net.minecraftforge.fml.loading.moddiscovery.ModFileParser/LOADING]: Considering mod file candidate /home/sylein/cisco-server/mods/blue_skies-1.19.2-1.3.20.jar
[04Apr2026 15:23:56.921] [main/DEBUG] [net.minecraftforge.fml.loading.moddiscovery.ModFileInfo/LOADING]: Found valid mod file blue_skies-1.19.2-1.3.20.jar with {blue_skies} mods - versions {1.3.20}
[04Apr2026 15:23:56.922] [main/DEBUG] [net.minecraftforge.fml.loading.moddiscovery.ModFileParser/LOADING]: Considering mod file candidate /home/sylein/cisco-server/mods/blueprint-1.19.2-6.2.0.jar
[04Apr2026 15:23:56.924] [main/DEBUG] [net.minecraftforge.fml.loading.moddiscovery.ModFileInfo/LOADING]: Found valid mod file blueprint-1.19.2-6.2.0.jar with {blueprint} mods - versions {6.2.0}
[04Apr2026 15:23:56.925] [main/DEBUG] [net.minecraftforge.fml.loading.moddiscovery.ModFileParser/LOADING]: Considering mod file candidate /home/sylein/cisco-server/mods/bocchium-1.19.2-0.0.3.jar
[04Apr2026 15:23:56.925] [main/DEBUG] [net.minecraftforge.fml.loading.moddiscovery.ModFileInfo/LOADING]: Found valid mod file bocchium-1.19.2-0.0.3.jar with {bocchium} mods - versions {1.19.2-0.0.3}
[04Apr2026 15:23:56.927] [main/DEBUG] [net.minecraftforge.fml.loading.moddiscovery.ModFileParser/LOADING]: Considering mod file candidate /home/sylein/cisco-server/mods/BOMD-Forge-1.19.2-1.0.6.jar
[04Apr2026 15:23:56.928] [main/DEBUG] [net.minecraftforge.fml.loading.moddiscovery.ModFileInfo/LOADING]: Found valid mod file BOMD-Forge-1.19.2-1.0.6.jar with {bosses_of_mass_destruction} mods - versions {1.0.6}
[04Apr2026 15:23:56.935] [main/DEBUG] [net.minecraftforge.fml.loading.moddiscovery.ModFileParser/LOADING]: Considering mod file candidate /home/sylein/cisco-server/mods/Bookshelf-Forge-1.19.2-16.3.20.jar
[04Apr2026 15:23:56.936] [main/DEBUG] [net.minecraftforge.fml.loading.moddiscovery.ModFileInfo/LOADING]: Found valid mod file Bookshelf-Forge-1.19.2-16.3.20.jar with {bookshelf} mods - versions {16.3.20}
[04Apr2026 15:23:56.937] [main/DEBUG] [net.minecraftforge.fml.loading.moddiscovery.ModFileParser/LOADING]: Considering mod file candidate /home/sylein/cisco-server/mods/BrewinAndChewin-1.19-2.0.jar
[04Apr2026 15:23:56.938] [main/DEBUG] [net.minecraftforge.fml.loading.moddiscovery.ModFileInfo/LOADING]: Found valid mod file BrewinAndChewin-1.19-2.0.jar with {brewinandchewin} mods - versions {1.19-2.0}
[04Apr2026 15:23:56.939] [main/DEBUG] [net.minecraftforge.fml.loading.moddiscovery.ModFileParser/LOADING]: Considering mod file candidate /home/sylein/cisco-server/mods/brutalbosses-1.19.2-6.8.jar
[04Apr2026 15:23:56.941] [main/DEBUG] [net.minecraftforge.fml.loading.moddiscovery.ModFileInfo/LOADING]: Found valid mod file brutalbosses-1.19.2-6.8.jar with {brutalbosses} mods - versions {1.19.2-6.8}
[04Apr2026 15:23:56.942] [main/DEBUG] [net.minecraftforge.fml.loading.moddiscovery.ModFileParser/LOADING]: Considering mod file candidate /home/sylein/cisco-server/mods/bygonenether-1.3.2-1.19.2.jar
[04Apr2026 15:23:56.944] [main/DEBUG] [net.minecraftforge.fml.loading.moddiscovery.ModFileInfo/LOADING]: Found valid mod file bygonenether-1.3.2-1.19.2.jar with {bygonenether} mods - versions {1.3.2}
[04Apr2026 15:23:56.945] [main/DEBUG] [net.minecraftforge.fml.loading.moddiscovery.ModFileParser/LOADING]: Considering mod file candidate /home/sylein/cisco-server/mods/caelus-forge-1.19.2-3.0.0.6.jar
[04Apr2026 15:23:56.946] [main/DEBUG] [net.minecraftforge.fml.loading.moddiscovery.ModFileInfo/LOADING]: Found valid mod file caelus-forge-1.19.2-3.0.0.6.jar with {caelus} mods - versions {1.19.2-3.0.0.6}
[04Apr2026 15:23:56.947] [main/DEBUG] [net.minecraftforge.fml.loading.moddiscovery.ModFileParser/LOADING]: Considering mod file candidate /home/sylein/cisco-server/mods/canary-mc1.19.2-0.3.3.jar
[04Apr2026 15:23:56.949] [main/DEBUG] [net.minecraftforge.fml.loading.moddiscovery.ModFileInfo/LOADING]: Found valid mod file canary-mc1.19.2-0.3.3.jar with {canary} mods - versions {0.3.3}
[04Apr2026 15:23:56.950] [main/DEBUG] [net.minecraftforge.fml.loading.moddiscovery.ModFileParser/LOADING]: Considering mod file candidate /home/sylein/cisco-server/mods/carryon-forge-1.19.2-2.1.2.23.jar
[04Apr2026 15:23:56.952] [main/DEBUG] [net.minecraftforge.fml.loading.moddiscovery.ModFileInfo/LOADING]: Found valid mod file carryon-forge-1.19.2-2.1.2.23.jar with {carryon} mods - versions {2.1.2.23}
[04Apr2026 15:23:56.953] [main/DEBUG] [net.minecraftforge.fml.loading.moddiscovery.ModFileParser/LOADING]: Considering mod file candidate /home/sylein/cisco-server/mods/celestisynth-1.19.2-1.1.5.jar
[04Apr2026 15:23:56.955] [main/DEBUG] [net.minecraftforge.fml.loading.moddiscovery.ModFileInfo/LOADING]: Found valid mod file celestisynth-1.19.2-1.1.5.jar with {celestisynth} mods - versions {1.19.2-1.1.5}
[04Apr2026 15:23:56.956] [main/DEBUG] [net.minecraftforge.fml.loading.moddiscovery.ModFileParser/LOADING]: Considering mod file candidate /home/sylein/cisco-server/mods/chunksending-1.19.2-2.8.jar
[04Apr2026 15:23:56.957] [main/DEBUG] [net.minecraftforge.fml.loading.moddiscovery.ModFileInfo/LOADING]: Found valid mod file chunksending-1.19.2-2.8.jar with {chunksending} mods - versions {1.19.2-2.8}
[04Apr2026 15:23:56.959] [main/DEBUG] [net.minecraftforge.fml.loading.moddiscovery.ModFileParser/LOADING]: Considering mod file candidate /home/sylein/cisco-server/mods/cisco_mod_9.5.jar
[04Apr2026 15:23:56.960] [main/DEBUG] [net.minecraftforge.fml.loading.moddiscovery.ModFileInfo/LOADING]: Found valid mod file cisco_mod_9.5.jar with {cisco_mod} mods - versions {5.7}
[04Apr2026 15:23:56.963] [main/DEBUG] [net.minecraftforge.fml.loading.moddiscovery.ModFileParser/LOADING]: Considering mod file candidate /home/sylein/cisco-server/mods/citadel-2.1.4-1.19.jar
[04Apr2026 15:23:56.964] [main/DEBUG] [net.minecraftforge.fml.loading.moddiscovery.ModFileInfo/LOADING]: Found valid mod file citadel-2.1.4-1.19.jar with {citadel} mods - versions {2.1.4}
[04Apr2026 15:23:56.966] [main/DEBUG] [net.minecraftforge.fml.loading.moddiscovery.ModFileParser/LOADING]: Considering mod file candidate /home/sylein/cisco-server/mods/clayworks-1.19.2-2.1.0.jar
[04Apr2026 15:23:56.968] [main/DEBUG] [net.minecraftforge.fml.loading.moddiscovery.ModFileInfo/LOADING]: Found valid mod file clayworks-1.19.2-2.1.0.jar with {clayworks} mods - versions {2.1.0}
[04Apr2026 15:23:56.970] [main/DEBUG] [net.minecraftforge.fml.loading.moddiscovery.ModFileParser/LOADING]: Considering mod file candidate /home/sylein/cisco-server/mods/cloth-config-8.3.134-forge.jar
[04Apr2026 15:23:56.971] [main/DEBUG] [net.minecraftforge.fml.loading.moddiscovery.ModFileInfo/LOADING]: Found valid mod file cloth-config-8.3.134-forge.jar with {cloth_config} mods - versions {8.3.134}
[04Apr2026 15:23:56.972] [main/DEBUG] [net.minecraftforge.fml.loading.moddiscovery.ModFileParser/LOADING]: Considering mod file candidate /home/sylein/cisco-server/mods/Clumps-forge-1.19.2-9.0.0+14.jar
[04Apr2026 15:23:56.973] [main/DEBUG] [net.minecraftforge.fml.loading.moddiscovery.ModFileInfo/LOADING]: Found valid mod file Clumps-forge-1.19.2-9.0.0+14.jar with {clumps} mods - versions {9.0.0+14}
[04Apr2026 15:23:56.974] [main/DEBUG] [net.minecraftforge.fml.loading.moddiscovery.ModFileParser/LOADING]: Considering mod file candidate /home/sylein/cisco-server/mods/collection-of-singiro-1.19.x-1.1.4.jar
[04Apr2026 15:23:56.975] [main/DEBUG] [net.minecraftforge.fml.loading.moddiscovery.ModFileInfo/LOADING]: Found valid mod file collection-of-singiro-1.19.x-1.1.4.jar with {collectionofsingiro} mods - versions {1.0}
[04Apr2026 15:23:56.976] [main/DEBUG] [net.minecraftforge.fml.loading.moddiscovery.ModFileParser/LOADING]: Considering mod file candidate /home/sylein/cisco-server/mods/combatroll-forge-1.1.5+1.19.jar
[04Apr2026 15:23:56.977] [main/DEBUG] [net.minecraftforge.fml.loading.moddiscovery.ModFileInfo/LOADING]: Found valid mod file combatroll-forge-1.1.5+1.19.jar with {combatroll} mods - versions {1.1.5+1.19}
[04Apr2026 15:23:56.978] [main/DEBUG] [net.minecraftforge.fml.loading.moddiscovery.ModFileParser/LOADING]: Considering mod file candidate /home/sylein/cisco-server/mods/comforts-forge-6.0.7+1.19.2.jar
[04Apr2026 15:23:56.979] [main/DEBUG] [net.minecraftforge.fml.loading.moddiscovery.ModFileInfo/LOADING]: Found valid mod file comforts-forge-6.0.7+1.19.2.jar with {comforts} mods - versions {6.0.7+1.19.2}
[04Apr2026 15:23:56.980] [main/DEBUG] [net.minecraftforge.fml.loading.moddiscovery.ModFileParser/LOADING]: Considering mod file candidate /home/sylein/cisco-server/mods/connectivity-1.19.2-4.6.jar
[04Apr2026 15:23:56.982] [main/DEBUG] [net.minecraftforge.fml.loading.moddiscovery.ModFileInfo/LOADING]: Found valid mod file connectivity-1.19.2-4.6.jar with {connectivity} mods - versions {1.19.2-4.6}
[04Apr2026 15:23:56.983] [main/DEBUG] [net.minecraftforge.fml.loading.moddiscovery.ModFileParser/LOADING]: Considering mod file candidate /home/sylein/cisco-server/mods/constructionwand-1.19.2-2.10.jar
[04Apr2026 15:23:56.984] [main/DEBUG] [net.minecraftforge.fml.loading.moddiscovery.ModFileInfo/LOADING]: Found valid mod file constructionwand-1.19.2-2.10.jar with {constructionwand} mods - versions {1.19.2-2.10}
[04Apr2026 15:23:56.985] [main/DEBUG] [net.minecraftforge.fml.loading.moddiscovery.ModFileParser/LOADING]: Considering mod file candidate /home/sylein/cisco-server/mods/Controlling-forge-1.19.2-10.0+7.jar
[04Apr2026 15:23:56.985] [main/DEBUG] [net.minecraftforge.fml.loading.moddiscovery.ModFileInfo/LOADING]: Found valid mod file Controlling-forge-1.19.2-10.0+7.jar with {controlling} mods - versions {10.0+7}
[04Apr2026 15:23:56.986] [main/DEBUG] [net.minecraftforge.fml.loading.moddiscovery.ModFileParser/LOADING]: Considering mod file candidate /home/sylein/cisco-server/mods/CorgiLib-forge-1.19.2-1.0.0.34.jar
[04Apr2026 15:23:56.987] [main/DEBUG] [net.minecraftforge.fml.loading.moddiscovery.ModFileInfo/LOADING]: Found valid mod file CorgiLib-forge-1.19.2-1.0.0.34.jar with {corgilib} mods - versions {1.0.0.34}
[04Apr2026 15:23:56.988] [main/DEBUG] [net.minecraftforge.fml.loading.moddiscovery.ModFileParser/LOADING]: Considering mod file candidate /home/sylein/cisco-server/mods/corpse-forge-1.19.2-1.0.17.jar
[04Apr2026 15:23:56.988] [main/DEBUG] [net.minecraftforge.fml.loading.moddiscovery.ModFileInfo/LOADING]: Found valid mod file corpse-forge-1.19.2-1.0.17.jar with {corpse} mods - versions {1.19.2-1.0.17}
[04Apr2026 15:23:56.989] [main/DEBUG] [net.minecraftforge.fml.loading.moddiscovery.ModFileParser/LOADING]: Considering mod file candidate /home/sylein/cisco-server/mods/corpsecurioscompat-1.18.x-1.20.x-Forge-2.2.2.jar
[04Apr2026 15:23:56.990] [main/DEBUG] [net.minecraftforge.fml.loading.moddiscovery.ModFileInfo/LOADING]: Found valid mod file corpsecurioscompat-1.18.x-1.20.x-Forge-2.2.2.jar with {corpsecurioscompat} mods - versions {2.2.2}
[04Apr2026 15:23:56.993] [main/DEBUG] [net.minecraftforge.fml.loading.moddiscovery.ModFileParser/LOADING]: Considering mod file candidate /home/sylein/cisco-server/mods/CraftTweaker-forge-1.19.2-10.1.56.jar
[04Apr2026 15:23:56.994] [main/DEBUG] [net.minecraftforge.fml.loading.moddiscovery.ModFileInfo/LOADING]: Found valid mod file CraftTweaker-forge-1.19.2-10.1.56.jar with {crafttweaker} mods - versions {10.1.56}
[04Apr2026 15:23:56.996] [main/DEBUG] [net.minecraftforge.fml.loading.moddiscovery.ModFileParser/LOADING]: Considering mod file candidate /home/sylein/cisco-server/mods/CraterLib-Forge-1.19.2-2.1.5.jar
[04Apr2026 15:23:56.997] [main/DEBUG] [net.minecraftforge.fml.loading.moddiscovery.ModFileInfo/LOADING]: Found valid mod file CraterLib-Forge-1.19.2-2.1.5.jar with {craterlib} mods - versions {2.1.5}
[04Apr2026 15:23:56.999] [main/DEBUG] [net.minecraftforge.fml.loading.moddiscovery.ModFileParser/LOADING]: Considering mod file candidate /home/sylein/cisco-server/mods/ctov-3.2.6c.jar
[04Apr2026 15:23:57.000] [main/DEBUG] [net.minecraftforge.fml.loading.moddiscovery.ModFileInfo/LOADING]: Found valid mod file ctov-3.2.6c.jar with {ctov} mods - versions {3.2.6c}
[04Apr2026 15:23:57.001] [main/DEBUG] [net.minecraftforge.fml.loading.moddiscovery.ModFileParser/LOADING]: Considering mod file candidate /home/sylein/cisco-server/mods/CullLessLeaves-Reforged-1.0.5.jar
[04Apr2026 15:23:57.003] [main/DEBUG] [net.minecraftforge.fml.loading.moddiscovery.ModFileInfo/LOADING]: Found valid mod file CullLessLeaves-Reforged-1.0.5.jar with {culllessleaves} mods - versions {1.0.5}
[04Apr2026 15:23:57.003] [main/DEBUG] [net.minecraftforge.fml.loading.moddiscovery.ModFileParser/LOADING]: Considering mod file candidate /home/sylein/cisco-server/mods/cupboard-1.19.2-2.6.jar
[04Apr2026 15:23:57.005] [main/DEBUG] [net.minecraftforge.fml.loading.moddiscovery.ModFileInfo/LOADING]: Found valid mod file cupboard-1.19.2-2.6.jar with {cupboard} mods - versions {1.19.2-2.6}
[04Apr2026 15:23:57.006] [main/DEBUG] [net.minecraftforge.fml.loading.moddiscovery.ModFileParser/LOADING]: Considering mod file candidate /home/sylein/cisco-server/mods/curios-forge-1.19.2-5.1.6.4.jar
[04Apr2026 15:23:57.008] [main/DEBUG] [net.minecraftforge.fml.loading.moddiscovery.ModFileInfo/LOADING]: Found valid mod file curios-forge-1.19.2-5.1.6.4.jar with {curios} mods - versions {1.19.2-5.1.6.4}
[04Apr2026 15:23:57.011] [main/DEBUG] [net.minecraftforge.fml.loading.moddiscovery.ModFileParser/LOADING]: Considering mod file candidate /home/sylein/cisco-server/mods/DarkerDepths-1.19.2-1.0.0.jar
[04Apr2026 15:23:57.011] [main/DEBUG] [net.minecraftforge.fml.loading.moddiscovery.ModFileInfo/LOADING]: Found valid mod file DarkerDepths-1.19.2-1.0.0.jar with {darkerdepths} mods - versions {1.19-1.0.7}
[04Apr2026 15:23:57.013] [main/DEBUG] [net.minecraftforge.fml.loading.moddiscovery.ModFileParser/LOADING]: Considering mod file candidate /home/sylein/cisco-server/mods/Decorative Blocks-forge-1.19.2-3.0.0.jar
[04Apr2026 15:23:57.014] [main/DEBUG] [net.minecraftforge.fml.loading.moddiscovery.ModFileInfo/LOADING]: Found valid mod file Decorative Blocks-forge-1.19.2-3.0.0.jar with {decorative_blocks} mods - versions {3.0.0}
[04Apr2026 15:23:57.018] [main/DEBUG] [net.minecraftforge.fml.loading.moddiscovery.ModFileParser/LOADING]: Considering mod file candidate /home/sylein/cisco-server/mods/deep_aether-1.19.2-1.0.4.jar
[04Apr2026 15:23:57.020] [main/DEBUG] [net.minecraftforge.fml.loading.moddiscovery.ModFileInfo/LOADING]: Found valid mod file deep_aether-1.19.2-1.0.4.jar with {deep_aether} mods - versions {1.19.2-1.0.4}
[04Apr2026 15:23:57.022] [main/DEBUG] [net.minecraftforge.fml.loading.moddiscovery.ModFileParser/LOADING]: Considering mod file candidate /home/sylein/cisco-server/mods/deeperdarker-forge-1.19.2-1.2.2.jar
[04Apr2026 15:23:57.023] [main/DEBUG] [net.minecraftforge.fml.loading.moddiscovery.ModFileInfo/LOADING]: Found valid mod file deeperdarker-forge-1.19.2-1.2.2.jar with {deeperdarker} mods - versions {1.2.2}
[04Apr2026 15:23:57.024] [main/DEBUG] [net.minecraftforge.fml.loading.moddiscovery.ModFileParser/LOADING]: Considering mod file candidate /home/sylein/cisco-server/mods/defaultoptions-forge-1.19-15.0.2.jar
[04Apr2026 15:23:57.025] [main/DEBUG] [net.minecraftforge.fml.loading.moddiscovery.ModFileInfo/LOADING]: Found valid mod file defaultoptions-forge-1.19-15.0.2.jar with {defaultoptions} mods - versions {15.0.2}
[04Apr2026 15:23:57.027] [main/DEBUG] [net.minecraftforge.fml.loading.moddiscovery.ModFileParser/LOADING]: Considering mod file candidate /home/sylein/cisco-server/mods/Delightful-1.19.2-3.4.1.jar
[04Apr2026 15:23:57.028] [main/DEBUG] [net.minecraftforge.fml.loading.moddiscovery.ModFileInfo/LOADING]: Found valid mod file Delightful-1.19.2-3.4.1.jar with {delightful} mods - versions {3.4.1}
[04Apr2026 15:23:57.029] [main/DEBUG] [net.minecraftforge.fml.loading.moddiscovery.ModFileParser/LOADING]: Considering mod file candidate /home/sylein/cisco-server/mods/doapi-1.1.0b.jar
[04Apr2026 15:23:57.030] [main/DEBUG] [net.minecraftforge.fml.loading.moddiscovery.ModFileInfo/LOADING]: Found valid mod file doapi-1.1.0b.jar with {doapi,terraform} mods - versions {1.1.0b,4.2.0}
[04Apr2026 15:23:57.031] [main/DEBUG] [net.minecraftforge.fml.loading.moddiscovery.ModFileParser/LOADING]: Considering mod file candidate /home/sylein/cisco-server/mods/doespotatotick-1.19.2-4.0.2.jar
[04Apr2026 15:23:57.032] [main/DEBUG] [net.minecraftforge.fml.loading.moddiscovery.ModFileInfo/LOADING]: Found valid mod file doespotatotick-1.19.2-4.0.2.jar with {doespotatotick} mods - versions {1.19.2-4.0.2}
[04Apr2026 15:23:57.033] [main/DEBUG] [net.minecraftforge.fml.loading.moddiscovery.ModFileParser/LOADING]: Considering mod file candidate /home/sylein/cisco-server/mods/doespotatotick-1.19.2-5.3.4.jar
[04Apr2026 15:23:57.033] [main/DEBUG] [net.minecraftforge.fml.loading.moddiscovery.ModFileInfo/LOADING]: Found valid mod file doespotatotick-1.19.2-5.3.4.jar with {doespotatotick} mods - versions {1.19.2-5.3.4}
[04Apr2026 15:23:57.035] [main/DEBUG] [net.minecraftforge.fml.loading.moddiscovery.ModFileParser/LOADING]: Considering mod file candidate /home/sylein/cisco-server/mods/domum_ornamentum-1.19-1.0.146-BETA-universal.jar
[04Apr2026 15:23:57.036] [main/DEBUG] [net.minecraftforge.fml.loading.moddiscovery.ModFileInfo/LOADING]: Found valid mod file domum_ornamentum-1.19-1.0.146-BETA-universal.jar with {domum_ornamentum} mods - versions {1.19-1.0.146-BETA}
[04Apr2026 15:23:57.036] [main/DEBUG] [net.minecraftforge.fml.loading.moddiscovery.ModFileParser/LOADING]: Considering mod file candidate /home/sylein/cisco-server/mods/dragon_enchants-1.0.4-1.19.2.jar
[04Apr2026 15:23:57.038] [main/DEBUG] [net.minecraftforge.fml.loading.moddiscovery.ModFileInfo/LOADING]: Found valid mod file dragon_enchants-1.0.4-1.19.2.jar with {dragonenchants} mods - versions {1.0.4}
[04Apr2026 15:23:57.039] [main/DEBUG] [net.minecraftforge.fml.loading.moddiscovery.ModFileParser/LOADING]: Considering mod file candidate /home/sylein/cisco-server/mods/dragonmounts-1.19.2-1.2.3-beta.jar
[04Apr2026 15:23:57.039] [main/DEBUG] [net.minecraftforge.fml.loading.moddiscovery.ModFileInfo/LOADING]: Found valid mod file dragonmounts-1.19.2-1.2.3-beta.jar with {dragonmounts} mods - versions {1.2.3-beta}
[04Apr2026 15:23:57.078] [main/DEBUG] [net.minecraftforge.fml.loading.moddiscovery.ModFileParser/LOADING]: Considering mod file candidate /home/sylein/cisco-server/mods/DramaticDoors-QuiFabrge-1.19.2-3.2.7.jar
[04Apr2026 15:23:57.080] [main/DEBUG] [net.minecraftforge.fml.loading.moddiscovery.ModFileInfo/LOADING]: Found valid mod file DramaticDoors-QuiFabrge-1.19.2-3.2.7.jar with {dramaticdoors} mods - versions {1.19.2-3.2.7}
[04Apr2026 15:23:57.081] [main/DEBUG] [net.minecraftforge.fml.loading.moddiscovery.ModFileParser/LOADING]: Considering mod file candidate /home/sylein/cisco-server/mods/dreadsteel-1.19.2-1.1.6.jar
[04Apr2026 15:23:57.083] [main/DEBUG] [net.minecraftforge.fml.loading.moddiscovery.ModFileInfo/LOADING]: Found valid mod file dreadsteel-1.19.2-1.1.6.jar with {dreadsteel} mods - versions {1.19.2-1.1.6}
[04Apr2026 15:23:57.083] [main/DEBUG] [net.minecraftforge.fml.loading.moddiscovery.ModFileParser/LOADING]: Considering mod file candidate /home/sylein/cisco-server/mods/dummmmmmy-1.19.2-1.7.1.jar
[04Apr2026 15:23:57.085] [main/DEBUG] [net.minecraftforge.fml.loading.moddiscovery.ModFileInfo/LOADING]: Found valid mod file dummmmmmy-1.19.2-1.7.1.jar with {dummmmmmy} mods - versions {1.19.2-1.7.1}
[04Apr2026 15:23:57.086] [main/DEBUG] [net.minecraftforge.fml.loading.moddiscovery.ModFileParser/LOADING]: Considering mod file candidate /home/sylein/cisco-server/mods/DungeonCrawl-1.19-2.3.12.jar
[04Apr2026 15:23:57.086] [main/DEBUG] [net.minecraftforge.fml.loading.moddiscovery.ModFileInfo/LOADING]: Found valid mod file DungeonCrawl-1.19-2.3.12.jar with {dungeoncrawl} mods - versions {2.3.12}
[04Apr2026 15:23:57.088] [main/DEBUG] [net.minecraftforge.fml.loading.moddiscovery.ModFileParser/LOADING]: Considering mod file candidate /home/sylein/cisco-server/mods/dungeons-and-taverns-2.0.2 forge.jar
[04Apr2026 15:23:57.090] [main/DEBUG] [net.minecraftforge.fml.loading.moddiscovery.ModFileInfo/LOADING]: Found valid mod file dungeons-and-taverns-2.0.2 forge.jar with {dungeons_andtaverns_mr} mods - versions {2.0.2}
[04Apr2026 15:23:57.091] [main/DEBUG] [net.minecraftforge.fml.loading.moddiscovery.ModFileParser/LOADING]: Considering mod file candidate /home/sylein/cisco-server/mods/dungeons_enhanced-1.19.2-4.1.jar
[04Apr2026 15:23:57.093] [main/DEBUG] [net.minecraftforge.fml.loading.moddiscovery.ModFileInfo/LOADING]: Found valid mod file dungeons_enhanced-1.19.2-4.1.jar with {dungeons_enhanced} mods - versions {4.1}
[04Apr2026 15:23:57.094] [main/DEBUG] [net.minecraftforge.fml.loading.moddiscovery.ModFileParser/LOADING]: Considering mod file candidate /home/sylein/cisco-server/mods/dungeons_plus-1.19.2-1.3.1.jar
[04Apr2026 15:23:57.095] [main/DEBUG] [net.minecraftforge.fml.loading.moddiscovery.ModFileInfo/LOADING]: Found valid mod file dungeons_plus-1.19.2-1.3.1.jar with {dungeons_plus} mods - versions {1.3.1}
[04Apr2026 15:23:57.096] [main/DEBUG] [net.minecraftforge.fml.loading.moddiscovery.ModFileParser/LOADING]: Considering mod file candidate /home/sylein/cisco-server/mods/DungeonsArise-1.19.2-2.1.54-release.jar
[04Apr2026 15:23:57.098] [main/DEBUG] [net.minecraftforge.fml.loading.moddiscovery.ModFileInfo/LOADING]: Found valid mod file DungeonsArise-1.19.2-2.1.54-release.jar with {dungeons_arise} mods - versions {2.1.54-1.19.2}
[04Apr2026 15:23:57.098] [main/DEBUG] [net.minecraftforge.fml.loading.moddiscovery.ModFileParser/LOADING]: Considering mod file candidate /home/sylein/cisco-server/mods/DungeonsAriseSevenSeas-1.19.2-1.0.2-forge.jar
[04Apr2026 15:23:57.099] [main/DEBUG] [net.minecraftforge.fml.loading.moddiscovery.ModFileInfo/LOADING]: Found valid mod file DungeonsAriseSevenSeas-1.19.2-1.0.2-forge.jar with {dungeons_arise_seven_seas} mods - versions {1.0.2}
[04Apr2026 15:23:57.100] [main/DEBUG] [net.minecraftforge.fml.loading.moddiscovery.ModFileParser/LOADING]: Considering mod file candidate /home/sylein/cisco-server/mods/easy-villagers-forge-1.19.2-1.1.23.jar
[04Apr2026 15:23:57.101] [main/DEBUG] [net.minecraftforge.fml.loading.moddiscovery.ModFileInfo/LOADING]: Found valid mod file easy-villagers-forge-1.19.2-1.1.23.jar with {easy_villagers} mods - versions {1.19.2-1.1.23}
[04Apr2026 15:23:57.102] [main/DEBUG] [net.minecraftforge.fml.loading.moddiscovery.ModFileParser/LOADING]: Considering mod file candidate /home/sylein/cisco-server/mods/eccentrictome-1.19.2-1.10.2.jar
[04Apr2026 15:23:57.103] [main/DEBUG] [net.minecraftforge.fml.loading.moddiscovery.ModFileInfo/LOADING]: Found valid mod file eccentrictome-1.19.2-1.10.2.jar with {eccentrictome} mods - versions {1.19.2-1.10.2}
[04Apr2026 15:23:57.105] [main/DEBUG] [net.minecraftforge.fml.loading.moddiscovery.ModFileParser/LOADING]: Considering mod file candidate /home/sylein/cisco-server/mods/ecologics-forge-1.19.2-2.1.11.jar
[04Apr2026 15:23:57.105] [main/DEBUG] [net.minecraftforge.fml.loading.moddiscovery.ModFileInfo/LOADING]: Found valid mod file ecologics-forge-1.19.2-2.1.11.jar with {ecologics} mods - versions {2.1.11}
[04Apr2026 15:23:57.106] [main/DEBUG] [net.minecraftforge.fml.loading.moddiscovery.ModFileParser/LOADING]: Considering mod file candidate /home/sylein/cisco-server/mods/elytraslot-forge-6.1.2+1.19.2.jar
[04Apr2026 15:23:57.107] [main/DEBUG] [net.minecraftforge.fml.loading.moddiscovery.ModFileInfo/LOADING]: Found valid mod file elytraslot-forge-6.1.2+1.19.2.jar with {elytraslot} mods - versions {6.1.2+1.19.2}
[04Apr2026 15:23:57.111] [main/DEBUG] [net.minecraftforge.fml.loading.moddiscovery.ModFileParser/LOADING]: Considering mod file candidate /home/sylein/cisco-server/mods/EnchantmentDescriptions-Forge-1.19.2-13.0.14.jar
[04Apr2026 15:23:57.112] [main/DEBUG] [net.minecraftforge.fml.loading.moddiscovery.ModFileInfo/LOADING]: Found valid mod file EnchantmentDescriptions-Forge-1.19.2-13.0.14.jar with {enchdesc} mods - versions {13.0.14}
[04Apr2026 15:23:57.113] [main/DEBUG] [net.minecraftforge.fml.loading.moddiscovery.ModFileParser/LOADING]: Considering mod file candidate /home/sylein/cisco-server/mods/End's Phantasm - BETAv1.2.10.5 - 1.19.2.jar
[04Apr2026 15:23:57.114] [main/DEBUG] [net.minecraftforge.fml.loading.moddiscovery.ModFileInfo/LOADING]: Found valid mod file End's Phantasm - BETAv1.2.10.5 - 1.19.2.jar with {phantasm} mods - versions {1.2.10.5}
[04Apr2026 15:23:57.116] [main/DEBUG] [net.minecraftforge.fml.loading.moddiscovery.ModFileParser/LOADING]: Considering mod file candidate /home/sylein/cisco-server/mods/EndlessBiomes 1.4s - 1.19.2 (Server-friendly).jar
[04Apr2026 15:23:57.117] [main/DEBUG] [net.minecraftforge.fml.loading.moddiscovery.ModFileInfo/LOADING]: Found valid mod file EndlessBiomes 1.4s - 1.19.2 (Server-friendly).jar with {endlessbiomes} mods - versions {1.0.0}
[04Apr2026 15:23:57.117] [main/DEBUG] [net.minecraftforge.fml.loading.moddiscovery.ModFileParser/LOADING]: Considering mod file candidate /home/sylein/cisco-server/mods/endrem_forge-5.2.1-R-1.19.X.jar
[04Apr2026 15:23:57.119] [main/DEBUG] [net.minecraftforge.fml.loading.moddiscovery.ModFileInfo/LOADING]: Found valid mod file endrem_forge-5.2.1-R-1.19.X.jar with {endrem} mods - versions {5.2.1-R-1.19.2}
[04Apr2026 15:23:57.120] [main/DEBUG] [net.minecraftforge.fml.loading.moddiscovery.ModFileParser/LOADING]: Considering mod file candidate /home/sylein/cisco-server/mods/enemyexpansion-2.4.0-forge-1.19.2.jar
[04Apr2026 15:23:57.121] [main/DEBUG] [net.minecraftforge.fml.loading.moddiscovery.ModFileInfo/LOADING]: Found valid mod file enemyexpansion-2.4.0-forge-1.19.2.jar with {enemyexpansion} mods - versions {2.4.0}
[04Apr2026 15:23:57.122] [main/DEBUG] [net.minecraftforge.fml.loading.moddiscovery.ModFileParser/LOADING]: Considering mod file candidate /home/sylein/cisco-server/mods/enigmaticaddons-1.19.2-1.2.2.jar
[04Apr2026 15:23:57.123] [main/DEBUG] [net.minecraftforge.fml.loading.moddiscovery.ModFileInfo/LOADING]: Found valid mod file enigmaticaddons-1.19.2-1.2.2.jar with {enigmaticaddons} mods - versions {1.19.2-1.2.2}
[04Apr2026 15:23:57.125] [main/DEBUG] [net.minecraftforge.fml.loading.moddiscovery.ModFileParser/LOADING]: Considering mod file candidate /home/sylein/cisco-server/mods/EnigmaticLegacy-2.26.5.jar
[04Apr2026 15:23:57.126] [main/DEBUG] [net.minecraftforge.fml.loading.moddiscovery.ModFileInfo/LOADING]: Found valid mod file EnigmaticLegacy-2.26.5.jar with {enigmaticlegacy} mods - versions {2.26.5}
[04Apr2026 15:23:57.127] [main/DEBUG] [net.minecraftforge.fml.loading.moddiscovery.ModFileParser/LOADING]: Considering mod file candidate /home/sylein/cisco-server/mods/Entity_Collision_FPS_Fix-forge-1.19-2.0.0.0.jar
[04Apr2026 15:23:57.128] [main/DEBUG] [net.minecraftforge.fml.loading.moddiscovery.ModFileInfo/LOADING]: Found valid mod file Entity_Collision_FPS_Fix-forge-1.19-2.0.0.0.jar with {entitycollisionfpsfix} mods - versions {2.0.0.0}
[04Apr2026 15:23:57.129] [main/DEBUG] [net.minecraftforge.fml.loading.moddiscovery.ModFileParser/LOADING]: Considering mod file candidate /home/sylein/cisco-server/mods/entityculling-forge-1.6.1-mc1.19.2.jar
[04Apr2026 15:23:57.129] [main/DEBUG] [net.minecraftforge.fml.loading.moddiscovery.ModFileInfo/LOADING]: Found valid mod file entityculling-forge-1.6.1-mc1.19.2.jar with {entityculling} mods - versions {1.6.1}
[04Apr2026 15:23:57.130] [main/DEBUG] [net.minecraftforge.fml.loading.moddiscovery.ModFileParser/LOADING]: Considering mod file candidate /home/sylein/cisco-server/mods/ExplorersCompass-1.19.2-1.3.0-forge.jar
[04Apr2026 15:23:57.131] [main/DEBUG] [net.minecraftforge.fml.loading.moddiscovery.ModFileInfo/LOADING]: Found valid mod file ExplorersCompass-1.19.2-1.3.0-forge.jar with {explorerscompass} mods - versions {1.19.2-1.3.0-forge}
[04Apr2026 15:23:57.132] [main/DEBUG] [net.minecraftforge.fml.loading.moddiscovery.ModFileParser/LOADING]: Considering mod file candidate /home/sylein/cisco-server/mods/Explorify v1.6.2 f10-48.jar
[04Apr2026 15:23:57.133] [main/DEBUG] [net.minecraftforge.fml.loading.moddiscovery.ModFileInfo/LOADING]: Found valid mod file Explorify v1.6.2 f10-48.jar with {explorify} mods - versions {1.6.2}
[04Apr2026 15:23:57.161] [main/DEBUG] [net.minecraftforge.fml.loading.moddiscovery.ModFileParser/LOADING]: Considering mod file candidate /home/sylein/cisco-server/mods/Explorify v1.6.3 f10-88.mod.jar
[04Apr2026 15:23:57.162] [main/DEBUG] [net.minecraftforge.fml.loading.moddiscovery.ModFileInfo/LOADING]: Found valid mod file Explorify v1.6.3 f10-88.mod.jar with {explorify} mods - versions {1.6.3}
[04Apr2026 15:23:57.164] [main/DEBUG] [net.minecraftforge.fml.loading.moddiscovery.ModFileParser/LOADING]: Considering mod file candidate /home/sylein/cisco-server/mods/fantasyfurniture-1.19.2-6.7.0.jar
[04Apr2026 15:23:57.166] [main/DEBUG] [net.minecraftforge.fml.loading.moddiscovery.ModFileInfo/LOADING]: Found valid mod file fantasyfurniture-1.19.2-6.7.0.jar with {fantasyfurniture} mods - versions {6.7.0}
[04Apr2026 15:23:57.167] [main/DEBUG] [net.minecraftforge.fml.loading.moddiscovery.ModFileParser/LOADING]: Considering mod file candidate /home/sylein/cisco-server/mods/FarmersDelight-1.19.2-1.2.4.jar
[04Apr2026 15:23:57.168] [main/DEBUG] [net.minecraftforge.fml.loading.moddiscovery.ModFileInfo/LOADING]: Found valid mod file FarmersDelight-1.19.2-1.2.4.jar with {farmersdelight} mods - versions {1.19.2-1.2.4}
[04Apr2026 15:23:57.169] [main/DEBUG] [net.minecraftforge.fml.loading.moddiscovery.ModFileParser/LOADING]: Considering mod file candidate /home/sylein/cisco-server/mods/FarmersRespite-1.19-2.0.jar
[04Apr2026 15:23:57.170] [main/DEBUG] [net.minecraftforge.fml.loading.moddiscovery.ModFileInfo/LOADING]: Found valid mod file FarmersRespite-1.19-2.0.jar with {farmersrespite} mods - versions {1.19-2.0}
[04Apr2026 15:23:57.171] [main/DEBUG] [net.minecraftforge.fml.loading.moddiscovery.ModFileParser/LOADING]: Considering mod file candidate /home/sylein/cisco-server/mods/fastasyncworldsave-1.19.2-2.0.jar
[04Apr2026 15:23:57.172] [main/DEBUG] [net.minecraftforge.fml.loading.moddiscovery.ModFileInfo/LOADING]: Found valid mod file fastasyncworldsave-1.19.2-2.0.jar with {fastasyncworldsave} mods - versions {1.19.2-2.0}
[04Apr2026 15:23:57.172] [main/DEBUG] [net.minecraftforge.fml.loading.moddiscovery.ModFileParser/LOADING]: Considering mod file candidate /home/sylein/cisco-server/mods/fastpaintings-1.19-1.1.3.jar
[04Apr2026 15:23:57.173] [main/DEBUG] [net.minecraftforge.fml.loading.moddiscovery.ModFileInfo/LOADING]: Found valid mod file fastpaintings-1.19-1.1.3.jar with {fastpaintings} mods - versions {1.19-1.1.3}
[04Apr2026 15:23:57.176] [main/DEBUG] [net.minecraftforge.fml.loading.moddiscovery.ModFileParser/LOADING]: Considering mod file candidate /home/sylein/cisco-server/mods/ferritecore-5.0.3-forge.jar
[04Apr2026 15:23:57.177] [main/DEBUG] [net.minecraftforge.fml.loading.moddiscovery.ModFileInfo/LOADING]: Found valid mod file ferritecore-5.0.3-forge.jar with {ferritecore} mods - versions {5.0.3}
[04Apr2026 15:23:57.180] [main/DEBUG] [net.minecraftforge.fml.loading.moddiscovery.ModFileParser/LOADING]: Considering mod file candidate /home/sylein/cisco-server/mods/forbidden_arcanus-1.19.2-2.1.5.jar
[04Apr2026 15:23:57.181] [main/DEBUG] [net.minecraftforge.fml.loading.moddiscovery.ModFileInfo/LOADING]: Found valid mod file forbidden_arcanus-1.19.2-2.1.5.jar with {forbidden_arcanus} mods - versions {1.19.2-2.1.5}
[04Apr2026 15:23:57.182] [main/DEBUG] [net.minecraftforge.fml.loading.moddiscovery.ModFileParser/LOADING]: Considering mod file candidate /home/sylein/cisco-server/mods/ftb-chunks-forge-1902.4.7-build.420.jar
[04Apr2026 15:23:57.183] [main/DEBUG] [net.minecraftforge.fml.loading.moddiscovery.ModFileInfo/LOADING]: Found valid mod file ftb-chunks-forge-1902.4.7-build.420.jar with {ftbchunks} mods - versions {1902.4.7-build.420}
[04Apr2026 15:23:57.184] [main/DEBUG] [net.minecraftforge.fml.loading.moddiscovery.ModFileParser/LOADING]: Considering mod file candidate /home/sylein/cisco-server/mods/ftb-library-forge-1902.4.1-build.236.jar
[04Apr2026 15:23:57.185] [main/DEBUG] [net.minecraftforge.fml.loading.moddiscovery.ModFileInfo/LOADING]: Found valid mod file ftb-library-forge-1902.4.1-build.236.jar with {ftblibrary} mods - versions {1902.4.1-build.236}
[04Apr2026 15:23:57.187] [main/DEBUG] [net.minecraftforge.fml.loading.moddiscovery.ModFileParser/LOADING]: Considering mod file candidate /home/sylein/cisco-server/mods/ftb-quests-forge-1902.5.10-build.497.jar
[04Apr2026 15:23:57.188] [main/DEBUG] [net.minecraftforge.fml.loading.moddiscovery.ModFileInfo/LOADING]: Found valid mod file ftb-quests-forge-1902.5.10-build.497.jar with {ftbquests} mods - versions {1902.5.10-build.497}
[04Apr2026 15:23:57.188] [main/DEBUG] [net.minecraftforge.fml.loading.moddiscovery.ModFileParser/LOADING]: Considering mod file candidate /home/sylein/cisco-server/mods/ftb-teams-forge-1902.2.14-build.123.jar
[04Apr2026 15:23:57.189] [main/DEBUG] [net.minecraftforge.fml.loading.moddiscovery.ModFileInfo/LOADING]: Found valid mod file ftb-teams-forge-1902.2.14-build.123.jar with {ftbteams} mods - versions {1902.2.14-build.123}
[04Apr2026 15:23:57.190] [main/DEBUG] [net.minecraftforge.fml.loading.moddiscovery.ModFileParser/LOADING]: Considering mod file candidate /home/sylein/cisco-server/mods/ftb-ultimine-forge-1902.4.2-build.14.jar
[04Apr2026 15:23:57.191] [main/DEBUG] [net.minecraftforge.fml.loading.moddiscovery.ModFileInfo/LOADING]: Found valid mod file ftb-ultimine-forge-1902.4.2-build.14.jar with {ftbultimine} mods - versions {1902.4.2-build.14}
[04Apr2026 15:23:57.191] [main/DEBUG] [net.minecraftforge.fml.loading.moddiscovery.ModFileParser/LOADING]: Considering mod file candidate /home/sylein/cisco-server/mods/ftb-xmod-compat-forge-1.2.4.jar
[04Apr2026 15:23:57.192] [main/DEBUG] [net.minecraftforge.fml.loading.moddiscovery.ModFileInfo/LOADING]: Found valid mod file ftb-xmod-compat-forge-1.2.4.jar with {ftbxmodcompat} mods - versions {1.2.4}
[04Apr2026 15:23:57.194] [main/DEBUG] [net.minecraftforge.fml.loading.moddiscovery.ModFileParser/LOADING]: Considering mod file candidate /home/sylein/cisco-server/mods/Galosphere-1.19.2-1.3.0-Forge.jar
[04Apr2026 15:23:57.195] [main/DEBUG] [net.minecraftforge.fml.loading.moddiscovery.ModFileInfo/LOADING]: Found valid mod file Galosphere-1.19.2-1.3.0-Forge.jar with {galosphere} mods - versions {1.19.2-1.3.0}
[04Apr2026 15:23:57.199] [main/DEBUG] [net.minecraftforge.fml.loading.moddiscovery.ModFileParser/LOADING]: Considering mod file candidate /home/sylein/cisco-server/mods/GameStages-Forge-1.19.2-11.1.4.jar
[04Apr2026 15:23:57.200] [main/DEBUG] [net.minecraftforge.fml.loading.moddiscovery.ModFileInfo/LOADING]: Found valid mod file GameStages-Forge-1.19.2-11.1.4.jar with {gamestages} mods - versions {11.1.4}
[04Apr2026 15:23:57.201] [main/DEBUG] [net.minecraftforge.fml.loading.moddiscovery.ModFileParser/LOADING]: Considering mod file candidate /home/sylein/cisco-server/mods/GatewaysToEternity-1.19.2-3.2.3.jar
[04Apr2026 15:23:57.201] [main/DEBUG] [net.minecraftforge.fml.loading.moddiscovery.ModFileInfo/LOADING]: Found valid mod file GatewaysToEternity-1.19.2-3.2.3.jar with {gateways} mods - versions {3.2.3}
[04Apr2026 15:23:57.204] [main/DEBUG] [net.minecraftforge.fml.loading.moddiscovery.ModFileParser/LOADING]: Considering mod file candidate /home/sylein/cisco-server/mods/geckolib-forge-1.19-3.1.40.jar
[04Apr2026 15:23:57.205] [main/DEBUG] [net.minecraftforge.fml.loading.moddiscovery.ModFileInfo/LOADING]: Found valid mod file geckolib-forge-1.19-3.1.40.jar with {geckolib3} mods - versions {3.1.40}
[04Apr2026 15:23:57.206] [main/DEBUG] [net.minecraftforge.fml.loading.moddiscovery.ModFileParser/LOADING]: Considering mod file candidate /home/sylein/cisco-server/mods/getittogetherdrops-forge-1.19.2-1.3.jar
[04Apr2026 15:23:57.207] [main/DEBUG] [net.minecraftforge.fml.loading.moddiscovery.ModFileInfo/LOADING]: Found valid mod file getittogetherdrops-forge-1.19.2-1.3.jar with {getittogetherdrops} mods - versions {1.3}
[04Apr2026 15:23:57.208] [main/DEBUG] [net.minecraftforge.fml.loading.moddiscovery.ModFileParser/LOADING]: Considering mod file candidate /home/sylein/cisco-server/mods/goblintraders-1.8.0-1.19.2.jar
[04Apr2026 15:23:57.209] [main/DEBUG] [net.minecraftforge.fml.loading.moddiscovery.ModFileInfo/LOADING]: Found valid mod file goblintraders-1.8.0-1.19.2.jar with {goblintraders} mods - versions {1.8.0}
[04Apr2026 15:23:57.210] [main/DEBUG] [net.minecraftforge.fml.loading.moddiscovery.ModFileParser/LOADING]: Considering mod file candidate /home/sylein/cisco-server/mods/gpumemleakfix-1.19.2-1.6.jar
[04Apr2026 15:23:57.211] [main/DEBUG] [net.minecraftforge.fml.loading.moddiscovery.ModFileInfo/LOADING]: Found valid mod file gpumemleakfix-1.19.2-1.6.jar with {gpumemleakfix} mods - versions {1.19.2-1.6}
[04Apr2026 15:23:57.212] [main/DEBUG] [net.minecraftforge.fml.loading.moddiscovery.ModFileParser/LOADING]: Considering mod file candidate /home/sylein/cisco-server/mods/Highlighter-1.19.1-1.1.4.jar
[04Apr2026 15:23:57.213] [main/DEBUG] [net.minecraftforge.fml.loading.moddiscovery.ModFileInfo/LOADING]: Found valid mod file Highlighter-1.19.1-1.1.4.jar with {highlighter} mods - versions {1.1.4}
[04Apr2026 15:23:57.213] [main/DEBUG] [net.minecraftforge.fml.loading.moddiscovery.ModFileParser/LOADING]: Considering mod file candidate /home/sylein/cisco-server/mods/HopoBetterRuinedPortals-[1.19-1.19.3]-1.3.3b.jar
[04Apr2026 15:23:57.214] [main/DEBUG] [net.minecraftforge.fml.loading.moddiscovery.ModFileInfo/LOADING]: Found valid mod file HopoBetterRuinedPortals-[1.19-1.19.3]-1.3.3b.jar with {hoporp} mods - versions {1.3.3}
[04Apr2026 15:23:57.216] [main/DEBUG] [net.minecraftforge.fml.loading.moddiscovery.ModFileParser/LOADING]: Considering mod file candidate /home/sylein/cisco-server/mods/humancompanions-1.19.2-1.7.4.jar
[04Apr2026 15:23:57.217] [main/DEBUG] [net.minecraftforge.fml.loading.moddiscovery.ModFileInfo/LOADING]: Found valid mod file humancompanions-1.19.2-1.7.4.jar with {humancompanions} mods - versions {1.19.2-1.7.4}
[04Apr2026 15:23:57.218] [main/DEBUG] [net.minecraftforge.fml.loading.moddiscovery.ModFileParser/LOADING]: Considering mod file candidate /home/sylein/cisco-server/mods/Iceberg-1.19.2-forge-1.1.4.jar
[04Apr2026 15:23:57.220] [main/DEBUG] [net.minecraftforge.fml.loading.moddiscovery.ModFileInfo/LOADING]: Found valid mod file Iceberg-1.19.2-forge-1.1.4.jar with {iceberg} mods - versions {1.1.4}
[04Apr2026 15:23:57.221] [main/DEBUG] [net.minecraftforge.fml.loading.moddiscovery.ModFileParser/LOADING]: Considering mod file candidate /home/sylein/cisco-server/mods/ImmediatelyFast-Forge-1.4.0+1.19.2.jar
[04Apr2026 15:23:57.223] [main/DEBUG] [net.minecraftforge.fml.loading.moddiscovery.ModFileInfo/LOADING]: Found valid mod file ImmediatelyFast-Forge-1.4.0+1.19.2.jar with {immediatelyfast} mods - versions {1.4.0+1.19.2}
[04Apr2026 15:23:57.224] [main/DEBUG] [net.minecraftforge.fml.loading.moddiscovery.ModFileParser/LOADING]: Considering mod file candidate /home/sylein/cisco-server/mods/immersive_armors-1.5.6+1.19.2-forge.jar
[04Apr2026 15:23:57.225] [main/DEBUG] [net.minecraftforge.fml.loading.moddiscovery.ModFileInfo/LOADING]: Found valid mod file immersive_armors-1.5.6+1.19.2-forge.jar with {immersive_armors} mods - versions {1.5.6+1.19.2}
[04Apr2026 15:23:57.226] [main/DEBUG] [net.minecraftforge.fml.loading.moddiscovery.ModFileParser/LOADING]: Considering mod file candidate /home/sylein/cisco-server/mods/immersive_paintings-0.6.7+1.19.2-forge.jar
[04Apr2026 15:23:57.227] [main/DEBUG] [net.minecraftforge.fml.loading.moddiscovery.ModFileInfo/LOADING]: Found valid mod file immersive_paintings-0.6.7+1.19.2-forge.jar with {immersive_paintings} mods - versions {0.6.7+1.19.2}
[04Apr2026 15:23:57.231] [main/DEBUG] [net.minecraftforge.fml.loading.moddiscovery.ModFileParser/LOADING]: Considering mod file candidate /home/sylein/cisco-server/mods/Incendium_1.19.3_v5.1.6.jar
[04Apr2026 15:23:57.232] [main/DEBUG] [net.minecraftforge.fml.loading.moddiscovery.ModFileInfo/LOADING]: Found valid mod file Incendium_1.19.3_v5.1.6.jar with {incendium} mods - versions {5.1.6}
[04Apr2026 15:23:57.233] [main/DEBUG] [net.minecraftforge.fml.loading.moddiscovery.ModFileParser/LOADING]: Considering mod file candidate /home/sylein/cisco-server/mods/infernalmobs-1.19.2.4.jar
[04Apr2026 15:23:57.234] [main/DEBUG] [net.minecraftforge.fml.loading.moddiscovery.ModFileInfo/LOADING]: Found valid mod file infernalmobs-1.19.2.4.jar with {infernalmobs} mods - versions {1.19.2.4}
[04Apr2026 15:23:57.234] [main/DEBUG] [net.minecraftforge.fml.loading.moddiscovery.ModFileParser/LOADING]: Considering mod file candidate /home/sylein/cisco-server/mods/InsaneLib-1.7.5-mc1.19.2.jar
[04Apr2026 15:23:57.235] [main/DEBUG] [net.minecraftforge.fml.loading.moddiscovery.ModFileInfo/LOADING]: Found valid mod file InsaneLib-1.7.5-mc1.19.2.jar with {insanelib} mods - versions {1.7.5}
[04Apr2026 15:23:57.236] [main/DEBUG] [net.minecraftforge.fml.loading.moddiscovery.ModFileParser/LOADING]: Considering mod file candidate /home/sylein/cisco-server/mods/ironchest-1.19.2-14.2.7.jar
[04Apr2026 15:23:57.237] [main/DEBUG] [net.minecraftforge.fml.loading.moddiscovery.ModFileInfo/LOADING]: Found valid mod file ironchest-1.19.2-14.2.7.jar with {ironchest} mods - versions {1.19.2-14.2.7}
[04Apr2026 15:23:57.239] [main/DEBUG] [net.minecraftforge.fml.loading.moddiscovery.ModFileParser/LOADING]: Considering mod file candidate /home/sylein/cisco-server/mods/ironfurnaces-1.19.2-3.6.5.jar
[04Apr2026 15:23:57.240] [main/DEBUG] [net.minecraftforge.fml.loading.moddiscovery.ModFileInfo/LOADING]: Found valid mod file ironfurnaces-1.19.2-3.6.5.jar with {ironfurnaces} mods - versions {3.6.5}
[04Apr2026 15:23:57.243] [main/DEBUG] [net.minecraftforge.fml.loading.moddiscovery.ModFileParser/LOADING]: Considering mod file candidate /home/sylein/cisco-server/mods/irons_spellbooks-1.19.2-3.4.0.jar
[04Apr2026 15:23:57.245] [main/DEBUG] [net.minecraftforge.fml.loading.moddiscovery.ModFileInfo/LOADING]: Found valid mod file irons_spellbooks-1.19.2-3.4.0.jar with {irons_spellbooks} mods - versions {1.19.2-3.4.0}
[04Apr2026 15:23:57.246] [main/DEBUG] [net.minecraftforge.fml.loading.moddiscovery.ModFileParser/LOADING]: Considering mod file candidate /home/sylein/cisco-server/mods/item-filters-forge-1902.2.9-build.51.jar
[04Apr2026 15:23:57.247] [main/DEBUG] [net.minecraftforge.fml.loading.moddiscovery.ModFileInfo/LOADING]: Found valid mod file item-filters-forge-1902.2.9-build.51.jar with {itemfilters} mods - versions {1902.2.9-build.51}
[04Apr2026 15:23:57.248] [main/DEBUG] [net.minecraftforge.fml.loading.moddiscovery.ModFileParser/LOADING]: Considering mod file candidate /home/sylein/cisco-server/mods/Item_Obliterator-FORGE-MC1.19.2-1.6.2.jar
[04Apr2026 15:23:57.249] [main/DEBUG] [net.minecraftforge.fml.loading.moddiscovery.ModFileInfo/LOADING]: Found valid mod file Item_Obliterator-FORGE-MC1.19.2-1.6.2.jar with {item_obliterator} mods - versions {1.6.2}
[04Apr2026 15:23:57.250] [main/DEBUG] [net.minecraftforge.fml.loading.moddiscovery.ModFileParser/LOADING]: Considering mod file candidate /home/sylein/cisco-server/mods/ItemProductionLib-1.19.2-1.0.2a-all.jar
[04Apr2026 15:23:57.251] [main/DEBUG] [net.minecraftforge.fml.loading.moddiscovery.ModFileInfo/LOADING]: Found valid mod file ItemProductionLib-1.19.2-1.0.2a-all.jar with {itemproductionlib} mods - versions {1.0.2a}
[04Apr2026 15:23:57.254] [main/DEBUG] [net.minecraftforge.fml.loading.moddiscovery.ModFileParser/LOADING]: Considering mod file candidate /home/sylein/cisco-server/mods/ItemStages-Forge-1.19.2-5.1.4.jar
[04Apr2026 15:23:57.255] [main/DEBUG] [net.minecraftforge.fml.loading.moddiscovery.ModFileInfo/LOADING]: Found valid mod file ItemStages-Forge-1.19.2-5.1.4.jar with {itemstages} mods - versions {5.1.4}
[04Apr2026 15:23:57.258] [main/DEBUG] [net.minecraftforge.fml.loading.moddiscovery.ModFileParser/LOADING]: Considering mod file candidate /home/sylein/cisco-server/mods/iterpg-0.5.0-1.19.2.jar
[04Apr2026 15:23:57.260] [main/DEBUG] [net.minecraftforge.fml.loading.moddiscovery.ModFileInfo/LOADING]: Found valid mod file iterpg-0.5.0-1.19.2.jar with {iter_rpg} mods - versions {0.5.0}
[04Apr2026 15:23:57.261] [main/DEBUG] [net.minecraftforge.fml.loading.moddiscovery.ModFileParser/LOADING]: Considering mod file candidate /home/sylein/cisco-server/mods/Jade-1.19.1-forge-8.9.2.jar
[04Apr2026 15:23:57.262] [main/DEBUG] [net.minecraftforge.fml.loading.moddiscovery.ModFileInfo/LOADING]: Found valid mod file Jade-1.19.1-forge-8.9.2.jar with {jade} mods - versions {8.9.2}
[04Apr2026 15:23:57.263] [main/DEBUG] [net.minecraftforge.fml.loading.moddiscovery.ModFileParser/LOADING]: Considering mod file candidate /home/sylein/cisco-server/mods/jei-1.19.2-forge-11.8.1.1034.jar
[04Apr2026 15:23:57.264] [main/DEBUG] [net.minecraftforge.fml.loading.moddiscovery.ModFileInfo/LOADING]: Found valid mod file jei-1.19.2-forge-11.8.1.1034.jar with {jei} mods - versions {11.8.1.1034}
[04Apr2026 15:23:57.264] [main/DEBUG] [net.minecraftforge.fml.loading.moddiscovery.ModFileParser/LOADING]: Considering mod file candidate /home/sylein/cisco-server/mods/JustEnoughResources-1.19.2-1.2.3.243.jar
[04Apr2026 15:23:57.265] [main/DEBUG] [net.minecraftforge.fml.loading.moddiscovery.ModFileInfo/LOADING]: Found valid mod file JustEnoughResources-1.19.2-1.2.3.243.jar with {jeresources} mods - versions {1.2.3.243}
[04Apr2026 15:23:57.265] [main/DEBUG] [net.minecraftforge.fml.loading.moddiscovery.ModFileParser/LOADING]: Considering mod file candidate /home/sylein/cisco-server/mods/knightlib-forge-1.19.2-1.2.0.jar
[04Apr2026 15:23:57.266] [main/DEBUG] [net.minecraftforge.fml.loading.moddiscovery.ModFileInfo/LOADING]: Found valid mod file knightlib-forge-1.19.2-1.2.0.jar with {knightlib} mods - versions {1.2.0}
[04Apr2026 15:23:57.267] [main/DEBUG] [net.minecraftforge.fml.loading.moddiscovery.ModFileParser/LOADING]: Considering mod file candidate /home/sylein/cisco-server/mods/knightquest-1.8.5.jar
[04Apr2026 15:23:57.268] [main/DEBUG] [net.minecraftforge.fml.loading.moddiscovery.ModFileInfo/LOADING]: Found valid mod file knightquest-1.8.5.jar with {knightquest} mods - versions {1.8.5}
[04Apr2026 15:23:57.269] [main/DEBUG] [net.minecraftforge.fml.loading.moddiscovery.ModFileParser/LOADING]: Considering mod file candidate /home/sylein/cisco-server/mods/konkrete_forge_1.8.0_MC_1.19-1.19.2.jar
[04Apr2026 15:23:57.270] [main/DEBUG] [net.minecraftforge.fml.loading.moddiscovery.ModFileInfo/LOADING]: Found valid mod file konkrete_forge_1.8.0_MC_1.19-1.19.2.jar with {konkrete} mods - versions {1.8.0}
[04Apr2026 15:23:57.271] [main/DEBUG] [net.minecraftforge.fml.loading.moddiscovery.ModFileParser/LOADING]: Considering mod file candidate /home/sylein/cisco-server/mods/kubejs-forge-1902.6.2-build.73.jar
[04Apr2026 15:23:57.272] [main/DEBUG] [net.minecraftforge.fml.loading.moddiscovery.ModFileInfo/LOADING]: Found valid mod file kubejs-forge-1902.6.2-build.73.jar with {kubejs} mods - versions {1902.6.2-build.73}
[04Apr2026 15:23:57.274] [main/DEBUG] [net.minecraftforge.fml.loading.moddiscovery.ModFileParser/LOADING]: Considering mod file candidate /home/sylein/cisco-server/mods/L_Enders_Cataclysm-2.46-1.19.2.jar
[04Apr2026 15:23:57.276] [main/DEBUG] [net.minecraftforge.fml.loading.moddiscovery.ModFileInfo/LOADING]: Found valid mod file L_Enders_Cataclysm-2.46-1.19.2.jar with {cataclysm} mods - versions {2.46}
[04Apr2026 15:23:57.277] [main/DEBUG] [net.minecraftforge.fml.loading.moddiscovery.ModFileParser/LOADING]: Considering mod file candidate /home/sylein/cisco-server/mods/lazydfu-1.19-1.0.2.jar
[04Apr2026 15:23:57.278] [main/DEBUG] [net.minecraftforge.fml.loading.moddiscovery.ModFileInfo/LOADING]: Found valid mod file lazydfu-1.19-1.0.2.jar with {lazydfu} mods - versions {0.1.3}
[04Apr2026 15:23:57.280] [main/DEBUG] [net.minecraftforge.fml.loading.moddiscovery.ModFileParser/LOADING]: Considering mod file candidate /home/sylein/cisco-server/mods/LeavesBeGone-v4.0.1-1.19.2-Forge.jar
[04Apr2026 15:23:57.281] [main/DEBUG] [net.minecraftforge.fml.loading.moddiscovery.ModFileInfo/LOADING]: Found valid mod file LeavesBeGone-v4.0.1-1.19.2-Forge.jar with {leavesbegone} mods - versions {4.0.1}
[04Apr2026 15:23:57.284] [main/DEBUG] [net.minecraftforge.fml.loading.moddiscovery.ModFileParser/LOADING]: Considering mod file candidate /home/sylein/cisco-server/mods/letmedespawn-forge-1.3.2b.jar
[04Apr2026 15:23:57.285] [main/DEBUG] [net.minecraftforge.fml.loading.moddiscovery.ModFileInfo/LOADING]: Found valid mod file letmedespawn-forge-1.3.2b.jar with {letmedespawn} mods - versions {1.3.2b}
[04Apr2026 15:23:57.287] [main/DEBUG] [net.minecraftforge.fml.loading.moddiscovery.ModFileParser/LOADING]: Considering mod file candidate /home/sylein/cisco-server/mods/letsdo-bakery-forge-1.0.6.jar
[04Apr2026 15:23:57.288] [main/DEBUG] [net.minecraftforge.fml.loading.moddiscovery.ModFileInfo/LOADING]: Found valid mod file letsdo-bakery-forge-1.0.6.jar with {bakery} mods - versions {1.0.6}
[04Apr2026 15:23:57.290] [main/DEBUG] [net.minecraftforge.fml.loading.moddiscovery.ModFileParser/LOADING]: Considering mod file candidate /home/sylein/cisco-server/mods/letsdo-vinery-forge-1.3.12b.jar
[04Apr2026 15:23:57.291] [main/DEBUG] [net.minecraftforge.fml.loading.moddiscovery.ModFileInfo/LOADING]: Found valid mod file letsdo-vinery-forge-1.3.12b.jar with {vinery} mods - versions {1.3.12}
[04Apr2026 15:23:57.292] [main/DEBUG] [net.minecraftforge.fml.loading.moddiscovery.ModFileParser/LOADING]: Considering mod file candidate /home/sylein/cisco-server/mods/libraryferret-forge-1.19.2-4.0.0.jar
[04Apr2026 15:23:57.293] [main/DEBUG] [net.minecraftforge.fml.loading.moddiscovery.ModFileInfo/LOADING]: Found valid mod file libraryferret-forge-1.19.2-4.0.0.jar with {libraryferret} mods - versions {4.0.0}
[04Apr2026 15:23:57.294] [main/DEBUG] [net.minecraftforge.fml.loading.moddiscovery.ModFileParser/LOADING]: Considering mod file candidate /home/sylein/cisco-server/mods/lionfishapi-1.8.jar
[04Apr2026 15:23:57.295] [main/DEBUG] [net.minecraftforge.fml.loading.moddiscovery.ModFileInfo/LOADING]: Found valid mod file lionfishapi-1.8.jar with {lionfishapi} mods - versions {1.8}
[04Apr2026 15:23:57.296] [main/DEBUG] [net.minecraftforge.fml.loading.moddiscovery.ModFileParser/LOADING]: Considering mod file candidate /home/sylein/cisco-server/mods/LongNbtKiller-Forge-1.19.2-1.0.0.jar
[04Apr2026 15:23:57.297] [main/DEBUG] [net.minecraftforge.fml.loading.moddiscovery.ModFileInfo/LOADING]: Found valid mod file LongNbtKiller-Forge-1.19.2-1.0.0.jar with {longnbtkiller} mods - versions {1.0.0}
[04Apr2026 15:23:57.298] [main/DEBUG] [net.minecraftforge.fml.loading.moddiscovery.ModFileParser/LOADING]: Considering mod file candidate /home/sylein/cisco-server/mods/lootintegrations-1.19.2-4.7.jar
[04Apr2026 15:23:57.299] [main/DEBUG] [net.minecraftforge.fml.loading.moddiscovery.ModFileInfo/LOADING]: Found valid mod file lootintegrations-1.19.2-4.7.jar with {lootintegrations} mods - versions {1.19.2-4.7}
[04Apr2026 15:23:57.300] [main/DEBUG] [net.minecraftforge.fml.loading.moddiscovery.ModFileParser/LOADING]: Considering mod file candidate /home/sylein/cisco-server/mods/lootr-forge-1.19-0.4.29.76.jar
[04Apr2026 15:23:57.301] [main/DEBUG] [net.minecraftforge.fml.loading.moddiscovery.ModFileInfo/LOADING]: Found valid mod file lootr-forge-1.19-0.4.29.76.jar with {lootr} mods - versions {0.4.28.75}
[04Apr2026 15:23:57.302] [main/DEBUG] [net.minecraftforge.fml.loading.moddiscovery.ModFileParser/LOADING]: Considering mod file candidate /home/sylein/cisco-server/mods/majrusz-library-forge-1.19.2-7.0.5-backport.1.jar
[04Apr2026 15:23:57.303] [main/DEBUG] [net.minecraftforge.fml.loading.moddiscovery.ModFileInfo/LOADING]: Found valid mod file majrusz-library-forge-1.19.2-7.0.5-backport.1.jar with {majruszlibrary} mods - versions {7.0.5-backport.1}
[04Apr2026 15:23:57.304] [main/DEBUG] [net.minecraftforge.fml.loading.moddiscovery.ModFileParser/LOADING]: Considering mod file candidate /home/sylein/cisco-server/mods/majruszs-accessories-forge-1.19.2-1.5.2-backport.2.jar
[04Apr2026 15:23:57.305] [main/DEBUG] [net.minecraftforge.fml.loading.moddiscovery.ModFileInfo/LOADING]: Found valid mod file majruszs-accessories-forge-1.19.2-1.5.2-backport.2.jar with {majruszsaccessories} mods - versions {1.5.2-backport.2}
[04Apr2026 15:23:57.307] [main/DEBUG] [net.minecraftforge.fml.loading.moddiscovery.ModFileParser/LOADING]: Considering mod file candidate /home/sylein/cisco-server/mods/majruszs-difficulty-forge-1.19.2-1.9.9-backport.1.jar
[04Apr2026 15:23:57.307] [main/DEBUG] [net.minecraftforge.fml.loading.moddiscovery.ModFileInfo/LOADING]: Found valid mod file majruszs-difficulty-forge-1.19.2-1.9.9-backport.1.jar with {majruszsdifficulty} mods - versions {1.9.9-backport.1}
[04Apr2026 15:23:57.308] [main/DEBUG] [net.minecraftforge.fml.loading.moddiscovery.ModFileParser/LOADING]: Considering mod file candidate /home/sylein/cisco-server/mods/majruszs-enchantments-forge-1.19.2-1.10.7-backport.1.jar
[04Apr2026 15:23:57.309] [main/DEBUG] [net.minecraftforge.fml.loading.moddiscovery.ModFileInfo/LOADING]: Found valid mod file majruszs-enchantments-forge-1.19.2-1.10.7-backport.1.jar with {majruszsenchantments} mods - versions {1.10.7-backport.1}
[04Apr2026 15:23:57.313] [main/DEBUG] [net.minecraftforge.fml.loading.moddiscovery.ModFileParser/LOADING]: Considering mod file candidate /home/sylein/cisco-server/mods/MaxHealthFix-Forge-1.19.2-8.0.2.jar
[04Apr2026 15:23:57.314] [main/DEBUG] [net.minecraftforge.fml.loading.moddiscovery.ModFileInfo/LOADING]: Found valid mod file MaxHealthFix-Forge-1.19.2-8.0.2.jar with {maxhealthfix} mods - versions {8.0.2}
[04Apr2026 15:23:57.315] [main/DEBUG] [net.minecraftforge.fml.loading.moddiscovery.ModFileParser/LOADING]: Considering mod file candidate /home/sylein/cisco-server/mods/mcsa-forge-3.1.4+1.19.jar
[04Apr2026 15:23:57.316] [main/DEBUG] [net.minecraftforge.fml.loading.moddiscovery.ModFileInfo/LOADING]: Found valid mod file mcsa-forge-3.1.4+1.19.jar with {mcsa} mods - versions {3.1.4+1.19}
[04Apr2026 15:23:57.317] [main/DEBUG] [net.minecraftforge.fml.loading.moddiscovery.ModFileParser/LOADING]: Considering mod file candidate /home/sylein/cisco-server/mods/medieval_paintings-1.19.2-7.0.jar
[04Apr2026 15:23:57.318] [main/DEBUG] [net.minecraftforge.fml.loading.moddiscovery.ModFileInfo/LOADING]: Found valid mod file medieval_paintings-1.19.2-7.0.jar with {medieval_paintings} mods - versions {7.0}
[04Apr2026 15:23:57.319] [main/DEBUG] [net.minecraftforge.fml.loading.moddiscovery.ModFileParser/LOADING]: Considering mod file candidate /home/sylein/cisco-server/mods/meetyourfight-1.19.2-1.3.4.jar
[04Apr2026 15:23:57.320] [main/DEBUG] [net.minecraftforge.fml.loading.moddiscovery.ModFileInfo/LOADING]: Found valid mod file meetyourfight-1.19.2-1.3.4.jar with {meetyourfight} mods - versions {1.19.2-1.3.4}
[04Apr2026 15:23:57.321] [main/DEBUG] [net.minecraftforge.fml.loading.moddiscovery.ModFileParser/LOADING]: Considering mod file candidate /home/sylein/cisco-server/mods/melody_forge_1.0.1_MC_1.19.2.jar
[04Apr2026 15:23:57.322] [main/DEBUG] [net.minecraftforge.fml.loading.moddiscovery.ModFileInfo/LOADING]: Found valid mod file melody_forge_1.0.1_MC_1.19.2.jar with {melody} mods - versions {1.0.1}
[04Apr2026 15:23:57.323] [main/DEBUG] [net.minecraftforge.fml.loading.moddiscovery.ModFileParser/LOADING]: Considering mod file candidate /home/sylein/cisco-server/mods/memoryleakfix-forge-1.17+-1.0.0.jar
[04Apr2026 15:23:57.324] [main/DEBUG] [net.minecraftforge.fml.loading.moddiscovery.ModFileInfo/LOADING]: Found valid mod file memoryleakfix-forge-1.17+-1.0.0.jar with {memoryleakfix} mods - versions {1.0.0}
[04Apr2026 15:23:57.324] [main/DEBUG] [net.minecraftforge.fml.loading.moddiscovery.ModFileParser/LOADING]: Considering mod file candidate /home/sylein/cisco-server/mods/memorysettings-1.19.2-5.4.jar
[04Apr2026 15:23:57.325] [main/DEBUG] [net.minecraftforge.fml.loading.moddiscovery.ModFileInfo/LOADING]: Found valid mod file memorysettings-1.19.2-5.4.jar with {memorysettings} mods - versions {1.19.2-5.4}
[04Apr2026 15:23:57.341] [main/DEBUG] [net.minecraftforge.fml.loading.moddiscovery.ModFileParser/LOADING]: Considering mod file candidate /home/sylein/cisco-server/mods/minecolonies-1.19.2-1.1.516-BETA.jar
[04Apr2026 15:23:57.342] [main/DEBUG] [net.minecraftforge.fml.loading.moddiscovery.ModFileInfo/LOADING]: Found valid mod file minecolonies-1.19.2-1.1.516-BETA.jar with {minecolonies} mods - versions {1.19.2-1.1.516-BETA}
[04Apr2026 15:23:57.343] [main/DEBUG] [net.minecraftforge.fml.loading.moddiscovery.ModFileParser/LOADING]: Considering mod file candidate /home/sylein/cisco-server/mods/modernfix-forge-5.18.1+mc1.19.2.jar
[04Apr2026 15:23:57.345] [main/DEBUG] [net.minecraftforge.fml.loading.moddiscovery.ModFileInfo/LOADING]: Found valid mod file modernfix-forge-5.18.1+mc1.19.2.jar with {modernfix} mods - versions {5.18.1+mc1.19.2}
[04Apr2026 15:23:57.346] [main/DEBUG] [net.minecraftforge.fml.loading.moddiscovery.ModFileParser/LOADING]: Considering mod file candidate /home/sylein/cisco-server/mods/moonlight-1.19.2-2.3.7-forge.jar
[04Apr2026 15:23:57.346] [main/DEBUG] [net.minecraftforge.fml.loading.moddiscovery.ModFileInfo/LOADING]: Found valid mod file moonlight-1.19.2-2.3.7-forge.jar with {moonlight} mods - versions {1.19.2-2.3.7}
[04Apr2026 15:23:57.347] [main/DEBUG] [net.minecraftforge.fml.loading.moddiscovery.ModFileParser/LOADING]: Considering mod file candidate /home/sylein/cisco-server/mods/morevillagers-forge-1.19-4.0.3.jar
[04Apr2026 15:23:57.349] [main/DEBUG] [net.minecraftforge.fml.loading.moddiscovery.ModFileInfo/LOADING]: Found valid mod file morevillagers-forge-1.19-4.0.3.jar with {morevillagers} mods - versions {4.0.3}
[04Apr2026 15:23:57.350] [main/DEBUG] [net.minecraftforge.fml.loading.moddiscovery.ModFileParser/LOADING]: Considering mod file candidate /home/sylein/cisco-server/mods/MouseTweaks-forge-mc1.19-2.23.jar
[04Apr2026 15:23:57.350] [main/DEBUG] [net.minecraftforge.fml.loading.moddiscovery.ModFileInfo/LOADING]: Found valid mod file MouseTweaks-forge-mc1.19-2.23.jar with {mousetweaks} mods - versions {2.23}
[04Apr2026 15:23:57.353] [main/DEBUG] [net.minecraftforge.fml.loading.moddiscovery.ModFileParser/LOADING]: Considering mod file candidate /home/sylein/cisco-server/mods/mowziesmobs-1.6.3.jar
[04Apr2026 15:23:57.353] [main/DEBUG] [net.minecraftforge.fml.loading.moddiscovery.ModFileInfo/LOADING]: Found valid mod file mowziesmobs-1.6.3.jar with {mowziesmobs} mods - versions {1.6.3}
[04Apr2026 15:23:57.354] [main/DEBUG] [net.minecraftforge.fml.loading.moddiscovery.ModFileParser/LOADING]: Considering mod file candidate /home/sylein/cisco-server/mods/multipiston-1.19.2-1.2.25-ALPHA.jar
[04Apr2026 15:23:57.355] [main/DEBUG] [net.minecraftforge.fml.loading.moddiscovery.ModFileInfo/LOADING]: Found valid mod file multipiston-1.19.2-1.2.25-ALPHA.jar with {multipiston} mods - versions {1.19.2-1.2.25-ALPHA}
[04Apr2026 15:23:57.362] [main/DEBUG] [net.minecraftforge.fml.loading.moddiscovery.ModFileParser/LOADING]: Considering mod file candidate /home/sylein/cisco-server/mods/MutantMonsters-v4.0.6-1.19.2-Forge.jar
[04Apr2026 15:23:57.363] [main/DEBUG] [net.minecraftforge.fml.loading.moddiscovery.ModFileInfo/LOADING]: Found valid mod file MutantMonsters-v4.0.6-1.19.2-Forge.jar with {mutantmonsters} mods - versions {4.0.6}
[04Apr2026 15:23:57.364] [main/DEBUG] [net.minecraftforge.fml.loading.moddiscovery.ModFileParser/LOADING]: Considering mod file candidate /home/sylein/cisco-server/mods/MyServerIsCompatible-1.19-1.0.jar
[04Apr2026 15:23:57.365] [main/DEBUG] [net.minecraftforge.fml.loading.moddiscovery.ModFileInfo/LOADING]: Found valid mod file MyServerIsCompatible-1.19-1.0.jar with {myserveriscompatible} mods - versions {1.0}
[04Apr2026 15:23:57.365] [main/DEBUG] [net.minecraftforge.fml.loading.moddiscovery.ModFileParser/LOADING]: Considering mod file candidate /home/sylein/cisco-server/mods/NaturesCompass-1.19.2-1.10.0-forge.jar
[04Apr2026 15:23:57.366] [main/DEBUG] [net.minecraftforge.fml.loading.moddiscovery.ModFileInfo/LOADING]: Found valid mod file NaturesCompass-1.19.2-1.10.0-forge.jar with {naturescompass} mods - versions {1.19.2-1.10.0-forge}
[04Apr2026 15:23:57.367] [main/DEBUG] [net.minecraftforge.fml.loading.moddiscovery.ModFileParser/LOADING]: Considering mod file candidate /home/sylein/cisco-server/mods/Necronomicon-Forge-1.4.2.jar
[04Apr2026 15:23:57.368] [main/DEBUG] [net.minecraftforge.fml.loading.moddiscovery.ModFileInfo/LOADING]: Found valid mod file Necronomicon-Forge-1.4.2.jar with {necronomicon} mods - versions {1.4.2}
[04Apr2026 15:23:57.368] [main/DEBUG] [net.minecraftforge.fml.loading.moddiscovery.ModFileParser/LOADING]: Considering mod file candidate /home/sylein/cisco-server/mods/nerb-1.19.2-0.3-FORGE.jar
[04Apr2026 15:23:57.369] [main/DEBUG] [net.minecraftforge.fml.loading.moddiscovery.ModFileInfo/LOADING]: Found valid mod file nerb-1.19.2-0.3-FORGE.jar with {nerb} mods - versions {0.3}
[04Apr2026 15:23:57.370] [main/DEBUG] [net.minecraftforge.fml.loading.moddiscovery.ModFileParser/LOADING]: Considering mod file candidate /home/sylein/cisco-server/mods/NethersDelight-1.19-3.1.jar
[04Apr2026 15:23:57.372] [main/DEBUG] [net.minecraftforge.fml.loading.moddiscovery.ModFileInfo/LOADING]: Found valid mod file NethersDelight-1.19-3.1.jar with {nethersdelight} mods - versions {1.19-3.1}
[04Apr2026 15:23:57.375] [main/DEBUG] [net.minecraftforge.fml.loading.moddiscovery.ModFileParser/LOADING]: Considering mod file candidate /home/sylein/cisco-server/mods/NightConfigFixes-v4.0.7-1.19.2-Forge.jar
[04Apr2026 15:23:57.376] [main/DEBUG] [net.minecraftforge.fml.loading.moddiscovery.ModFileInfo/LOADING]: Found valid mod file NightConfigFixes-v4.0.7-1.19.2-Forge.jar with {nightconfigfixes} mods - versions {4.0.7}
[04Apr2026 15:23:57.377] [main/DEBUG] [net.minecraftforge.fml.loading.moddiscovery.ModFileParser/LOADING]: Considering mod file candidate /home/sylein/cisco-server/mods/noisium-1.0.2.jar
[04Apr2026 15:23:57.378] [main/DEBUG] [net.minecraftforge.fml.loading.moddiscovery.ModFileInfo/LOADING]: Found valid mod file noisium-1.0.2.jar with {noisium} mods - versions {1.0.2}
[04Apr2026 15:23:57.378] [main/DEBUG] [net.minecraftforge.fml.loading.moddiscovery.ModFileParser/LOADING]: Considering mod file candidate /home/sylein/cisco-server/mods/obscure_api-15.jar
[04Apr2026 15:23:57.380] [main/DEBUG] [net.minecraftforge.fml.loading.moddiscovery.ModFileInfo/LOADING]: Found valid mod file obscure_api-15.jar with {obscure_api} mods - versions {15}
[04Apr2026 15:23:57.380] [main/DEBUG] [net.minecraftforge.fml.loading.moddiscovery.ModFileParser/LOADING]: Considering mod file candidate /home/sylein/cisco-server/mods/octolib-1.19.2-0.3.jar
[04Apr2026 15:23:57.381] [main/DEBUG] [net.minecraftforge.fml.loading.moddiscovery.ModFileInfo/LOADING]: Found valid mod file octolib-1.19.2-0.3.jar with {octolib} mods - versions {0.3}
[04Apr2026 15:23:57.389] [main/DEBUG] [net.minecraftforge.fml.loading.moddiscovery.ModFileParser/LOADING]: Considering mod file candidate /home/sylein/cisco-server/mods/Oh_The_Biomes_You'll_Go-forge-1.19.2-2.0.1.6.jar
[04Apr2026 15:23:57.390] [main/DEBUG] [net.minecraftforge.fml.loading.moddiscovery.ModFileInfo/LOADING]: Found valid mod file Oh_The_Biomes_You'll_Go-forge-1.19.2-2.0.1.6.jar with {byg} mods - versions {2.0.1.6}
[04Apr2026 15:23:57.391] [main/DEBUG] [net.minecraftforge.fml.loading.moddiscovery.ModFileParser/LOADING]: Considering mod file candidate /home/sylein/cisco-server/mods/origins-accessbilities-1.19.2-1.1.1.jar
[04Apr2026 15:23:57.392] [main/DEBUG] [net.minecraftforge.fml.loading.moddiscovery.ModFileInfo/LOADING]: Found valid mod file origins-accessbilities-1.19.2-1.1.1.jar with {oriacs} mods - versions {1.1.0}
[04Apr2026 15:23:57.392] [main/DEBUG] [net.minecraftforge.fml.loading.moddiscovery.ModFileParser/LOADING]: Considering mod file candidate /home/sylein/cisco-server/mods/origins-classes-forge-1.2.1.jar
[04Apr2026 15:23:57.394] [main/DEBUG] [net.minecraftforge.fml.loading.moddiscovery.ModFileInfo/LOADING]: Found valid mod file origins-classes-forge-1.2.1.jar with {origins_classes} mods - versions {1.2.1}
[04Apr2026 15:23:57.394] [main/DEBUG] [net.minecraftforge.fml.loading.moddiscovery.ModFileParser/LOADING]: Considering mod file candidate /home/sylein/cisco-server/mods/origins-forge-1.19.2-1.7.1.7-all.jar
[04Apr2026 15:23:57.396] [main/DEBUG] [net.minecraftforge.fml.loading.moddiscovery.ModFileInfo/LOADING]: Found valid mod file origins-forge-1.19.2-1.7.1.7-all.jar with {origins} mods - versions {1.19.2-1.7.1.7}
[04Apr2026 15:23:57.397] [main/DEBUG] [net.minecraftforge.fml.loading.moddiscovery.ModFileParser/LOADING]: Considering mod file candidate /home/sylein/cisco-server/mods/OverflowingBars-v4.0.1-1.19.2-Forge.jar
[04Apr2026 15:23:57.398] [main/DEBUG] [net.minecraftforge.fml.loading.moddiscovery.ModFileInfo/LOADING]: Found valid mod file OverflowingBars-v4.0.1-1.19.2-Forge.jar with {overflowingbars} mods - versions {4.0.1}
[04Apr2026 15:23:57.398] [main/DEBUG] [net.minecraftforge.fml.loading.moddiscovery.ModFileParser/LOADING]: Considering mod file candidate /home/sylein/cisco-server/mods/packetfixer-3.1.4-1.18-1.20.4-merged.jar
[04Apr2026 15:23:57.399] [main/DEBUG] [net.minecraftforge.fml.loading.moddiscovery.ModFileInfo/LOADING]: Found valid mod file packetfixer-3.1.4-1.18-1.20.4-merged.jar with {packetfixer} mods - versions {3.1.4}
[04Apr2026 15:23:57.400] [main/DEBUG] [net.minecraftforge.fml.loading.moddiscovery.ModFileParser/LOADING]: Considering mod file candidate /home/sylein/cisco-server/mods/PassiveSkillTree-1.19.2-BETA-0.6.14b-all.jar
[04Apr2026 15:23:57.401] [main/DEBUG] [net.minecraftforge.fml.loading.moddiscovery.ModFileInfo/LOADING]: Found valid mod file PassiveSkillTree-1.19.2-BETA-0.6.14b-all.jar with {skilltree} mods - versions {0.6.14b}
[04Apr2026 15:23:57.402] [main/DEBUG] [net.minecraftforge.fml.loading.moddiscovery.ModFileParser/LOADING]: Considering mod file candidate /home/sylein/cisco-server/mods/Patchouli-1.19.2-77.jar
[04Apr2026 15:23:57.403] [main/DEBUG] [net.minecraftforge.fml.loading.moddiscovery.ModFileInfo/LOADING]: Found valid mod file Patchouli-1.19.2-77.jar with {patchouli} mods - versions {1.19.2-77}
[04Apr2026 15:23:57.404] [main/DEBUG] [net.minecraftforge.fml.loading.moddiscovery.ModFileParser/LOADING]: Considering mod file candidate /home/sylein/cisco-server/mods/Paxi-1.19.2-Forge-3.0.1.jar
[04Apr2026 15:23:57.404] [main/DEBUG] [net.minecraftforge.fml.loading.moddiscovery.ModFileInfo/LOADING]: Found valid mod file Paxi-1.19.2-Forge-3.0.1.jar with {paxi} mods - versions {1.19.2-Forge-3.0.1}
[04Apr2026 15:23:57.405] [main/DEBUG] [net.minecraftforge.fml.loading.moddiscovery.ModFileParser/LOADING]: Considering mod file candidate /home/sylein/cisco-server/mods/Pehkui-3.8.2+1.19.2-forge.jar
[04Apr2026 15:23:57.406] [main/DEBUG] [net.minecraftforge.fml.loading.moddiscovery.ModFileInfo/LOADING]: Found valid mod file Pehkui-3.8.2+1.19.2-forge.jar with {pehkui} mods - versions {3.8.2+1.19.2-forge}
[04Apr2026 15:23:57.407] [main/DEBUG] [net.minecraftforge.fml.loading.moddiscovery.ModFileParser/LOADING]: Considering mod file candidate /home/sylein/cisco-server/mods/Placebo-1.19.2-7.4.1.jar
[04Apr2026 15:23:57.408] [main/DEBUG] [net.minecraftforge.fml.loading.moddiscovery.ModFileInfo/LOADING]: Found valid mod file Placebo-1.19.2-7.4.1.jar with {placebo} mods - versions {7.4.1}
[04Apr2026 15:23:57.409] [main/DEBUG] [net.minecraftforge.fml.loading.moddiscovery.ModFileParser/LOADING]: Considering mod file candidate /home/sylein/cisco-server/mods/player-animation-lib-forge-1.0.2.jar
[04Apr2026 15:23:57.410] [main/DEBUG] [net.minecraftforge.fml.loading.moddiscovery.ModFileInfo/LOADING]: Found valid mod file player-animation-lib-forge-1.0.2.jar with {playeranimator} mods - versions {1.0.2}
[04Apr2026 15:23:57.411] [main/DEBUG] [net.minecraftforge.fml.loading.moddiscovery.ModFileParser/LOADING]: Considering mod file candidate /home/sylein/cisco-server/mods/pluto-mc1.19.2-0.0.9.jar
[04Apr2026 15:23:57.413] [main/DEBUG] [net.minecraftforge.fml.loading.moddiscovery.ModFileInfo/LOADING]: Found valid mod file pluto-mc1.19.2-0.0.9.jar with {pluto} mods - versions {0.0.9}
[04Apr2026 15:23:57.414] [main/DEBUG] [net.minecraftforge.fml.loading.moddiscovery.ModFileParser/LOADING]: Considering mod file candidate /home/sylein/cisco-server/mods/polymorph-forge-0.46.6+1.19.2.jar
[04Apr2026 15:23:57.415] [main/DEBUG] [net.minecraftforge.fml.loading.moddiscovery.ModFileInfo/LOADING]: Found valid mod file polymorph-forge-0.46.6+1.19.2.jar with {polymorph} mods - versions {0.46.6+1.19.2}
[04Apr2026 15:23:57.415] [main/DEBUG] [net.minecraftforge.fml.loading.moddiscovery.ModFileParser/LOADING]: Considering mod file candidate /home/sylein/cisco-server/mods/Prism-1.19.1-1.0.2.jar
[04Apr2026 15:23:57.416] [main/DEBUG] [net.minecraftforge.fml.loading.moddiscovery.ModFileInfo/LOADING]: Found valid mod file Prism-1.19.1-1.0.2.jar with {prism} mods - versions {1.0.2}
[04Apr2026 15:23:57.421] [main/DEBUG] [net.minecraftforge.fml.loading.moddiscovery.ModFileParser/LOADING]: Considering mod file candidate /home/sylein/cisco-server/mods/ProgressiveBosses-3.7.6-mc1.19.2.jar
[04Apr2026 15:23:57.422] [main/DEBUG] [net.minecraftforge.fml.loading.moddiscovery.ModFileInfo/LOADING]: Found valid mod file ProgressiveBosses-3.7.6-mc1.19.2.jar with {progressivebosses} mods - versions {3.7.6}
[04Apr2026 15:23:57.434] [main/DEBUG] [net.minecraftforge.fml.loading.moddiscovery.ModFileParser/LOADING]: Considering mod file candidate /home/sylein/cisco-server/mods/PuzzlesLib-v4.4.3-1.19.2-Forge.jar
[04Apr2026 15:23:57.435] [main/DEBUG] [net.minecraftforge.fml.loading.moddiscovery.ModFileInfo/LOADING]: Found valid mod file PuzzlesLib-v4.4.3-1.19.2-Forge.jar with {puzzleslib} mods - versions {4.4.3}
[04Apr2026 15:23:57.442] [main/DEBUG] [net.minecraftforge.fml.loading.moddiscovery.ModFileParser/LOADING]: Considering mod file candidate /home/sylein/cisco-server/mods/Quark-3.4-418.jar
[04Apr2026 15:23:57.444] [main/DEBUG] [net.minecraftforge.fml.loading.moddiscovery.ModFileInfo/LOADING]: Found valid mod file Quark-3.4-418.jar with {quark} mods - versions {3.4-418}
[04Apr2026 15:23:57.444] [main/DEBUG] [net.minecraftforge.fml.loading.moddiscovery.ModFileParser/LOADING]: Considering mod file candidate /home/sylein/cisco-server/mods/Raided-1.19.2-0.1.4.jar
[04Apr2026 15:23:57.445] [main/DEBUG] [net.minecraftforge.fml.loading.moddiscovery.ModFileInfo/LOADING]: Found valid mod file Raided-1.19.2-0.1.4.jar with {raided} mods - versions {0.1.4}
[04Apr2026 15:23:57.446] [main/DEBUG] [net.minecraftforge.fml.loading.moddiscovery.ModFileParser/LOADING]: Considering mod file candidate /home/sylein/cisco-server/mods/Raided-1.19.2-0.1.6.jar
[04Apr2026 15:23:57.447] [main/DEBUG] [net.minecraftforge.fml.loading.moddiscovery.ModFileInfo/LOADING]: Found valid mod file Raided-1.19.2-0.1.6.jar with {raided} mods - versions {0.1.6}
[04Apr2026 15:23:57.447] [main/DEBUG] [net.minecraftforge.fml.loading.moddiscovery.ModFileParser/LOADING]: Considering mod file candidate /home/sylein/cisco-server/mods/recipeessentials-1.19.2-3.5.jar
[04Apr2026 15:23:57.448] [main/DEBUG] [net.minecraftforge.fml.loading.moddiscovery.ModFileInfo/LOADING]: Found valid mod file recipeessentials-1.19.2-3.5.jar with {recipeessentials} mods - versions {1.19.2-3.5}
[04Apr2026 15:23:57.450] [main/DEBUG] [net.minecraftforge.fml.loading.moddiscovery.ModFileParser/LOADING]: Considering mod file candidate /home/sylein/cisco-server/mods/relics-1.19.2-0.6.2.5.jar
[04Apr2026 15:23:57.451] [main/DEBUG] [net.minecraftforge.fml.loading.moddiscovery.ModFileInfo/LOADING]: Found valid mod file relics-1.19.2-0.6.2.5.jar with {relics} mods - versions {0.6.2.5}
[04Apr2026 15:23:57.457] [main/DEBUG] [net.minecraftforge.fml.loading.moddiscovery.ModFileParser/LOADING]: Considering mod file candidate /home/sylein/cisco-server/mods/repurposed_structures_forge-6.3.29+1.19.2.jar
[04Apr2026 15:23:57.458] [main/DEBUG] [net.minecraftforge.fml.loading.moddiscovery.ModFileInfo/LOADING]: Found valid mod file repurposed_structures_forge-6.3.29+1.19.2.jar with {repurposed_structures} mods - versions {6.3.29+1.19.2}
[04Apr2026 15:23:57.459] [main/DEBUG] [net.minecraftforge.fml.loading.moddiscovery.ModFileParser/LOADING]: Considering mod file candidate /home/sylein/cisco-server/mods/rhino-forge-1902.2.3-build.284.jar
[04Apr2026 15:23:57.460] [main/DEBUG] [net.minecraftforge.fml.loading.moddiscovery.ModFileInfo/LOADING]: Found valid mod file rhino-forge-1902.2.3-build.284.jar with {rhino} mods - versions {1902.2.3-build.284}
[04Apr2026 15:23:57.460] [main/DEBUG] [net.minecraftforge.fml.loading.moddiscovery.ModFileParser/LOADING]: Considering mod file candidate /home/sylein/cisco-server/mods/right-click-harvest-3.2.3+1.19.2-forge.jar
[04Apr2026 15:23:57.461] [main/DEBUG] [net.minecraftforge.fml.loading.moddiscovery.ModFileInfo/LOADING]: Found valid mod file right-click-harvest-3.2.3+1.19.2-forge.jar with {rightclickharvest} mods - versions {3.2.3+1.19.2-forge}
[04Apr2026 15:23:57.462] [main/DEBUG] [net.minecraftforge.fml.loading.moddiscovery.ModFileParser/LOADING]: Considering mod file candidate /home/sylein/cisco-server/mods/RingsOfAscension-1.19-1.0.1.jar
[04Apr2026 15:23:57.462] [main/DEBUG] [net.minecraftforge.fml.loading.moddiscovery.ModFileInfo/LOADING]: Found valid mod file RingsOfAscension-1.19-1.0.1.jar with {ringsofascension} mods - versions {1.0.0}
[04Apr2026 15:23:57.463] [main/DEBUG] [net.minecraftforge.fml.loading.moddiscovery.ModFileParser/LOADING]: Considering mod file candidate /home/sylein/cisco-server/mods/royal_variations_[Forge]_1.19.2_1.0.jar
[04Apr2026 15:23:57.464] [main/DEBUG] [net.minecraftforge.fml.loading.moddiscovery.ModFileInfo/LOADING]: Found valid mod file royal_variations_[Forge]_1.19.2_1.0.jar with {royalvariations} mods - versions {1.0.0}
[04Apr2026 15:23:57.465] [main/DEBUG] [net.minecraftforge.fml.loading.moddiscovery.ModFileParser/LOADING]: Considering mod file candidate /home/sylein/cisco-server/mods/rubidium-mc1.19.2-0.6.2c.jar
[04Apr2026 15:23:57.466] [main/DEBUG] [net.minecraftforge.fml.loading.moddiscovery.ModFileInfo/LOADING]: Found valid mod file rubidium-mc1.19.2-0.6.2c.jar with {rubidium} mods - versions {0.6.2c}
[04Apr2026 15:23:57.467] [main/DEBUG] [net.minecraftforge.fml.loading.moddiscovery.ModFileParser/LOADING]: Considering mod file candidate /home/sylein/cisco-server/mods/rubidium_extras-1.19.2_v1.4.3.jar
[04Apr2026 15:23:57.468] [main/DEBUG] [net.minecraftforge.fml.loading.moddiscovery.ModFileInfo/LOADING]: Found valid mod file rubidium_extras-1.19.2_v1.4.3.jar with {rubidium_extras} mods - versions {1.19.2_v1.4.3}
[04Apr2026 15:23:57.469] [main/DEBUG] [net.minecraftforge.fml.loading.moddiscovery.ModFileParser/LOADING]: Considering mod file candidate /home/sylein/cisco-server/mods/saturn-mc1.19.2-0.1.4.jar
[04Apr2026 15:23:57.470] [main/DEBUG] [net.minecraftforge.fml.loading.moddiscovery.ModFileInfo/LOADING]: Found valid mod file saturn-mc1.19.2-0.1.4.jar with {saturn} mods - versions {0.1.4}
[04Apr2026 15:23:57.471] [main/DEBUG] [net.minecraftforge.fml.loading.moddiscovery.ModFileParser/LOADING]: Considering mod file candidate /home/sylein/cisco-server/mods/savage_and_ravage-1.19.2-5.0.5.jar
[04Apr2026 15:23:57.471] [main/DEBUG] [net.minecraftforge.fml.loading.moddiscovery.ModFileInfo/LOADING]: Found valid mod file savage_and_ravage-1.19.2-5.0.5.jar with {savage_and_ravage} mods - versions {5.0.5}
[04Apr2026 15:23:57.473] [main/DEBUG] [net.minecraftforge.fml.loading.moddiscovery.ModFileParser/LOADING]: Considering mod file candidate /home/sylein/cisco-server/mods/servercore-forge-1.3.6+1.19.2.jar
[04Apr2026 15:23:57.473] [main/DEBUG] [net.minecraftforge.fml.loading.moddiscovery.ModFileInfo/LOADING]: Found valid mod file servercore-forge-1.3.6+1.19.2.jar with {servercore} mods - versions {1.3.6+1.19.2}
[04Apr2026 15:23:57.474] [main/DEBUG] [net.minecraftforge.fml.loading.moddiscovery.ModFileParser/LOADING]: Considering mod file candidate /home/sylein/cisco-server/mods/shadowizardlib-1.19.2-1.0.8.jar
[04Apr2026 15:23:57.475] [main/DEBUG] [net.minecraftforge.fml.loading.moddiscovery.ModFileInfo/LOADING]: Found valid mod file shadowizardlib-1.19.2-1.0.8.jar with {shadowizardlib} mods - versions {1.19.2-1.0.8}
[04Apr2026 15:23:57.476] [main/DEBUG] [net.minecraftforge.fml.loading.moddiscovery.ModFileParser/LOADING]: Considering mod file candidate /home/sylein/cisco-server/mods/SimpleRPC-4.0.4.jar
[04Apr2026 15:23:57.478] [main/DEBUG] [net.minecraftforge.fml.loading.moddiscovery.ModFileInfo/LOADING]: Found valid mod file SimpleRPC-4.0.4.jar with {simplerpc} mods - versions {4.0.4}
[04Apr2026 15:23:57.481] [main/DEBUG] [net.minecraftforge.fml.loading.moddiscovery.ModFileParser/LOADING]: Considering mod file candidate /home/sylein/cisco-server/mods/simplyswords-forge-1.47.0-1.19.2.jar
[04Apr2026 15:23:57.482] [main/DEBUG] [net.minecraftforge.fml.loading.moddiscovery.ModFileInfo/LOADING]: Found valid mod file simplyswords-forge-1.47.0-1.19.2.jar with {simplyswords} mods - versions {1.47.0-1.19.2}
[04Apr2026 15:23:57.483] [main/DEBUG] [net.minecraftforge.fml.loading.moddiscovery.ModFileParser/LOADING]: Considering mod file candidate /home/sylein/cisco-server/mods/SkyVillages-1.0.3-1.19.2-1.20.x-forge-release.jar
[04Apr2026 15:23:57.484] [main/DEBUG] [net.minecraftforge.fml.loading.moddiscovery.ModFileInfo/LOADING]: Found valid mod file SkyVillages-1.0.3-1.19.2-1.20.x-forge-release.jar with {skyvillages} mods - versions {1.0.3}
[04Apr2026 15:23:57.485] [main/DEBUG] [net.minecraftforge.fml.loading.moddiscovery.ModFileParser/LOADING]: Considering mod file candidate /home/sylein/cisco-server/mods/smallships-forge-1.19.2-2.0.0-b1.3.1.jar
[04Apr2026 15:23:57.486] [main/DEBUG] [net.minecraftforge.fml.loading.moddiscovery.ModFileInfo/LOADING]: Found valid mod file smallships-forge-1.19.2-2.0.0-b1.3.1.jar with {smallships} mods - versions {2.0.0-b1.3.1}
[04Apr2026 15:23:57.486] [main/DEBUG] [net.minecraftforge.fml.loading.moddiscovery.ModFileParser/LOADING]: Considering mod file candidate /home/sylein/cisco-server/mods/smoothboot(reloaded)-mc1.19.2-0.0.4.jar
[04Apr2026 15:23:57.487] [main/DEBUG] [net.minecraftforge.fml.loading.moddiscovery.ModFileInfo/LOADING]: Found valid mod file smoothboot(reloaded)-mc1.19.2-0.0.4.jar with {smoothboot} mods - versions {0.0.4}
[04Apr2026 15:23:57.488] [main/DEBUG] [net.minecraftforge.fml.loading.moddiscovery.ModFileParser/LOADING]: Considering mod file candidate /home/sylein/cisco-server/mods/solapplepie-1.19.2-2.2.0.jar
[04Apr2026 15:23:57.489] [main/DEBUG] [net.minecraftforge.fml.loading.moddiscovery.ModFileInfo/LOADING]: Found valid mod file solapplepie-1.19.2-2.2.0.jar with {solapplepie} mods - versions {1.19.2-2.2.0}
[04Apr2026 15:23:57.490] [main/DEBUG] [net.minecraftforge.fml.loading.moddiscovery.ModFileParser/LOADING]: Considering mod file candidate /home/sylein/cisco-server/mods/sons-of-sins-1.19.2-2.1.6.jar
[04Apr2026 15:23:57.491] [main/DEBUG] [net.minecraftforge.fml.loading.moddiscovery.ModFileInfo/LOADING]: Found valid mod file sons-of-sins-1.19.2-2.1.6.jar with {sons_of_sins} mods - versions {2.1.6}
[04Apr2026 15:23:57.492] [main/DEBUG] [net.minecraftforge.fml.loading.moddiscovery.ModFileParser/LOADING]: Considering mod file candidate /home/sylein/cisco-server/mods/sophisticatedbackpacks-1.19.2-3.20.2.1035.jar
[04Apr2026 15:23:57.493] [main/DEBUG] [net.minecraftforge.fml.loading.moddiscovery.ModFileInfo/LOADING]: Found valid mod file sophisticatedbackpacks-1.19.2-3.20.2.1035.jar with {sophisticatedbackpacks} mods - versions {1.19.2-3.20.2.1035}
[04Apr2026 15:23:57.494] [main/DEBUG] [net.minecraftforge.fml.loading.moddiscovery.ModFileParser/LOADING]: Considering mod file candidate /home/sylein/cisco-server/mods/sophisticatedcore-1.19.2-0.6.4.730.jar
[04Apr2026 15:23:57.495] [main/DEBUG] [net.minecraftforge.fml.loading.moddiscovery.ModFileInfo/LOADING]: Found valid mod file sophisticatedcore-1.19.2-0.6.4.730.jar with {sophisticatedcore} mods - versions {1.19.2-0.6.4.730}
[04Apr2026 15:23:57.497] [main/DEBUG] [net.minecraftforge.fml.loading.moddiscovery.ModFileParser/LOADING]: Considering mod file candidate /home/sylein/cisco-server/mods/stalwart-dungeons-1.19.2-1.2.8.jar
[04Apr2026 15:23:57.497] [main/DEBUG] [net.minecraftforge.fml.loading.moddiscovery.ModFileInfo/LOADING]: Found valid mod file stalwart-dungeons-1.19.2-1.2.8.jar with {stalwart_dungeons} mods - versions {1.2.8}
[04Apr2026 15:23:57.498] [main/DEBUG] [net.minecraftforge.fml.loading.moddiscovery.ModFileParser/LOADING]: Considering mod file candidate /home/sylein/cisco-server/mods/starlight-1.1.1+forge.cf5b10b.jar
[04Apr2026 15:23:57.499] [main/DEBUG] [net.minecraftforge.fml.loading.moddiscovery.ModFileInfo/LOADING]: Found valid mod file starlight-1.1.1+forge.cf5b10b.jar with {starlight} mods - versions {1.1.1+forge.a3aea74}
[04Apr2026 15:23:57.500] [main/DEBUG] [net.minecraftforge.fml.loading.moddiscovery.ModFileParser/LOADING]: Considering mod file candidate /home/sylein/cisco-server/mods/StorageDrawers-1.19.2-11.4.1.jar
[04Apr2026 15:23:57.501] [main/DEBUG] [net.minecraftforge.fml.loading.moddiscovery.ModFileInfo/LOADING]: Found valid mod file StorageDrawers-1.19.2-11.4.1.jar with {storagedrawers} mods - versions {11.4.1}
[04Apr2026 15:23:57.501] [main/DEBUG] [net.minecraftforge.fml.loading.moddiscovery.ModFileParser/LOADING]: Considering mod file candidate /home/sylein/cisco-server/mods/strictly_origins_v9.2.1_1.19.2.jar
[04Apr2026 15:23:57.502] [main/DEBUG] [net.minecraftforge.fml.loading.moddiscovery.ModFileInfo/LOADING]: Found valid mod file strictly_origins_v9.2.1_1.19.2.jar with {strictly_origins} mods - versions {8}
[04Apr2026 15:23:57.503] [main/DEBUG] [net.minecraftforge.fml.loading.moddiscovery.ModFileParser/LOADING]: Considering mod file candidate /home/sylein/cisco-server/mods/Structory_1.19.3_v1.3.1a.jar
[04Apr2026 15:23:57.504] [main/DEBUG] [net.minecraftforge.fml.loading.moddiscovery.ModFileInfo/LOADING]: Found valid mod file Structory_1.19.3_v1.3.1a.jar with {structory} mods - versions {1.3.1a}
[04Apr2026 15:23:57.504] [main/DEBUG] [net.minecraftforge.fml.loading.moddiscovery.ModFileParser/LOADING]: Considering mod file candidate /home/sylein/cisco-server/mods/Structory_Towers_1.19.3_v1.0.2.jar
[04Apr2026 15:23:57.505] [main/DEBUG] [net.minecraftforge.fml.loading.moddiscovery.ModFileInfo/LOADING]: Found valid mod file Structory_Towers_1.19.3_v1.0.2.jar with {structorytowers} mods - versions {1.0.2}
[04Apr2026 15:23:57.506] [main/DEBUG] [net.minecraftforge.fml.loading.moddiscovery.ModFileParser/LOADING]: Considering mod file candidate /home/sylein/cisco-server/mods/structure_gel-1.19.2-2.7.3.jar
[04Apr2026 15:23:57.507] [main/DEBUG] [net.minecraftforge.fml.loading.moddiscovery.ModFileInfo/LOADING]: Found valid mod file structure_gel-1.19.2-2.7.3.jar with {structure_gel} mods - versions {2.7.3}
[04Apr2026 15:23:57.508] [main/DEBUG] [net.minecraftforge.fml.loading.moddiscovery.ModFileParser/LOADING]: Considering mod file candidate /home/sylein/cisco-server/mods/structureessentials-1.19.2-3.2.jar
[04Apr2026 15:23:57.508] [main/DEBUG] [net.minecraftforge.fml.loading.moddiscovery.ModFileInfo/LOADING]: Found valid mod file structureessentials-1.19.2-3.2.jar with {structureessentials} mods - versions {1.19.2-3.2}
[04Apr2026 15:23:57.510] [main/DEBUG] [net.minecraftforge.fml.loading.moddiscovery.ModFileParser/LOADING]: Considering mod file candidate /home/sylein/cisco-server/mods/structurize-1.19.2-1.0.689-RELEASE.jar
[04Apr2026 15:23:57.511] [main/DEBUG] [net.minecraftforge.fml.loading.moddiscovery.ModFileInfo/LOADING]: Found valid mod file structurize-1.19.2-1.0.689-RELEASE.jar with {structurize} mods - versions {1.19.2-1.0.689-RELEASE}
[04Apr2026 15:23:57.515] [main/DEBUG] [net.minecraftforge.fml.loading.moddiscovery.ModFileParser/LOADING]: Considering mod file candidate /home/sylein/cisco-server/mods/stylecolonies-1.2.2.jar
[04Apr2026 15:23:57.516] [main/DEBUG] [net.minecraftforge.fml.loading.moddiscovery.ModFileInfo/LOADING]: Found valid mod file stylecolonies-1.2.2.jar with {stylecolonies} mods - versions {1.2.2}
[04Apr2026 15:23:57.521] [main/DEBUG] [net.minecraftforge.fml.loading.moddiscovery.ModFileParser/LOADING]: Considering mod file candidate /home/sylein/cisco-server/mods/supplementaries-1.19.2-2.4.20.jar
[04Apr2026 15:23:57.522] [main/DEBUG] [net.minecraftforge.fml.loading.moddiscovery.ModFileInfo/LOADING]: Found valid mod file supplementaries-1.19.2-2.4.20.jar with {supplementaries} mods - versions {1.19.2-2.4.20}
[04Apr2026 15:23:57.523] [main/DEBUG] [net.minecraftforge.fml.loading.moddiscovery.ModFileParser/LOADING]: Considering mod file candidate /home/sylein/cisco-server/mods/takesapillage-1.0.3-1.19.2.jar
[04Apr2026 15:23:57.524] [main/DEBUG] [net.minecraftforge.fml.loading.moddiscovery.ModFileInfo/LOADING]: Found valid mod file takesapillage-1.0.3-1.19.2.jar with {takesapillage} mods - versions {1.0.3}
[04Apr2026 15:23:57.525] [main/DEBUG] [net.minecraftforge.fml.loading.moddiscovery.ModFileParser/LOADING]: Considering mod file candidate /home/sylein/cisco-server/mods/TerraBlender-forge-1.19.2-2.0.1.166.jar
[04Apr2026 15:23:57.526] [main/DEBUG] [net.minecraftforge.fml.loading.moddiscovery.ModFileInfo/LOADING]: Found valid mod file TerraBlender-forge-1.19.2-2.0.1.166.jar with {terrablender} mods - versions {2.0.1.166}
[04Apr2026 15:23:57.526] [main/DEBUG] [net.minecraftforge.fml.loading.moddiscovery.ModFileParser/LOADING]: Considering mod file candidate /home/sylein/cisco-server/mods/TextruesRubidiumOptions-1.0.7-mc1.19.2.jar
[04Apr2026 15:23:57.527] [main/DEBUG] [net.minecraftforge.fml.loading.moddiscovery.ModFileInfo/LOADING]: Found valid mod file TextruesRubidiumOptions-1.0.7-mc1.19.2.jar with {reeses_sodium_options} mods - versions {1.0.7-mc1.19.2}
[04Apr2026 15:23:57.528] [main/DEBUG] [net.minecraftforge.fml.loading.moddiscovery.ModFileParser/LOADING]: Considering mod file candidate /home/sylein/cisco-server/mods/tlc_forge-1.0.2-R-1.19.2.jar
[04Apr2026 15:23:57.529] [main/DEBUG] [net.minecraftforge.fml.loading.moddiscovery.ModFileInfo/LOADING]: Found valid mod file tlc_forge-1.0.2-R-1.19.2.jar with {tlc} mods - versions {1.0.2}
[04Apr2026 15:23:57.530] [main/DEBUG] [net.minecraftforge.fml.loading.moddiscovery.ModFileParser/LOADING]: Considering mod file candidate /home/sylein/cisco-server/mods/toms_storage-1.19-1.5.11.jar
[04Apr2026 15:23:57.531] [main/DEBUG] [net.minecraftforge.fml.loading.moddiscovery.ModFileInfo/LOADING]: Found valid mod file toms_storage-1.19-1.5.11.jar with {toms_storage} mods - versions {1.5.11}
[04Apr2026 15:23:57.531] [main/DEBUG] [net.minecraftforge.fml.loading.moddiscovery.ModFileParser/LOADING]: Considering mod file candidate /home/sylein/cisco-server/mods/toofast-1.19-0.2.2.4.jar
[04Apr2026 15:23:57.532] [main/DEBUG] [net.minecraftforge.fml.loading.moddiscovery.ModFileInfo/LOADING]: Found valid mod file toofast-1.19-0.2.2.4.jar with {toofast} mods - versions {0.2.2.4}
[04Apr2026 15:23:57.532] [main/DEBUG] [net.minecraftforge.fml.loading.moddiscovery.ModFileParser/LOADING]: Considering mod file candidate /home/sylein/cisco-server/mods/toomanyglyphs-1.19.2-2.2.376.1564.jar
[04Apr2026 15:23:57.533] [main/DEBUG] [net.minecraftforge.fml.loading.moddiscovery.ModFileInfo/LOADING]: Found valid mod file toomanyglyphs-1.19.2-2.2.376.1564.jar with {toomanyglyphs} mods - versions {2.2.376.1564}
[04Apr2026 15:23:57.534] [main/DEBUG] [net.minecraftforge.fml.loading.moddiscovery.ModFileParser/LOADING]: Considering mod file candidate /home/sylein/cisco-server/mods/totw_modded-forge-1.19.2-1.0.5.jar
[04Apr2026 15:23:57.535] [main/DEBUG] [net.minecraftforge.fml.loading.moddiscovery.ModFileInfo/LOADING]: Found valid mod file totw_modded-forge-1.19.2-1.0.5.jar with {totw_modded} mods - versions {1.19.2-1.0.5}
[04Apr2026 15:23:57.538] [main/DEBUG] [net.minecraftforge.fml.loading.moddiscovery.ModFileParser/LOADING]: Considering mod file candidate /home/sylein/cisco-server/mods/Towns-and-Towers-v.1.10-_FORGE-1.19.2_.jar
[04Apr2026 15:23:57.538] [main/DEBUG] [net.minecraftforge.fml.loading.moddiscovery.ModFileInfo/LOADING]: Found valid mod file Towns-and-Towers-v.1.10-_FORGE-1.19.2_.jar with {t_and_t} mods - versions {1.10}
[04Apr2026 15:23:57.541] [main/DEBUG] [net.minecraftforge.fml.loading.moddiscovery.ModFileParser/LOADING]: Considering mod file candidate /home/sylein/cisco-server/mods/towntalk-1.19.2-1.0.1.jar
[04Apr2026 15:23:57.542] [main/DEBUG] [net.minecraftforge.fml.loading.moddiscovery.ModFileInfo/LOADING]: Found valid mod file towntalk-1.19.2-1.0.1.jar with {towntalk} mods - versions {1.0.1}
[04Apr2026 15:23:57.543] [main/DEBUG] [net.minecraftforge.fml.loading.moddiscovery.ModFileParser/LOADING]: Considering mod file candidate /home/sylein/cisco-server/mods/transmog-forge-1.2.2+1.19.2.jar
[04Apr2026 15:23:57.544] [main/DEBUG] [net.minecraftforge.fml.loading.moddiscovery.ModFileInfo/LOADING]: Found valid mod file transmog-forge-1.2.2+1.19.2.jar with {transmog} mods - versions {1.2.2+1.19.2}
[04Apr2026 15:23:57.544] [main/DEBUG] [net.minecraftforge.fml.loading.moddiscovery.ModFileParser/LOADING]: Considering mod file candidate /home/sylein/cisco-server/mods/TravelersTitles-1.19.2-Forge-3.1.2.jar
[04Apr2026 15:23:57.545] [main/DEBUG] [net.minecraftforge.fml.loading.moddiscovery.ModFileInfo/LOADING]: Found valid mod file TravelersTitles-1.19.2-Forge-3.1.2.jar with {travelerstitles} mods - versions {1.19.2-Forge-3.1.2}
[04Apr2026 15:23:57.548] [main/DEBUG] [net.minecraftforge.fml.loading.moddiscovery.ModFileParser/LOADING]: Considering mod file candidate /home/sylein/cisco-server/mods/twigs-forge-1.19.2-3.0.1.jar
[04Apr2026 15:23:57.550] [main/DEBUG] [net.minecraftforge.fml.loading.moddiscovery.ModFileInfo/LOADING]: Found valid mod file twigs-forge-1.19.2-3.0.1.jar with {twigs} mods - versions {1.19.2-3.0.1}
[04Apr2026 15:23:57.554] [main/DEBUG] [net.minecraftforge.fml.loading.moddiscovery.ModFileParser/LOADING]: Considering mod file candidate /home/sylein/cisco-server/mods/twilightforest-1.19.2-4.2.1518-universal.jar
[04Apr2026 15:23:57.556] [main/DEBUG] [net.minecraftforge.fml.loading.moddiscovery.ModFileInfo/LOADING]: Found valid mod file twilightforest-1.19.2-4.2.1518-universal.jar with {twilightforest} mods - versions {4.2.1518}
[04Apr2026 15:23:57.557] [main/DEBUG] [net.minecraftforge.fml.loading.moddiscovery.ModFileParser/LOADING]: Considering mod file candidate /home/sylein/cisco-server/mods/UndeadUnleashed-1.1.1-1.19.2.jar
[04Apr2026 15:23:57.558] [main/DEBUG] [net.minecraftforge.fml.loading.moddiscovery.ModFileInfo/LOADING]: Found valid mod file UndeadUnleashed-1.1.1-1.19.2.jar with {undead_unleashed} mods - versions {1.1.0}
[04Apr2026 15:23:57.559] [main/DEBUG] [net.minecraftforge.fml.loading.moddiscovery.ModFileParser/LOADING]: Considering mod file candidate /home/sylein/cisco-server/mods/UnusualEnd1.19.2_V1.4.3.jar
[04Apr2026 15:23:57.561] [main/DEBUG] [net.minecraftforge.fml.loading.moddiscovery.ModFileInfo/LOADING]: Found valid mod file UnusualEnd1.19.2_V1.4.3.jar with {unusualend} mods - versions {1.4.3}
[04Apr2026 15:23:57.562] [main/DEBUG] [net.minecraftforge.fml.loading.moddiscovery.ModFileParser/LOADING]: Considering mod file candidate /home/sylein/cisco-server/mods/upgradedcore-1.19.2-4.1.0.1-release.jar
[04Apr2026 15:23:57.563] [main/DEBUG] [net.minecraftforge.fml.loading.moddiscovery.ModFileInfo/LOADING]: Found valid mod file upgradedcore-1.19.2-4.1.0.1-release.jar with {upgradedcore} mods - versions {1.19.2-4.1.0.1-release}
[04Apr2026 15:23:57.564] [main/DEBUG] [net.minecraftforge.fml.loading.moddiscovery.ModFileParser/LOADING]: Considering mod file candidate /home/sylein/cisco-server/mods/upgradednetherite-1.19.2-5.1.0.9-release.jar
[04Apr2026 15:23:57.565] [main/DEBUG] [net.minecraftforge.fml.loading.moddiscovery.ModFileInfo/LOADING]: Found valid mod file upgradednetherite-1.19.2-5.1.0.9-release.jar with {upgradednetherite} mods - versions {1.19.2-5.1.0.9-release}
[04Apr2026 15:23:57.566] [main/DEBUG] [net.minecraftforge.fml.loading.moddiscovery.ModFileParser/LOADING]: Considering mod file candidate /home/sylein/cisco-server/mods/upgradednetherite_items-1.19.2-4.1.0.2-release.jar
[04Apr2026 15:23:57.568] [main/DEBUG] [net.minecraftforge.fml.loading.moddiscovery.ModFileInfo/LOADING]: Found valid mod file upgradednetherite_items-1.19.2-4.1.0.2-release.jar with {upgradednetherite_items} mods - versions {1.19.2-4.1.0.2-release}
[04Apr2026 15:23:57.568] [main/DEBUG] [net.minecraftforge.fml.loading.moddiscovery.ModFileParser/LOADING]: Considering mod file candidate /home/sylein/cisco-server/mods/upgradednetherite_ultimate-1.19.2-4.1.0.4-release.jar
[04Apr2026 15:23:57.569] [main/DEBUG] [net.minecraftforge.fml.loading.moddiscovery.ModFileInfo/LOADING]: Found valid mod file upgradednetherite_ultimate-1.19.2-4.1.0.4-release.jar with {upgradednetherite_ultimate} mods - versions {1.19.2-4.1.0.4-release}
[04Apr2026 15:23:57.569] [main/DEBUG] [net.minecraftforge.fml.loading.moddiscovery.ModFileParser/LOADING]: Considering mod file candidate /home/sylein/cisco-server/mods/valhelsia_core-forge-1.19.2-0.5.0.jar
[04Apr2026 15:23:57.570] [main/DEBUG] [net.minecraftforge.fml.loading.moddiscovery.ModFileInfo/LOADING]: Found valid mod file valhelsia_core-forge-1.19.2-0.5.0.jar with {valhelsia_core} mods - versions {1.19.2-0.5.0}
[04Apr2026 15:23:57.571] [main/DEBUG] [net.minecraftforge.fml.loading.moddiscovery.ModFileParser/LOADING]: Considering mod file candidate /home/sylein/cisco-server/mods/Wabi-Sabi-Structures-1.2.0-1.19-Forge.jar
[04Apr2026 15:23:57.572] [main/DEBUG] [net.minecraftforge.fml.loading.moddiscovery.ModFileInfo/LOADING]: Found valid mod file Wabi-Sabi-Structures-1.2.0-1.19-Forge.jar with {wabi_sabi_structures} mods - versions {1.2.0-1.19}
[04Apr2026 15:23:57.572] [main/DEBUG] [net.minecraftforge.fml.loading.moddiscovery.ModFileParser/LOADING]: Considering mod file candidate /home/sylein/cisco-server/mods/waystones-forge-1.19.2-11.4.2.jar
[04Apr2026 15:23:57.573] [main/DEBUG] [net.minecraftforge.fml.loading.moddiscovery.ModFileInfo/LOADING]: Found valid mod file waystones-forge-1.19.2-11.4.2.jar with {waystones} mods - versions {11.4.2}
[04Apr2026 15:23:57.573] [main/DEBUG] [net.minecraftforge.fml.loading.moddiscovery.ModFileParser/LOADING]: Considering mod file candidate /home/sylein/cisco-server/mods/whisperwoods-1.19-2.1.1-forge.jar
[04Apr2026 15:23:57.574] [main/DEBUG] [net.minecraftforge.fml.loading.moddiscovery.ModFileInfo/LOADING]: Found valid mod file whisperwoods-1.19-2.1.1-forge.jar with {whisperwoods} mods - versions {1.19-2.1.1}
[04Apr2026 15:23:57.691] [main/DEBUG] [net.minecraftforge.fml.loading.moddiscovery.ModFileParser/LOADING]: Considering mod file candidate /home/sylein/cisco-server/mods/woodworks-1.19.2-2.2.2.jar
[04Apr2026 15:23:57.691] [main/DEBUG] [net.minecraftforge.fml.loading.moddiscovery.ModFileInfo/LOADING]: Found valid mod file woodworks-1.19.2-2.2.2.jar with {woodworks} mods - versions {2.2.2}
[04Apr2026 15:23:57.693] [main/DEBUG] [net.minecraftforge.fml.loading.moddiscovery.ModFileParser/LOADING]: Considering mod file candidate /home/sylein/cisco-server/mods/Xaeros_Minimap_25.2.10_Forge_1.19.1.jar
[04Apr2026 15:23:57.693] [main/DEBUG] [net.minecraftforge.fml.loading.moddiscovery.ModFileInfo/LOADING]: Found valid mod file Xaeros_Minimap_25.2.10_Forge_1.19.1.jar with {xaerominimap} mods - versions {25.2.10}
[04Apr2026 15:23:57.694] [main/DEBUG] [net.minecraftforge.fml.loading.moddiscovery.ModFileParser/LOADING]: Considering mod file candidate /home/sylein/cisco-server/mods/XaerosWorldMap_1.39.12_Forge_1.19.1.jar
[04Apr2026 15:23:57.695] [main/DEBUG] [net.minecraftforge.fml.loading.moddiscovery.ModFileInfo/LOADING]: Found valid mod file XaerosWorldMap_1.39.12_Forge_1.19.1.jar with {xaeroworldmap} mods - versions {1.39.12}
[04Apr2026 15:23:57.696] [main/DEBUG] [net.minecraftforge.fml.loading.moddiscovery.ModFileParser/LOADING]: Considering mod file candidate /home/sylein/cisco-server/mods/xptome-1.19-2.1.7.jar
[04Apr2026 15:23:57.697] [main/DEBUG] [net.minecraftforge.fml.loading.moddiscovery.ModFileInfo/LOADING]: Found valid mod file xptome-1.19-2.1.7.jar with {xpbook} mods - versions {2.1.7}
[04Apr2026 15:23:57.697] [main/DEBUG] [net.minecraftforge.fml.loading.moddiscovery.ModFileParser/LOADING]: Considering mod file candidate /home/sylein/cisco-server/mods/yeetusexperimentus-1.0.1-build.2+mc1.19.1.jar
[04Apr2026 15:23:57.698] [main/DEBUG] [net.minecraftforge.fml.loading.moddiscovery.ModFileInfo/LOADING]: Found valid mod file yeetusexperimentus-1.0.1-build.2+mc1.19.1.jar with {yeetusexperimentus} mods - versions {1.0.1-build.2+mc1.19.1}
[04Apr2026 15:23:57.699] [main/DEBUG] [net.minecraftforge.fml.loading.moddiscovery.ModFileParser/LOADING]: Considering mod file candidate /home/sylein/cisco-server/mods/YungsApi-1.19.2-Forge-3.8.10.jar
[04Apr2026 15:23:57.699] [main/DEBUG] [net.minecraftforge.fml.loading.moddiscovery.ModFileInfo/LOADING]: Found valid mod file YungsApi-1.19.2-Forge-3.8.10.jar with {yungsapi} mods - versions {1.19.2-Forge-3.8.10}
[04Apr2026 15:23:57.700] [main/DEBUG] [net.minecraftforge.fml.loading.moddiscovery.ModFileParser/LOADING]: Considering mod file candidate /home/sylein/cisco-server/mods/YungsBetterDesertTemples-1.19.2-Forge-2.2.2.jar
[04Apr2026 15:23:57.701] [main/DEBUG] [net.minecraftforge.fml.loading.moddiscovery.ModFileInfo/LOADING]: Found valid mod file YungsBetterDesertTemples-1.19.2-Forge-2.2.2.jar with {betterdeserttemples} mods - versions {1.19.2-Forge-2.2.2}
[04Apr2026 15:23:57.702] [main/DEBUG] [net.minecraftforge.fml.loading.moddiscovery.ModFileParser/LOADING]: Considering mod file candidate /home/sylein/cisco-server/mods/YungsBetterDungeons-1.19.2-Forge-3.2.2.jar
[04Apr2026 15:23:57.703] [main/DEBUG] [net.minecraftforge.fml.loading.moddiscovery.ModFileInfo/LOADING]: Found valid mod file YungsBetterDungeons-1.19.2-Forge-3.2.2.jar with {betterdungeons} mods - versions {1.19.2-Forge-3.2.2}
[04Apr2026 15:23:57.703] [main/DEBUG] [net.minecraftforge.fml.loading.moddiscovery.ModFileParser/LOADING]: Considering mod file candidate /home/sylein/cisco-server/mods/YungsBetterEndIsland-1.19.2-Forge-1.0.jar
[04Apr2026 15:23:57.704] [main/DEBUG] [net.minecraftforge.fml.loading.moddiscovery.ModFileInfo/LOADING]: Found valid mod file YungsBetterEndIsland-1.19.2-Forge-1.0.jar with {betterendisland} mods - versions {1.19.2-Forge-1.0}
[04Apr2026 15:23:57.705] [main/DEBUG] [net.minecraftforge.fml.loading.moddiscovery.ModFileParser/LOADING]: Considering mod file candidate /home/sylein/cisco-server/mods/YungsBetterJungleTemples-1.19.2-Forge-1.0.1.jar
[04Apr2026 15:23:57.706] [main/DEBUG] [net.minecraftforge.fml.loading.moddiscovery.ModFileInfo/LOADING]: Found valid mod file YungsBetterJungleTemples-1.19.2-Forge-1.0.1.jar with {betterjungletemples} mods - versions {1.19.2-Forge-1.0.1}
[04Apr2026 15:23:57.708] [main/DEBUG] [net.minecraftforge.fml.loading.moddiscovery.ModFileParser/LOADING]: Considering mod file candidate /home/sylein/cisco-server/mods/YungsBetterMineshafts-1.19.2-Forge-3.2.1.jar
[04Apr2026 15:23:57.709] [main/DEBUG] [net.minecraftforge.fml.loading.moddiscovery.ModFileInfo/LOADING]: Found valid mod file YungsBetterMineshafts-1.19.2-Forge-3.2.1.jar with {bettermineshafts} mods - versions {1.19.2-Forge-3.2.1}
[04Apr2026 15:23:57.710] [main/DEBUG] [net.minecraftforge.fml.loading.moddiscovery.ModFileParser/LOADING]: Considering mod file candidate /home/sylein/cisco-server/mods/YungsBetterNetherFortresses-1.19.2-Forge-1.0.6.jar
[04Apr2026 15:23:57.711] [main/DEBUG] [net.minecraftforge.fml.loading.moddiscovery.ModFileInfo/LOADING]: Found valid mod file YungsBetterNetherFortresses-1.19.2-Forge-1.0.6.jar with {betterfortresses} mods - versions {1.19.2-Forge-1.0.6}
[04Apr2026 15:23:57.712] [main/DEBUG] [net.minecraftforge.fml.loading.moddiscovery.ModFileParser/LOADING]: Considering mod file candidate /home/sylein/cisco-server/mods/YungsBetterOceanMonuments-1.19.2-Forge-2.1.1.jar
[04Apr2026 15:23:57.712] [main/DEBUG] [net.minecraftforge.fml.loading.moddiscovery.ModFileInfo/LOADING]: Found valid mod file YungsBetterOceanMonuments-1.19.2-Forge-2.1.1.jar with {betteroceanmonuments} mods - versions {1.19.2-Forge-2.1.1}
[04Apr2026 15:23:57.713] [main/DEBUG] [net.minecraftforge.fml.loading.moddiscovery.ModFileParser/LOADING]: Considering mod file candidate /home/sylein/cisco-server/mods/YungsBetterStrongholds-1.19.2-Forge-3.2.0.jar
[04Apr2026 15:23:57.714] [main/DEBUG] [net.minecraftforge.fml.loading.moddiscovery.ModFileInfo/LOADING]: Found valid mod file YungsBetterStrongholds-1.19.2-Forge-3.2.0.jar with {betterstrongholds} mods - versions {1.19.2-Forge-3.2.0}
[04Apr2026 15:23:57.902] [main/DEBUG] [net.minecraftforge.fml.loading.moddiscovery.ModFileInfo/LOADING]: Found valid mod file server-1.19.2-20220805.130853-srg.jar with {minecraft} mods - versions {1.19.2}
[04Apr2026 15:23:57.906] [main/DEBUG] [net.minecraftforge.fml.loading.moddiscovery.ModFileParser/LOADING]: Considering mod file candidate /home/sylein/cisco-server/libraries/net/minecraftforge/fmlcore/1.19.2-43.5.1/fmlcore-1.19.2-43.5.1.jar
[04Apr2026 15:23:57.906] [main/WARN] [net.minecraftforge.fml.loading.moddiscovery.ModFileParser/LOADING]: Mod file /home/sylein/cisco-server/libraries/net/minecraftforge/fmlcore/1.19.2-43.5.1/fmlcore-1.19.2-43.5.1.jar is missing mods.toml file
[04Apr2026 15:23:57.910] [main/DEBUG] [net.minecraftforge.fml.loading.moddiscovery.ModFileParser/LOADING]: Considering mod file candidate /home/sylein/cisco-server/libraries/net/minecraftforge/javafmllanguage/1.19.2-43.5.1/javafmllanguage-1.19.2-43.5.1.jar
[04Apr2026 15:23:57.910] [main/WARN] [net.minecraftforge.fml.loading.moddiscovery.ModFileParser/LOADING]: Mod file /home/sylein/cisco-server/libraries/net/minecraftforge/javafmllanguage/1.19.2-43.5.1/javafmllanguage-1.19.2-43.5.1.jar is missing mods.toml file
[04Apr2026 15:23:57.912] [main/DEBUG] [net.minecraftforge.fml.loading.moddiscovery.ModFileParser/LOADING]: Considering mod file candidate /home/sylein/cisco-server/libraries/net/minecraftforge/lowcodelanguage/1.19.2-43.5.1/lowcodelanguage-1.19.2-43.5.1.jar
[04Apr2026 15:23:57.912] [main/WARN] [net.minecraftforge.fml.loading.moddiscovery.ModFileParser/LOADING]: Mod file /home/sylein/cisco-server/libraries/net/minecraftforge/lowcodelanguage/1.19.2-43.5.1/lowcodelanguage-1.19.2-43.5.1.jar is missing mods.toml file
[04Apr2026 15:23:57.914] [main/DEBUG] [net.minecraftforge.fml.loading.moddiscovery.ModFileParser/LOADING]: Considering mod file candidate /home/sylein/cisco-server/libraries/net/minecraftforge/mclanguage/1.19.2-43.5.1/mclanguage-1.19.2-43.5.1.jar
[04Apr2026 15:23:57.914] [main/WARN] [net.minecraftforge.fml.loading.moddiscovery.ModFileParser/LOADING]: Mod file /home/sylein/cisco-server/libraries/net/minecraftforge/mclanguage/1.19.2-43.5.1/mclanguage-1.19.2-43.5.1.jar is missing mods.toml file
[04Apr2026 15:23:57.938] [main/DEBUG] [net.minecraftforge.fml.loading.moddiscovery.ModFileParser/LOADING]: Considering mod file candidate /home/sylein/cisco-server/libraries/net/minecraftforge/forge/1.19.2-43.5.1/forge-1.19.2-43.5.1-universal.jar
[04Apr2026 15:23:57.939] [main/DEBUG] [net.minecraftforge.fml.loading.moddiscovery.ModFileInfo/LOADING]: Found valid mod file forge-1.19.2-43.5.1-universal.jar with {forge} mods - versions {43.5.1}
[04Apr2026 15:23:57.951] [main/DEBUG] [net.minecraftforge.fml.loading.UniqueModListBuilder/]: Found 2 mods for first modid explorify, selecting most recent based on version data
[04Apr2026 15:23:57.952] [main/DEBUG] [net.minecraftforge.fml.loading.UniqueModListBuilder/]: Selected file Explorify v1.6.3 f10-88.mod.jar for modid explorify with version 1.6.3
[04Apr2026 15:23:57.952] [main/DEBUG] [net.minecraftforge.fml.loading.UniqueModListBuilder/]: Found 2 mods for first modid azurelib, selecting most recent based on version data
[04Apr2026 15:23:57.952] [main/DEBUG] [net.minecraftforge.fml.loading.UniqueModListBuilder/]: Selected file azurelib-forge-1.19.2-3.2.1.jar for modid azurelib with version 3.2.1
[04Apr2026 15:23:57.952] [main/DEBUG] [net.minecraftforge.fml.loading.UniqueModListBuilder/]: Found 2 mods for first modid raided, selecting most recent based on version data
[04Apr2026 15:23:57.952] [main/DEBUG] [net.minecraftforge.fml.loading.UniqueModListBuilder/]: Selected file Raided-1.19.2-0.1.6.jar for modid raided with version 0.1.6
[04Apr2026 15:23:57.953] [main/DEBUG] [net.minecraftforge.fml.loading.UniqueModListBuilder/]: Found 2 mods for first modid doespotatotick, selecting most recent based on version data
[04Apr2026 15:23:57.953] [main/DEBUG] [net.minecraftforge.fml.loading.UniqueModListBuilder/]: Selected file doespotatotick-1.19.2-5.3.4.jar for modid doespotatotick with version 1.19.2-5.3.4
[04Apr2026 15:23:57.966] [main/DEBUG] [net.minecraftforge.fml.loading.moddiscovery.AbstractJarFileDependencyLocator/]: Failed to load resource META-INF/jarjar/metadata.json from saturn-mc1.19.2-0.1.4.jar, it does not contain dependency information.
[04Apr2026 15:23:57.967] [main/DEBUG] [net.minecraftforge.fml.loading.moddiscovery.AbstractJarFileDependencyLocator/]: Failed to load resource META-INF/jarjar/metadata.json from YungsBetterDungeons-1.19.2-Forge-3.2.2.jar, it does not contain dependency information.
[04Apr2026 15:23:57.967] [main/DEBUG] [net.minecraftforge.fml.loading.moddiscovery.AbstractJarFileDependencyLocator/]: Failed to load resource META-INF/jarjar/metadata.json from alexsmobs-1.21.1.jar, it does not contain dependency information.
[04Apr2026 15:23:57.967] [main/DEBUG] [net.minecraftforge.fml.loading.moddiscovery.AbstractJarFileDependencyLocator/]: Failed to load resource META-INF/jarjar/metadata.json from origins-accessbilities-1.19.2-1.1.1.jar, it does not contain dependency information.
[04Apr2026 15:23:57.967] [main/DEBUG] [net.minecraftforge.fml.loading.moddiscovery.AbstractJarFileDependencyLocator/]: Failed to load resource META-INF/jarjar/metadata.json from player-animation-lib-forge-1.0.2.jar, it does not contain dependency information.
[04Apr2026 15:23:57.967] [main/DEBUG] [net.minecraftforge.fml.loading.moddiscovery.AbstractJarFileDependencyLocator/]: Failed to load resource META-INF/jarjar/metadata.json from majruszs-difficulty-forge-1.19.2-1.9.9-backport.1.jar, it does not contain dependency information.
[04Apr2026 15:23:57.967] [main/DEBUG] [net.minecraftforge.fml.loading.moddiscovery.AbstractJarFileDependencyLocator/]: Failed to load resource META-INF/jarjar/metadata.json from nerb-1.19.2-0.3-FORGE.jar, it does not contain dependency information.
[04Apr2026 15:23:57.967] [main/DEBUG] [net.minecraftforge.fml.loading.moddiscovery.AbstractJarFileDependencyLocator/]: Failed to load resource META-INF/jarjar/metadata.json from Entity_Collision_FPS_Fix-forge-1.19-2.0.0.0.jar, it does not contain dependency information.
[04Apr2026 15:23:57.968] [main/DEBUG] [net.minecraftforge.fml.loading.moddiscovery.AbstractJarFileDependencyLocator/]: Failed to load resource META-INF/jarjar/metadata.json from stalwart-dungeons-1.19.2-1.2.8.jar, it does not contain dependency information.
[04Apr2026 15:23:57.968] [main/DEBUG] [net.minecraftforge.fml.loading.moddiscovery.AbstractJarFileDependencyLocator/]: Failed to load resource META-INF/jarjar/metadata.json from rubidium-mc1.19.2-0.6.2c.jar, it does not contain dependency information.
[04Apr2026 15:23:57.968] [main/DEBUG] [net.minecraftforge.fml.loading.moddiscovery.AbstractJarFileDependencyLocator/]: Failed to load resource META-INF/jarjar/metadata.json from ArmorDamageLimit-1.19.2-1.0.0.jar, it does not contain dependency information.
[04Apr2026 15:23:57.968] [main/DEBUG] [net.minecraftforge.fml.loading.moddiscovery.AbstractJarFileDependencyLocator/]: Failed to load resource META-INF/jarjar/metadata.json from YungsApi-1.19.2-Forge-3.8.10.jar, it does not contain dependency information.
[04Apr2026 15:23:57.968] [main/DEBUG] [net.minecraftforge.fml.loading.moddiscovery.AbstractJarFileDependencyLocator/]: Failed to load resource META-INF/jarjar/metadata.json from GatewaysToEternity-1.19.2-3.2.3.jar, it does not contain dependency information.
[04Apr2026 15:23:57.969] [main/DEBUG] [net.minecraftforge.fml.loading.moddiscovery.AbstractJarFileDependencyLocator/]: Failed to load resource META-INF/jarjar/metadata.json from MaxHealthFix-Forge-1.19.2-8.0.2.jar, it does not contain dependency information.
[04Apr2026 15:23:57.969] [main/DEBUG] [net.minecraftforge.fml.loading.moddiscovery.AbstractJarFileDependencyLocator/]: Failed to load resource META-INF/jarjar/metadata.json from upgradednetherite_items-1.19.2-4.1.0.2-release.jar, it does not contain dependency information.
[04Apr2026 15:23:57.969] [main/DEBUG] [net.minecraftforge.fml.loading.moddiscovery.AbstractJarFileDependencyLocator/]: Failed to load resource META-INF/jarjar/metadata.json from letsdo-vinery-forge-1.3.12b.jar, it does not contain dependency information.
[04Apr2026 15:23:57.969] [main/DEBUG] [net.minecraftforge.fml.loading.moddiscovery.AbstractJarFileDependencyLocator/]: Failed to load resource META-INF/jarjar/metadata.json from Apotheosis-1.19.2-6.5.2.jar, it does not contain dependency information.
[04Apr2026 15:23:57.969] [main/DEBUG] [net.minecraftforge.fml.loading.moddiscovery.AbstractJarFileDependencyLocator/]: Failed to load resource META-INF/jarjar/metadata.json from savage_and_ravage-1.19.2-5.0.5.jar, it does not contain dependency information.
[04Apr2026 15:23:57.969] [main/DEBUG] [net.minecraftforge.fml.loading.moddiscovery.AbstractJarFileDependencyLocator/]: Failed to load resource META-INF/jarjar/metadata.json from clayworks-1.19.2-2.1.0.jar, it does not contain dependency information.
[04Apr2026 15:23:57.970] [main/DEBUG] [net.minecraftforge.fml.loading.moddiscovery.AbstractJarFileDependencyLocator/]: Failed to load resource META-INF/jarjar/metadata.json from balm-forge-1.19.2-4.6.0.jar, it does not contain dependency information.
[04Apr2026 15:23:57.970] [main/DEBUG] [net.minecraftforge.fml.loading.moddiscovery.AbstractJarFileDependencyLocator/]: Failed to load resource META-INF/jarjar/metadata.json from immersive_armors-1.5.6+1.19.2-forge.jar, it does not contain dependency information.
[04Apr2026 15:23:57.970] [main/DEBUG] [net.minecraftforge.fml.loading.moddiscovery.AbstractJarFileDependencyLocator/]: Failed to load resource META-INF/jarjar/metadata.json from JustEnoughResources-1.19.2-1.2.3.243.jar, it does not contain dependency information.
[04Apr2026 15:23:57.970] [main/DEBUG] [net.minecraftforge.fml.loading.moddiscovery.AbstractJarFileDependencyLocator/]: Failed to load resource META-INF/jarjar/metadata.json from YungsBetterNetherFortresses-1.19.2-Forge-1.0.6.jar, it does not contain dependency information.
[04Apr2026 15:23:57.970] [main/DEBUG] [net.minecraftforge.fml.loading.moddiscovery.AbstractJarFileDependencyLocator/]: Failed to load resource META-INF/jarjar/metadata.json from cloth-config-8.3.134-forge.jar, it does not contain dependency information.
[04Apr2026 15:23:57.970] [main/DEBUG] [net.minecraftforge.fml.loading.moddiscovery.AbstractJarFileDependencyLocator/]: Failed to load resource META-INF/jarjar/metadata.json from ctov-3.2.6c.jar, it does not contain dependency information.
[04Apr2026 15:23:57.970] [main/DEBUG] [net.minecraftforge.fml.loading.moddiscovery.AbstractJarFileDependencyLocator/]: Failed to load resource META-INF/jarjar/metadata.json from LeavesBeGone-v4.0.1-1.19.2-Forge.jar, it does not contain dependency information.
[04Apr2026 15:23:57.970] [main/DEBUG] [net.minecraftforge.fml.loading.moddiscovery.AbstractJarFileDependencyLocator/]: Failed to load resource META-INF/jarjar/metadata.json from AutoLeveling-1.19.2-1.19b.jar, it does not contain dependency information.
[04Apr2026 15:23:57.970] [main/DEBUG] [net.minecraftforge.fml.loading.moddiscovery.AbstractJarFileDependencyLocator/]: Failed to load resource META-INF/jarjar/metadata.json from iterpg-0.5.0-1.19.2.jar, it does not contain dependency information.
[04Apr2026 15:23:57.971] [main/DEBUG] [net.minecraftforge.fml.loading.moddiscovery.AbstractJarFileDependencyLocator/]: Failed to load resource META-INF/jarjar/metadata.json from upgradednetherite-1.19.2-5.1.0.9-release.jar, it does not contain dependency information.
[04Apr2026 15:23:57.971] [main/DEBUG] [net.minecraftforge.fml.loading.moddiscovery.AbstractJarFileDependencyLocator/]: Failed to load resource META-INF/jarjar/metadata.json from stylecolonies-1.2.2.jar, it does not contain dependency information.
[04Apr2026 15:23:57.971] [main/DEBUG] [net.minecraftforge.fml.loading.moddiscovery.AbstractJarFileDependencyLocator/]: Failed to load resource META-INF/jarjar/metadata.json from structure_gel-1.19.2-2.7.3.jar, it does not contain dependency information.
[04Apr2026 15:23:57.971] [main/DEBUG] [net.minecraftforge.fml.loading.moddiscovery.AbstractJarFileDependencyLocator/]: Failed to load resource META-INF/jarjar/metadata.json from solapplepie-1.19.2-2.2.0.jar, it does not contain dependency information.
[04Apr2026 15:23:57.971] [main/DEBUG] [net.minecraftforge.fml.loading.moddiscovery.AbstractJarFileDependencyLocator/]: Failed to load resource META-INF/jarjar/metadata.json from corpse-forge-1.19.2-1.0.17.jar, it does not contain dependency information.
[04Apr2026 15:23:57.971] [main/DEBUG] [net.minecraftforge.fml.loading.moddiscovery.AbstractJarFileDependencyLocator/]: Failed to load resource META-INF/jarjar/metadata.json from AdvancementPlaques-1.19.2-1.4.7.jar, it does not contain dependency information.
[04Apr2026 15:23:57.971] [main/DEBUG] [net.minecraftforge.fml.loading.moddiscovery.AbstractJarFileDependencyLocator/]: Failed to load resource META-INF/jarjar/metadata.json from ftb-xmod-compat-forge-1.2.4.jar, it does not contain dependency information.
[04Apr2026 15:23:57.972] [main/DEBUG] [net.minecraftforge.fml.loading.moddiscovery.AbstractJarFileDependencyLocator/]: Failed to load resource META-INF/jarjar/metadata.json from combatroll-forge-1.1.5+1.19.jar, it does not contain dependency information.
[04Apr2026 15:23:57.972] [main/DEBUG] [net.minecraftforge.fml.loading.moddiscovery.AbstractJarFileDependencyLocator/]: Failed to load resource META-INF/jarjar/metadata.json from morevillagers-forge-1.19-4.0.3.jar, it does not contain dependency information.
[04Apr2026 15:23:57.972] [main/DEBUG] [net.minecraftforge.fml.loading.moddiscovery.AbstractJarFileDependencyLocator/]: Failed to load resource META-INF/jarjar/metadata.json from Explorify v1.6.3 f10-88.mod.jar, it does not contain dependency information.
[04Apr2026 15:23:57.972] [main/DEBUG] [net.minecraftforge.fml.loading.moddiscovery.AbstractJarFileDependencyLocator/]: Failed to load resource META-INF/jarjar/metadata.json from ironfurnaces-1.19.2-3.6.5.jar, it does not contain dependency information.
[04Apr2026 15:23:57.972] [main/DEBUG] [net.minecraftforge.fml.loading.moddiscovery.AbstractJarFileDependencyLocator/]: Failed to load resource META-INF/jarjar/metadata.json from dungeons_plus-1.19.2-1.3.1.jar, it does not contain dependency information.
[04Apr2026 15:23:57.972] [main/DEBUG] [net.minecraftforge.fml.loading.moddiscovery.AbstractJarFileDependencyLocator/]: Failed to load resource META-INF/jarjar/metadata.json from UnusualEnd1.19.2_V1.4.3.jar, it does not contain dependency information.
[04Apr2026 15:23:57.973] [main/DEBUG] [net.minecraftforge.fml.loading.moddiscovery.AbstractJarFileDependencyLocator/]: Failed to load resource META-INF/jarjar/metadata.json from DarkerDepths-1.19.2-1.0.0.jar, it does not contain dependency information.
[04Apr2026 15:23:57.973] [main/DEBUG] [net.minecraftforge.fml.loading.moddiscovery.AbstractJarFileDependencyLocator/]: Failed to load resource META-INF/jarjar/metadata.json from Highlighter-1.19.1-1.1.4.jar, it does not contain dependency information.
[04Apr2026 15:23:57.973] [main/DEBUG] [net.minecraftforge.fml.loading.moddiscovery.AbstractJarFileDependencyLocator/]: Failed to load resource META-INF/jarjar/metadata.json from TextruesRubidiumOptions-1.0.7-mc1.19.2.jar, it does not contain dependency information.
[04Apr2026 15:23:57.973] [main/DEBUG] [net.minecraftforge.fml.loading.moddiscovery.AbstractJarFileDependencyLocator/]: Failed to load resource META-INF/jarjar/metadata.json from mcsa-forge-3.1.4+1.19.jar, it does not contain dependency information.
[04Apr2026 15:23:57.973] [main/DEBUG] [net.minecraftforge.fml.loading.moddiscovery.AbstractJarFileDependencyLocator/]: Failed to load resource META-INF/jarjar/metadata.json from curios-forge-1.19.2-5.1.6.4.jar, it does not contain dependency information.
[04Apr2026 15:23:57.973] [main/DEBUG] [net.minecraftforge.fml.loading.moddiscovery.AbstractJarFileDependencyLocator/]: Failed to load resource META-INF/jarjar/metadata.json from right-click-harvest-3.2.3+1.19.2-forge.jar, it does not contain dependency information.
[04Apr2026 15:23:57.973] [main/DEBUG] [net.minecraftforge.fml.loading.moddiscovery.AbstractJarFileDependencyLocator/]: Failed to load resource META-INF/jarjar/metadata.json from GameStages-Forge-1.19.2-11.1.4.jar, it does not contain dependency information.
[04Apr2026 15:23:57.973] [main/DEBUG] [net.minecraftforge.fml.loading.moddiscovery.AbstractJarFileDependencyLocator/]: Failed to load resource META-INF/jarjar/metadata.json from noisium-1.0.2.jar, it does not contain dependency information.
[04Apr2026 15:23:57.973] [main/DEBUG] [net.minecraftforge.fml.loading.moddiscovery.AbstractJarFileDependencyLocator/]: Failed to load resource META-INF/jarjar/metadata.json from dragon_enchants-1.0.4-1.19.2.jar, it does not contain dependency information.
[04Apr2026 15:23:57.973] [main/DEBUG] [net.minecraftforge.fml.loading.moddiscovery.AbstractJarFileDependencyLocator/]: Failed to load resource META-INF/jarjar/metadata.json from pluto-mc1.19.2-0.0.9.jar, it does not contain dependency information.
[04Apr2026 15:23:57.974] [main/DEBUG] [net.minecraftforge.fml.loading.moddiscovery.AbstractJarFileDependencyLocator/]: Failed to load resource META-INF/jarjar/metadata.json from constructionwand-1.19.2-2.10.jar, it does not contain dependency information.
[04Apr2026 15:23:57.974] [main/DEBUG] [net.minecraftforge.fml.loading.moddiscovery.AbstractJarFileDependencyLocator/]: Failed to load resource META-INF/jarjar/metadata.json from betterwithminecolonies-1.19-1.18.19.jar, it does not contain dependency information.
[04Apr2026 15:23:57.974] [main/DEBUG] [net.minecraftforge.fml.loading.moddiscovery.AbstractJarFileDependencyLocator/]: Failed to load resource META-INF/jarjar/metadata.json from ApothicCurios-1.19.2-1.0.3c.jar, it does not contain dependency information.
[04Apr2026 15:23:57.974] [main/DEBUG] [net.minecraftforge.fml.loading.moddiscovery.AbstractJarFileDependencyLocator/]: Failed to load resource META-INF/jarjar/metadata.json from YungsBetterEndIsland-1.19.2-Forge-1.0.jar, it does not contain dependency information.
[04Apr2026 15:23:57.974] [main/DEBUG] [net.minecraftforge.fml.loading.moddiscovery.AbstractJarFileDependencyLocator/]: Failed to load resource META-INF/jarjar/metadata.json from celestisynth-1.19.2-1.1.5.jar, it does not contain dependency information.
[04Apr2026 15:23:57.974] [main/DEBUG] [net.minecraftforge.fml.loading.moddiscovery.AbstractJarFileDependencyLocator/]: Failed to load resource META-INF/jarjar/metadata.json from toms_storage-1.19-1.5.11.jar, it does not contain dependency information.
[04Apr2026 15:23:57.974] [main/DEBUG] [net.minecraftforge.fml.loading.moddiscovery.AbstractJarFileDependencyLocator/]: Failed to load resource META-INF/jarjar/metadata.json from YungsBetterMineshafts-1.19.2-Forge-3.2.1.jar, it does not contain dependency information.
[04Apr2026 15:23:57.974] [main/DEBUG] [net.minecraftforge.fml.loading.moddiscovery.AbstractJarFileDependencyLocator/]: Failed to load resource META-INF/jarjar/metadata.json from geckolib-forge-1.19-3.1.40.jar, it does not contain dependency information.
[04Apr2026 15:23:57.974] [main/DEBUG] [net.minecraftforge.fml.loading.moddiscovery.AbstractJarFileDependencyLocator/]: Failed to load resource META-INF/jarjar/metadata.json from majrusz-library-forge-1.19.2-7.0.5-backport.1.jar, it does not contain dependency information.
[04Apr2026 15:23:57.974] [main/DEBUG] [net.minecraftforge.fml.loading.moddiscovery.AbstractJarFileDependencyLocator/]: Failed to load resource META-INF/jarjar/metadata.json from YungsBetterJungleTemples-1.19.2-Forge-1.0.1.jar, it does not contain dependency information.
[04Apr2026 15:23:57.974] [main/DEBUG] [net.minecraftforge.fml.loading.moddiscovery.AbstractJarFileDependencyLocator/]: Failed to load resource META-INF/jarjar/metadata.json from mowziesmobs-1.6.3.jar, it does not contain dependency information.
[04Apr2026 15:23:57.974] [main/DEBUG] [net.minecraftforge.fml.loading.moddiscovery.AbstractJarFileDependencyLocator/]: Failed to load resource META-INF/jarjar/metadata.json from humancompanions-1.19.2-1.7.4.jar, it does not contain dependency information.
[04Apr2026 15:23:57.974] [main/DEBUG] [net.minecraftforge.fml.loading.moddiscovery.AbstractJarFileDependencyLocator/]: Failed to load resource META-INF/jarjar/metadata.json from ftb-library-forge-1902.4.1-build.236.jar, it does not contain dependency information.
[04Apr2026 15:23:57.975] [main/DEBUG] [net.minecraftforge.fml.loading.moddiscovery.AbstractJarFileDependencyLocator/]: Failed to load resource META-INF/jarjar/metadata.json from MutantMonsters-v4.0.6-1.19.2-Forge.jar, it does not contain dependency information.
[04Apr2026 15:23:57.975] [main/DEBUG] [net.minecraftforge.fml.loading.moddiscovery.AbstractJarFileDependencyLocator/]: Failed to load resource META-INF/jarjar/metadata.json from jei-1.19.2-forge-11.8.1.1034.jar, it does not contain dependency information.
[04Apr2026 15:23:57.975] [main/DEBUG] [net.minecraftforge.fml.loading.moddiscovery.AbstractJarFileDependencyLocator/]: Failed to load resource META-INF/jarjar/metadata.json from multipiston-1.19.2-1.2.25-ALPHA.jar, it does not contain dependency information.
[04Apr2026 15:23:57.975] [main/DEBUG] [net.minecraftforge.fml.loading.moddiscovery.AbstractJarFileDependencyLocator/]: Failed to load resource META-INF/jarjar/metadata.json from AttributeFix-Forge-1.19.2-17.2.8.jar, it does not contain dependency information.
[04Apr2026 15:23:57.975] [main/DEBUG] [net.minecraftforge.fml.loading.moddiscovery.AbstractJarFileDependencyLocator/]: Failed to load resource META-INF/jarjar/metadata.json from libraryferret-forge-1.19.2-4.0.0.jar, it does not contain dependency information.
[04Apr2026 15:23:57.975] [main/DEBUG] [net.minecraftforge.fml.loading.moddiscovery.AbstractJarFileDependencyLocator/]: Failed to load resource META-INF/jarjar/metadata.json from goblintraders-1.8.0-1.19.2.jar, it does not contain dependency information.
[04Apr2026 15:23:57.975] [main/DEBUG] [net.minecraftforge.fml.loading.moddiscovery.AbstractJarFileDependencyLocator/]: Failed to load resource META-INF/jarjar/metadata.json from caelus-forge-1.19.2-3.0.0.6.jar, it does not contain dependency information.
[04Apr2026 15:23:57.975] [main/DEBUG] [net.minecraftforge.fml.loading.moddiscovery.AbstractJarFileDependencyLocator/]: Failed to load resource META-INF/jarjar/metadata.json from Paxi-1.19.2-Forge-3.0.1.jar, it does not contain dependency information.
[04Apr2026 15:23:57.975] [main/DEBUG] [net.minecraftforge.fml.loading.moddiscovery.AbstractJarFileDependencyLocator/]: Failed to load resource META-INF/jarjar/metadata.json from RingsOfAscension-1.19-1.0.1.jar, it does not contain dependency information.
[04Apr2026 15:23:57.975] [main/DEBUG] [net.minecraftforge.fml.loading.moddiscovery.AbstractJarFileDependencyLocator/]: Failed to load resource META-INF/jarjar/metadata.json from fastasyncworldsave-1.19.2-2.0.jar, it does not contain dependency information.
[04Apr2026 15:23:57.975] [main/DEBUG] [net.minecraftforge.fml.loading.moddiscovery.AbstractJarFileDependencyLocator/]: Failed to load resource META-INF/jarjar/metadata.json from apotheotic_additions1.0.4.jar, it does not contain dependency information.
[04Apr2026 15:23:57.976] [main/DEBUG] [net.minecraftforge.fml.loading.moddiscovery.AbstractJarFileDependencyLocator/]: Failed to load resource META-INF/jarjar/metadata.json from NaturesCompass-1.19.2-1.10.0-forge.jar, it does not contain dependency information.
[04Apr2026 15:23:57.976] [main/DEBUG] [net.minecraftforge.fml.loading.moddiscovery.AbstractJarFileDependencyLocator/]: Failed to load resource META-INF/jarjar/metadata.json from CraterLib-Forge-1.19.2-2.1.5.jar, it does not contain dependency information.
[04Apr2026 15:23:57.976] [main/DEBUG] [net.minecraftforge.fml.loading.moddiscovery.AbstractJarFileDependencyLocator/]: Failed to load resource META-INF/jarjar/metadata.json from starlight-1.1.1+forge.cf5b10b.jar, it does not contain dependency information.
[04Apr2026 15:23:57.976] [main/DEBUG] [net.minecraftforge.fml.loading.moddiscovery.AbstractJarFileDependencyLocator/]: Failed to load resource META-INF/jarjar/metadata.json from medieval_paintings-1.19.2-7.0.jar, it does not contain dependency information.
[04Apr2026 15:23:57.976] [main/DEBUG] [net.minecraftforge.fml.loading.moddiscovery.AbstractJarFileDependencyLocator/]: Failed to load resource META-INF/jarjar/metadata.json from corpsecurioscompat-1.18.x-1.20.x-Forge-2.2.2.jar, it does not contain dependency information.
[04Apr2026 15:23:57.976] [main/DEBUG] [net.minecraftforge.fml.loading.moddiscovery.AbstractJarFileDependencyLocator/]: Failed to load resource META-INF/jarjar/metadata.json from memoryleakfix-forge-1.17+-1.0.0.jar, it does not contain dependency information.
[04Apr2026 15:23:57.976] [main/DEBUG] [net.minecraftforge.fml.loading.moddiscovery.AbstractJarFileDependencyLocator/]: Failed to load resource META-INF/jarjar/metadata.json from CraftTweaker-forge-1.19.2-10.1.56.jar, it does not contain dependency information.
[04Apr2026 15:23:57.976] [main/DEBUG] [net.minecraftforge.fml.loading.moddiscovery.AbstractJarFileDependencyLocator/]: Failed to load resource META-INF/jarjar/metadata.json from ars_nouveau-1.19.2-3.23.0.jar, it does not contain dependency information.
[04Apr2026 15:23:57.976] [main/DEBUG] [net.minecraftforge.fml.loading.moddiscovery.AbstractJarFileDependencyLocator/]: Failed to load resource META-INF/jarjar/metadata.json from rubidium_extras-1.19.2_v1.4.3.jar, it does not contain dependency information.
[04Apr2026 15:23:57.976] [main/DEBUG] [net.minecraftforge.fml.loading.moddiscovery.AbstractJarFileDependencyLocator/]: Failed to load resource META-INF/jarjar/metadata.json from DungeonsAriseSevenSeas-1.19.2-1.0.2-forge.jar, it does not contain dependency information.
[04Apr2026 15:23:57.977] [main/DEBUG] [net.minecraftforge.fml.loading.moddiscovery.AbstractJarFileDependencyLocator/]: Failed to load resource META-INF/jarjar/metadata.json from forge-1.19.2-43.5.1-universal.jar, it does not contain dependency information.
[04Apr2026 15:23:57.977] [main/DEBUG] [net.minecraftforge.fml.loading.moddiscovery.AbstractJarFileDependencyLocator/]: Failed to load resource META-INF/jarjar/metadata.json from ironchest-1.19.2-14.2.7.jar, it does not contain dependency information.
[04Apr2026 15:23:57.977] [main/DEBUG] [net.minecraftforge.fml.loading.moddiscovery.AbstractJarFileDependencyLocator/]: Failed to load resource META-INF/jarjar/metadata.json from infernalmobs-1.19.2.4.jar, it does not contain dependency information.
[04Apr2026 15:23:57.977] [main/DEBUG] [net.minecraftforge.fml.loading.moddiscovery.AbstractJarFileDependencyLocator/]: Failed to load resource META-INF/jarjar/metadata.json from DungeonsArise-1.19.2-2.1.54-release.jar, it does not contain dependency information.
[04Apr2026 15:23:57.977] [main/DEBUG] [net.minecraftforge.fml.loading.moddiscovery.AbstractJarFileDependencyLocator/]: Failed to load resource META-INF/jarjar/metadata.json from server-1.19.2-20220805.130853-srg.jar, it does not contain dependency information.
[04Apr2026 15:23:57.977] [main/DEBUG] [net.minecraftforge.fml.loading.moddiscovery.AbstractJarFileDependencyLocator/]: Failed to load resource META-INF/jarjar/metadata.json from sons-of-sins-1.19.2-2.1.6.jar, it does not contain dependency information.
[04Apr2026 15:23:57.978] [main/DEBUG] [net.minecraftforge.fml.loading.moddiscovery.AbstractJarFileDependencyLocator/]: Failed to load resource META-INF/jarjar/metadata.json from TerraBlender-forge-1.19.2-2.0.1.166.jar, it does not contain dependency information.
[04Apr2026 15:23:57.978] [main/DEBUG] [net.minecraftforge.fml.loading.moddiscovery.AbstractJarFileDependencyLocator/]: Failed to load resource META-INF/jarjar/metadata.json from MouseTweaks-forge-mc1.19-2.23.jar, it does not contain dependency information.
[04Apr2026 15:23:57.978] [main/DEBUG] [net.minecraftforge.fml.loading.moddiscovery.AbstractJarFileDependencyLocator/]: Failed to load resource META-INF/jarjar/metadata.json from bettercombat-forge-1.7.1+1.19.jar, it does not contain dependency information.
[04Apr2026 15:23:57.978] [main/DEBUG] [net.minecraftforge.fml.loading.moddiscovery.AbstractJarFileDependencyLocator/]: Failed to load resource META-INF/jarjar/metadata.json from Necronomicon-Forge-1.4.2.jar, it does not contain dependency information.
[04Apr2026 15:23:57.978] [main/DEBUG] [net.minecraftforge.fml.loading.moddiscovery.AbstractJarFileDependencyLocator/]: Failed to load resource META-INF/jarjar/metadata.json from ftb-quests-forge-1902.5.10-build.497.jar, it does not contain dependency information.
[04Apr2026 15:23:57.978] [main/DEBUG] [net.minecraftforge.fml.loading.moddiscovery.AbstractJarFileDependencyLocator/]: Failed to load resource META-INF/jarjar/metadata.json from awesomedungeonnether-forge-1.19.2-3.1.1.jar, it does not contain dependency information.
[04Apr2026 15:23:57.978] [main/DEBUG] [net.minecraftforge.fml.loading.moddiscovery.AbstractJarFileDependencyLocator/]: Failed to load resource META-INF/jarjar/metadata.json from knightquest-1.8.5.jar, it does not contain dependency information.
[04Apr2026 15:23:57.979] [main/DEBUG] [net.minecraftforge.fml.loading.moddiscovery.AbstractJarFileDependencyLocator/]: Failed to load resource META-INF/jarjar/metadata.json from CorgiLib-forge-1.19.2-1.0.0.34.jar, it does not contain dependency information.
[04Apr2026 15:23:57.979] [main/DEBUG] [net.minecraftforge.fml.loading.moddiscovery.AbstractJarFileDependencyLocator/]: Failed to load resource META-INF/jarjar/metadata.json from domum_ornamentum-1.19-1.0.146-BETA-universal.jar, it does not contain dependency information.
[04Apr2026 15:23:57.980] [main/DEBUG] [net.minecraftforge.fml.loading.moddiscovery.AbstractJarFileDependencyLocator/]: Failed to load resource META-INF/jarjar/metadata.json from aeroblender-1.19.2-1.0.1.jar, it does not contain dependency information.
[04Apr2026 15:23:57.980] [main/DEBUG] [net.minecraftforge.fml.loading.moddiscovery.AbstractJarFileDependencyLocator/]: Failed to load resource META-INF/jarjar/metadata.json from betterfpsdist-1.19.2-4.1.jar, it does not contain dependency information.
[04Apr2026 15:23:57.980] [main/DEBUG] [net.minecraftforge.fml.loading.moddiscovery.AbstractJarFileDependencyLocator/]: Failed to load resource META-INF/jarjar/metadata.json from BrewinAndChewin-1.19-2.0.jar, it does not contain dependency information.
[04Apr2026 15:23:57.980] [main/DEBUG] [net.minecraftforge.fml.loading.moddiscovery.AbstractJarFileDependencyLocator/]: Failed to load resource META-INF/jarjar/metadata.json from whisperwoods-1.19-2.1.1-forge.jar, it does not contain dependency information.
[04Apr2026 15:23:57.980] [main/DEBUG] [net.minecraftforge.fml.loading.moddiscovery.AbstractJarFileDependencyLocator/]: Failed to load resource META-INF/jarjar/metadata.json from FarmersRespite-1.19-2.0.jar, it does not contain dependency information.
[04Apr2026 15:23:57.980] [main/DEBUG] [net.minecraftforge.fml.loading.moddiscovery.AbstractJarFileDependencyLocator/]: Failed to load resource META-INF/jarjar/metadata.json from ecologics-forge-1.19.2-2.1.11.jar, it does not contain dependency information.
[04Apr2026 15:23:57.980] [main/DEBUG] [net.minecraftforge.fml.loading.moddiscovery.AbstractJarFileDependencyLocator/]: Failed to load resource META-INF/jarjar/metadata.json from Xaeros_Minimap_25.2.10_Forge_1.19.1.jar, it does not contain dependency information.
[04Apr2026 15:23:57.980] [main/DEBUG] [net.minecraftforge.fml.loading.moddiscovery.AbstractJarFileDependencyLocator/]: Failed to load resource META-INF/jarjar/metadata.json from shadowizardlib-1.19.2-1.0.8.jar, it does not contain dependency information.
[04Apr2026 15:23:57.980] [main/DEBUG] [net.minecraftforge.fml.loading.moddiscovery.AbstractJarFileDependencyLocator/]: Failed to load resource META-INF/jarjar/metadata.json from bocchium-1.19.2-0.0.3.jar, it does not contain dependency information.
[04Apr2026 15:23:57.980] [main/DEBUG] [net.minecraftforge.fml.loading.moddiscovery.AbstractJarFileDependencyLocator/]: Failed to load resource META-INF/jarjar/metadata.json from AutoRegLib-1.8.2-55.jar, it does not contain dependency information.
[04Apr2026 15:23:57.981] [main/DEBUG] [net.minecraftforge.fml.loading.moddiscovery.AbstractJarFileDependencyLocator/]: Failed to load resource META-INF/jarjar/metadata.json from entityculling-forge-1.6.1-mc1.19.2.jar, it does not contain dependency information.
[04Apr2026 15:23:57.981] [main/DEBUG] [net.minecraftforge.fml.loading.moddiscovery.AbstractJarFileDependencyLocator/]: Failed to load resource META-INF/jarjar/metadata.json from canary-mc1.19.2-0.3.3.jar, it does not contain dependency information.
[04Apr2026 15:23:57.981] [main/DEBUG] [net.minecraftforge.fml.loading.moddiscovery.AbstractJarFileDependencyLocator/]: Failed to load resource META-INF/jarjar/metadata.json from strictly_origins_v9.2.1_1.19.2.jar, it does not contain dependency information.
[04Apr2026 15:23:57.981] [main/DEBUG] [net.minecraftforge.fml.loading.moddiscovery.AbstractJarFileDependencyLocator/]: Failed to load resource META-INF/jarjar/metadata.json from structurize-1.19.2-1.0.689-RELEASE.jar, it does not contain dependency information.
[04Apr2026 15:23:57.982] [main/DEBUG] [net.minecraftforge.fml.loading.moddiscovery.AbstractJarFileDependencyLocator/]: Failed to load resource META-INF/jarjar/metadata.json from tlc_forge-1.0.2-R-1.19.2.jar, it does not contain dependency information.
[04Apr2026 15:23:57.982] [main/DEBUG] [net.minecraftforge.fml.loading.moddiscovery.AbstractJarFileDependencyLocator/]: Failed to load resource META-INF/jarjar/metadata.json from appleskin-forge-mc1.19-2.4.2.jar, it does not contain dependency information.
[04Apr2026 15:23:57.983] [main/DEBUG] [net.minecraftforge.fml.loading.moddiscovery.AbstractJarFileDependencyLocator/]: Failed to load resource META-INF/jarjar/metadata.json from lootr-forge-1.19-0.4.29.76.jar, it does not contain dependency information.
[04Apr2026 15:23:57.983] [main/DEBUG] [net.minecraftforge.fml.loading.moddiscovery.AbstractJarFileDependencyLocator/]: Failed to load resource META-INF/jarjar/metadata.json from upgradednetherite_ultimate-1.19.2-4.1.0.4-release.jar, it does not contain dependency information.
[04Apr2026 15:23:57.983] [main/DEBUG] [net.minecraftforge.fml.loading.moddiscovery.AbstractJarFileDependencyLocator/]: Failed to load resource META-INF/jarjar/metadata.json from biomemusic-1.19.2-2.2.jar, it does not contain dependency information.
[04Apr2026 15:23:57.984] [main/DEBUG] [net.minecraftforge.fml.loading.moddiscovery.AbstractJarFileDependencyLocator/]: Failed to load resource META-INF/jarjar/metadata.json from PuzzlesLib-v4.4.3-1.19.2-Forge.jar, it does not contain dependency information.
[04Apr2026 15:23:57.984] [main/DEBUG] [net.minecraftforge.fml.loading.moddiscovery.AbstractJarFileDependencyLocator/]: Failed to load resource META-INF/jarjar/metadata.json from Oh_The_Biomes_You'll_Go-forge-1.19.2-2.0.1.6.jar, it does not contain dependency information.
[04Apr2026 15:23:57.984] [main/DEBUG] [net.minecraftforge.fml.loading.moddiscovery.AbstractJarFileDependencyLocator/]: Failed to load resource META-INF/jarjar/metadata.json from Aquaculture-1.19.2-2.4.17.jar, it does not contain dependency information.
[04Apr2026 15:23:57.984] [main/DEBUG] [net.minecraftforge.fml.loading.moddiscovery.AbstractJarFileDependencyLocator/]: Failed to load resource META-INF/jarjar/metadata.json from Delightful-1.19.2-3.4.1.jar, it does not contain dependency information.
[04Apr2026 15:23:57.985] [main/DEBUG] [net.minecraftforge.fml.loading.moddiscovery.AbstractJarFileDependencyLocator/]: Failed to load resource META-INF/jarjar/metadata.json from chunksending-1.19.2-2.8.jar, it does not contain dependency information.
[04Apr2026 15:23:57.985] [main/DEBUG] [net.minecraftforge.fml.loading.moddiscovery.AbstractJarFileDependencyLocator/]: Failed to load resource META-INF/jarjar/metadata.json from End's Phantasm - BETAv1.2.10.5 - 1.19.2.jar, it does not contain dependency information.
[04Apr2026 15:23:57.985] [main/DEBUG] [net.minecraftforge.fml.loading.moddiscovery.AbstractJarFileDependencyLocator/]: Failed to load resource META-INF/jarjar/metadata.json from aquamirae-6.API15.jar, it does not contain dependency information.
[04Apr2026 15:23:57.985] [main/DEBUG] [net.minecraftforge.fml.loading.moddiscovery.AbstractJarFileDependencyLocator/]: Failed to load resource META-INF/jarjar/metadata.json from xptome-1.19-2.1.7.jar, it does not contain dependency information.
[04Apr2026 15:23:57.986] [main/DEBUG] [net.minecraftforge.fml.loading.moddiscovery.AbstractJarFileDependencyLocator/]: Failed to load resource META-INF/jarjar/metadata.json from defaultoptions-forge-1.19-15.0.2.jar, it does not contain dependency information.
[04Apr2026 15:23:57.986] [main/DEBUG] [net.minecraftforge.fml.loading.moddiscovery.AbstractJarFileDependencyLocator/]: Failed to load resource META-INF/jarjar/metadata.json from totw_modded-forge-1.19.2-1.0.5.jar, it does not contain dependency information.
[04Apr2026 15:23:57.986] [main/DEBUG] [net.minecraftforge.fml.loading.moddiscovery.AbstractJarFileDependencyLocator/]: Failed to load resource META-INF/jarjar/metadata.json from SkyVillages-1.0.3-1.19.2-1.20.x-forge-release.jar, it does not contain dependency information.
[04Apr2026 15:23:57.987] [main/DEBUG] [net.minecraftforge.fml.loading.moddiscovery.AbstractJarFileDependencyLocator/]: Failed to load resource META-INF/jarjar/metadata.json from blue_skies-1.19.2-1.3.20.jar, it does not contain dependency information.
[04Apr2026 15:23:57.987] [main/DEBUG] [net.minecraftforge.fml.loading.moddiscovery.AbstractJarFileDependencyLocator/]: Failed to load resource META-INF/jarjar/metadata.json from transmog-forge-1.2.2+1.19.2.jar, it does not contain dependency information.
[04Apr2026 15:23:57.987] [main/DEBUG] [net.minecraftforge.fml.loading.moddiscovery.AbstractJarFileDependencyLocator/]: Failed to load resource META-INF/jarjar/metadata.json from ars_additions-1.19.2-1.4.0.jar, it does not contain dependency information.
[04Apr2026 15:23:57.988] [main/DEBUG] [net.minecraftforge.fml.loading.moddiscovery.AbstractJarFileDependencyLocator/]: Failed to load resource META-INF/jarjar/metadata.json from recipeessentials-1.19.2-3.5.jar, it does not contain dependency information.
[04Apr2026 15:23:57.988] [main/DEBUG] [net.minecraftforge.fml.loading.moddiscovery.AbstractJarFileDependencyLocator/]: Failed to load resource META-INF/jarjar/metadata.json from towntalk-1.19.2-1.0.1.jar, it does not contain dependency information.
[04Apr2026 15:23:57.989] [main/DEBUG] [net.minecraftforge.fml.loading.moddiscovery.AbstractJarFileDependencyLocator/]: Failed to load resource META-INF/jarjar/metadata.json from Galosphere-1.19.2-1.3.0-Forge.jar, it does not contain dependency information.
[04Apr2026 15:23:57.990] [main/DEBUG] [net.minecraftforge.fml.loading.moddiscovery.AbstractJarFileDependencyLocator/]: Failed to load resource META-INF/jarjar/metadata.json from YungsBetterOceanMonuments-1.19.2-Forge-2.1.1.jar, it does not contain dependency information.
[04Apr2026 15:23:57.990] [main/DEBUG] [net.minecraftforge.fml.loading.moddiscovery.AbstractJarFileDependencyLocator/]: Failed to load resource META-INF/jarjar/metadata.json from connectivity-1.19.2-4.6.jar, it does not contain dependency information.
[04Apr2026 15:23:57.991] [main/DEBUG] [net.minecraftforge.fml.loading.moddiscovery.AbstractJarFileDependencyLocator/]: Failed to load resource META-INF/jarjar/metadata.json from Incendium_1.19.3_v5.1.6.jar, it does not contain dependency information.
[04Apr2026 15:23:57.991] [main/DEBUG] [net.minecraftforge.fml.loading.moddiscovery.AbstractJarFileDependencyLocator/]: Failed to load resource META-INF/jarjar/metadata.json from sophisticatedcore-1.19.2-0.6.4.730.jar, it does not contain dependency information.
[04Apr2026 15:23:57.992] [main/DEBUG] [net.minecraftforge.fml.loading.moddiscovery.AbstractJarFileDependencyLocator/]: Failed to load resource META-INF/jarjar/metadata.json from gpumemleakfix-1.19.2-1.6.jar, it does not contain dependency information.
[04Apr2026 15:23:57.992] [main/DEBUG] [net.minecraftforge.fml.loading.moddiscovery.AbstractJarFileDependencyLocator/]: Failed to load resource META-INF/jarjar/metadata.json from InsaneLib-1.7.5-mc1.19.2.jar, it does not contain dependency information.
[04Apr2026 15:23:57.992] [main/DEBUG] [net.minecraftforge.fml.loading.moddiscovery.AbstractJarFileDependencyLocator/]: Failed to load resource META-INF/jarjar/metadata.json from structureessentials-1.19.2-3.2.jar, it does not contain dependency information.
[04Apr2026 15:23:57.992] [main/DEBUG] [net.minecraftforge.fml.loading.moddiscovery.AbstractJarFileDependencyLocator/]: Failed to load resource META-INF/jarjar/metadata.json from XaerosWorldMap_1.39.12_Forge_1.19.1.jar, it does not contain dependency information.
[04Apr2026 15:23:57.992] [main/DEBUG] [net.minecraftforge.fml.loading.moddiscovery.AbstractJarFileDependencyLocator/]: Failed to load resource META-INF/jarjar/metadata.json from Controlling-forge-1.19.2-10.0+7.jar, it does not contain dependency information.
[04Apr2026 15:23:57.992] [main/DEBUG] [net.minecraftforge.fml.loading.moddiscovery.AbstractJarFileDependencyLocator/]: Failed to load resource META-INF/jarjar/metadata.json from Prism-1.19.1-1.0.2.jar, it does not contain dependency information.
[04Apr2026 15:23:57.992] [main/DEBUG] [net.minecraftforge.fml.loading.moddiscovery.AbstractJarFileDependencyLocator/]: Failed to load resource META-INF/jarjar/metadata.json from Placebo-1.19.2-7.4.1.jar, it does not contain dependency information.
[04Apr2026 15:23:57.992] [main/DEBUG] [net.minecraftforge.fml.loading.moddiscovery.AbstractJarFileDependencyLocator/]: Failed to load resource META-INF/jarjar/metadata.json from citadel-2.1.4-1.19.jar, it does not contain dependency information.
[04Apr2026 15:23:57.993] [main/DEBUG] [net.minecraftforge.fml.loading.moddiscovery.AbstractJarFileDependencyLocator/]: Failed to load resource META-INF/jarjar/metadata.json from lootintegrations-1.19.2-4.7.jar, it does not contain dependency information.
[04Apr2026 15:23:57.993] [main/DEBUG] [net.minecraftforge.fml.loading.moddiscovery.AbstractJarFileDependencyLocator/]: Failed to load resource META-INF/jarjar/metadata.json from Item_Obliterator-FORGE-MC1.19.2-1.6.2.jar, it does not contain dependency information.
[04Apr2026 15:23:57.993] [main/DEBUG] [net.minecraftforge.fml.loading.moddiscovery.AbstractJarFileDependencyLocator/]: Failed to load resource META-INF/jarjar/metadata.json from letsdo-bakery-forge-1.0.6.jar, it does not contain dependency information.
[04Apr2026 15:23:57.993] [main/DEBUG] [net.minecraftforge.fml.loading.moddiscovery.AbstractJarFileDependencyLocator/]: Failed to load resource META-INF/jarjar/metadata.json from Bookshelf-Forge-1.19.2-16.3.20.jar, it does not contain dependency information.
[04Apr2026 15:23:57.993] [main/DEBUG] [net.minecraftforge.fml.loading.moddiscovery.AbstractJarFileDependencyLocator/]: Failed to load resource META-INF/jarjar/metadata.json from sophisticatedbackpacks-1.19.2-3.20.2.1035.jar, it does not contain dependency information.
[04Apr2026 15:23:57.993] [main/DEBUG] [net.minecraftforge.fml.loading.moddiscovery.AbstractJarFileDependencyLocator/]: Failed to load resource META-INF/jarjar/metadata.json from twigs-forge-1.19.2-3.0.1.jar, it does not contain dependency information.
[04Apr2026 15:23:57.993] [main/DEBUG] [net.minecraftforge.fml.loading.moddiscovery.AbstractJarFileDependencyLocator/]: Failed to load resource META-INF/jarjar/metadata.json from royal_variations_[Forge]_1.19.2_1.0.jar, it does not contain dependency information.
[04Apr2026 15:23:57.993] [main/DEBUG] [net.minecraftforge.fml.loading.moddiscovery.AbstractJarFileDependencyLocator/]: Failed to load resource META-INF/jarjar/metadata.json from relics-1.19.2-0.6.2.5.jar, it does not contain dependency information.
[04Apr2026 15:23:57.993] [main/DEBUG] [net.minecraftforge.fml.loading.moddiscovery.AbstractJarFileDependencyLocator/]: Failed to load resource META-INF/jarjar/metadata.json from takesapillage-1.0.3-1.19.2.jar, it does not contain dependency information.
[04Apr2026 15:23:57.993] [main/DEBUG] [net.minecraftforge.fml.loading.moddiscovery.AbstractJarFileDependencyLocator/]: Failed to load resource META-INF/jarjar/metadata.json from ProgressiveBosses-3.7.6-mc1.19.2.jar, it does not contain dependency information.
[04Apr2026 15:23:57.993] [main/DEBUG] [net.minecraftforge.fml.loading.moddiscovery.AbstractJarFileDependencyLocator/]: Failed to load resource META-INF/jarjar/metadata.json from bygonenether-1.3.2-1.19.2.jar, it does not contain dependency information.
[04Apr2026 15:23:57.993] [main/DEBUG] [net.minecraftforge.fml.loading.moddiscovery.AbstractJarFileDependencyLocator/]: Failed to load resource META-INF/jarjar/metadata.json from ftb-teams-forge-1902.2.14-build.123.jar, it does not contain dependency information.
[04Apr2026 15:23:57.994] [main/DEBUG] [net.minecraftforge.fml.loading.moddiscovery.AbstractJarFileDependencyLocator/]: Failed to load resource META-INF/jarjar/metadata.json from dragonmounts-1.19.2-1.2.3-beta.jar, it does not contain dependency information.
[04Apr2026 15:23:57.994] [main/DEBUG] [net.minecraftforge.fml.loading.moddiscovery.AbstractJarFileDependencyLocator/]: Failed to load resource META-INF/jarjar/metadata.json from dummmmmmy-1.19.2-1.7.1.jar, it does not contain dependency information.
[04Apr2026 15:23:57.994] [main/DEBUG] [net.minecraftforge.fml.loading.moddiscovery.AbstractJarFileDependencyLocator/]: Failed to load resource META-INF/jarjar/metadata.json from twilightforest-1.19.2-4.2.1518-universal.jar, it does not contain dependency information.
[04Apr2026 15:23:57.994] [main/DEBUG] [net.minecraftforge.fml.loading.moddiscovery.AbstractJarFileDependencyLocator/]: Failed to load resource META-INF/jarjar/metadata.json from konkrete_forge_1.8.0_MC_1.19-1.19.2.jar, it does not contain dependency information.
[04Apr2026 15:23:57.994] [main/DEBUG] [net.minecraftforge.fml.loading.moddiscovery.AbstractJarFileDependencyLocator/]: Failed to load resource META-INF/jarjar/metadata.json from enemyexpansion-2.4.0-forge-1.19.2.jar, it does not contain dependency information.
[04Apr2026 15:23:57.994] [main/DEBUG] [net.minecraftforge.fml.loading.moddiscovery.AbstractJarFileDependencyLocator/]: Failed to load resource META-INF/jarjar/metadata.json from collection-of-singiro-1.19.x-1.1.4.jar, it does not contain dependency information.
[04Apr2026 15:23:57.994] [main/DEBUG] [net.minecraftforge.fml.loading.moddiscovery.AbstractJarFileDependencyLocator/]: Failed to load resource META-INF/jarjar/metadata.json from FarmersDelight-1.19.2-1.2.4.jar, it does not contain dependency information.
[04Apr2026 15:23:57.994] [main/DEBUG] [net.minecraftforge.fml.loading.moddiscovery.AbstractJarFileDependencyLocator/]: Failed to load resource META-INF/jarjar/metadata.json from getittogetherdrops-forge-1.19.2-1.3.jar, it does not contain dependency information.
[04Apr2026 15:23:57.994] [main/DEBUG] [net.minecraftforge.fml.loading.moddiscovery.AbstractJarFileDependencyLocator/]: Failed to load resource META-INF/jarjar/metadata.json from endrem_forge-5.2.1-R-1.19.X.jar, it does not contain dependency information.
[04Apr2026 15:23:57.994] [main/DEBUG] [net.minecraftforge.fml.loading.moddiscovery.AbstractJarFileDependencyLocator/]: Failed to load resource META-INF/jarjar/metadata.json from LongNbtKiller-Forge-1.19.2-1.0.0.jar, it does not contain dependency information.
[04Apr2026 15:23:57.994] [main/DEBUG] [net.minecraftforge.fml.loading.moddiscovery.AbstractJarFileDependencyLocator/]: Failed to load resource META-INF/jarjar/metadata.json from lionfishapi-1.8.jar, it does not contain dependency information.
[04Apr2026 15:23:57.994] [main/DEBUG] [net.minecraftforge.fml.loading.moddiscovery.AbstractJarFileDependencyLocator/]: Failed to load resource META-INF/jarjar/metadata.json from dungeons_enhanced-1.19.2-4.1.jar, it does not contain dependency information.
[04Apr2026 15:23:57.994] [main/DEBUG] [net.minecraftforge.fml.loading.moddiscovery.AbstractJarFileDependencyLocator/]: Failed to load resource META-INF/jarjar/metadata.json from memorysettings-1.19.2-5.4.jar, it does not contain dependency information.
[04Apr2026 15:23:57.995] [main/DEBUG] [net.minecraftforge.fml.loading.moddiscovery.AbstractJarFileDependencyLocator/]: Failed to load resource META-INF/jarjar/metadata.json from L_Enders_Cataclysm-2.46-1.19.2.jar, it does not contain dependency information.
[04Apr2026 15:23:57.995] [main/DEBUG] [net.minecraftforge.fml.loading.moddiscovery.AbstractJarFileDependencyLocator/]: Failed to load resource META-INF/jarjar/metadata.json from Patchouli-1.19.2-77.jar, it does not contain dependency information.
[04Apr2026 15:23:57.995] [main/DEBUG] [net.minecraftforge.fml.loading.moddiscovery.AbstractJarFileDependencyLocator/]: Failed to load resource META-INF/jarjar/metadata.json from blockui-1.19.2-1.0.140-BETA.jar, it does not contain dependency information.
[04Apr2026 15:23:57.995] [main/DEBUG] [net.minecraftforge.fml.loading.moddiscovery.AbstractJarFileDependencyLocator/]: Failed to load resource META-INF/jarjar/metadata.json from origins-classes-forge-1.2.1.jar, it does not contain dependency information.
[04Apr2026 15:23:57.995] [main/DEBUG] [net.minecraftforge.fml.loading.moddiscovery.AbstractJarFileDependencyLocator/]: Failed to load resource META-INF/jarjar/metadata.json from woodworks-1.19.2-2.2.2.jar, it does not contain dependency information.
[04Apr2026 15:23:57.995] [main/DEBUG] [net.minecraftforge.fml.loading.moddiscovery.AbstractJarFileDependencyLocator/]: Failed to load resource META-INF/jarjar/metadata.json from DramaticDoors-QuiFabrge-1.19.2-3.2.7.jar, it does not contain dependency information.
[04Apr2026 15:23:57.995] [main/DEBUG] [net.minecraftforge.fml.loading.moddiscovery.AbstractJarFileDependencyLocator/]: Failed to load resource META-INF/jarjar/metadata.json from BetterThirdPerson-Forge-1.19-1.9.0.jar, it does not contain dependency information.
[04Apr2026 15:23:57.995] [main/DEBUG] [net.minecraftforge.fml.loading.moddiscovery.AbstractJarFileDependencyLocator/]: Failed to load resource META-INF/jarjar/metadata.json from NightConfigFixes-v4.0.7-1.19.2-Forge.jar, it does not contain dependency information.
[04Apr2026 15:23:57.995] [main/DEBUG] [net.minecraftforge.fml.loading.moddiscovery.AbstractJarFileDependencyLocator/]: Failed to load resource META-INF/jarjar/metadata.json from ftb-ultimine-forge-1902.4.2-build.14.jar, it does not contain dependency information.
[04Apr2026 15:23:57.995] [main/DEBUG] [net.minecraftforge.fml.loading.moddiscovery.AbstractJarFileDependencyLocator/]: Failed to load resource META-INF/jarjar/metadata.json from YungsBetterStrongholds-1.19.2-Forge-3.2.0.jar, it does not contain dependency information.
[04Apr2026 15:23:57.995] [main/DEBUG] [net.minecraftforge.fml.loading.moddiscovery.AbstractJarFileDependencyLocator/]: Failed to load resource META-INF/jarjar/metadata.json from EnigmaticLegacy-2.26.5.jar, it does not contain dependency information.
[04Apr2026 15:23:57.995] [main/DEBUG] [net.minecraftforge.fml.loading.moddiscovery.AbstractJarFileDependencyLocator/]: Failed to load resource META-INF/jarjar/metadata.json from deeperdarker-forge-1.19.2-1.2.2.jar, it does not contain dependency information.
[04Apr2026 15:23:57.995] [main/DEBUG] [net.minecraftforge.fml.loading.moddiscovery.AbstractJarFileDependencyLocator/]: Failed to load resource META-INF/jarjar/metadata.json from architectury-6.6.92-forge.jar, it does not contain dependency information.
[04Apr2026 15:23:57.995] [main/DEBUG] [net.minecraftforge.fml.loading.moddiscovery.AbstractJarFileDependencyLocator/]: Failed to load resource META-INF/jarjar/metadata.json from AI-Improvements-1.19.2-0.5.2.jar, it does not contain dependency information.
[04Apr2026 15:23:57.995] [main/DEBUG] [net.minecraftforge.fml.loading.moddiscovery.AbstractJarFileDependencyLocator/]: Failed to load resource META-INF/jarjar/metadata.json from cupboard-1.19.2-2.6.jar, it does not contain dependency information.
[04Apr2026 15:23:57.995] [main/DEBUG] [net.minecraftforge.fml.loading.moddiscovery.AbstractJarFileDependencyLocator/]: Failed to load resource META-INF/jarjar/metadata.json from smallships-forge-1.19.2-2.0.0-b1.3.1.jar, it does not contain dependency information.
[04Apr2026 15:23:57.995] [main/DEBUG] [net.minecraftforge.fml.loading.moddiscovery.AbstractJarFileDependencyLocator/]: Failed to load resource META-INF/jarjar/metadata.json from letmedespawn-forge-1.3.2b.jar, it does not contain dependency information.
[04Apr2026 15:23:57.996] [main/DEBUG] [net.minecraftforge.fml.loading.moddiscovery.AbstractJarFileDependencyLocator/]: Failed to load resource META-INF/jarjar/metadata.json from yeetusexperimentus-1.0.1-build.2+mc1.19.1.jar, it does not contain dependency information.
[04Apr2026 15:23:57.996] [main/DEBUG] [net.minecraftforge.fml.loading.moddiscovery.AbstractJarFileDependencyLocator/]: Failed to load resource META-INF/jarjar/metadata.json from toomanyglyphs-1.19.2-2.2.376.1564.jar, it does not contain dependency information.
[04Apr2026 15:23:57.996] [main/DEBUG] [net.minecraftforge.fml.loading.moddiscovery.AbstractJarFileDependencyLocator/]: Failed to load resource META-INF/jarjar/metadata.json from dreadsteel-1.19.2-1.1.6.jar, it does not contain dependency information.
[04Apr2026 15:23:57.996] [main/DEBUG] [net.minecraftforge.fml.loading.moddiscovery.AbstractJarFileDependencyLocator/]: Failed to load resource META-INF/jarjar/metadata.json from BetterAdvancements-1.19.2-0.2.2.142.jar, it does not contain dependency information.
[04Apr2026 15:23:57.996] [main/DEBUG] [net.minecraftforge.fml.loading.moddiscovery.AbstractJarFileDependencyLocator/]: Failed to load resource META-INF/jarjar/metadata.json from majruszs-accessories-forge-1.19.2-1.5.2-backport.2.jar, it does not contain dependency information.
[04Apr2026 15:23:57.996] [main/DEBUG] [net.minecraftforge.fml.loading.moddiscovery.AbstractJarFileDependencyLocator/]: Failed to load resource META-INF/jarjar/metadata.json from BHMenu-Forge-1.19.2-2.4.2.jar, it does not contain dependency information.
[04Apr2026 15:23:57.996] [main/DEBUG] [net.minecraftforge.fml.loading.moddiscovery.AbstractJarFileDependencyLocator/]: Failed to load resource META-INF/jarjar/metadata.json from rhino-forge-1902.2.3-build.284.jar, it does not contain dependency information.
[04Apr2026 15:23:57.996] [main/DEBUG] [net.minecraftforge.fml.loading.moddiscovery.AbstractJarFileDependencyLocator/]: Failed to load resource META-INF/jarjar/metadata.json from awesomedungeonend-forge-1.19.2-3.1.1.jar, it does not contain dependency information.
[04Apr2026 15:23:57.996] [main/DEBUG] [net.minecraftforge.fml.loading.moddiscovery.AbstractJarFileDependencyLocator/]: Failed to load resource META-INF/jarjar/metadata.json from item-filters-forge-1902.2.9-build.51.jar, it does not contain dependency information.
[04Apr2026 15:23:57.996] [main/DEBUG] [net.minecraftforge.fml.loading.moddiscovery.AbstractJarFileDependencyLocator/]: Failed to load resource META-INF/jarjar/metadata.json from SimpleRPC-4.0.4.jar, it does not contain dependency information.
[04Apr2026 15:23:57.996] [main/DEBUG] [net.minecraftforge.fml.loading.moddiscovery.AbstractJarFileDependencyLocator/]: Failed to load resource META-INF/jarjar/metadata.json from obscure_api-15.jar, it does not contain dependency information.
[04Apr2026 15:23:57.996] [main/DEBUG] [net.minecraftforge.fml.loading.moddiscovery.AbstractJarFileDependencyLocator/]: Failed to load resource META-INF/jarjar/metadata.json from Structory_Towers_1.19.3_v1.0.2.jar, it does not contain dependency information.
[04Apr2026 15:23:57.997] [main/DEBUG] [net.minecraftforge.fml.loading.moddiscovery.AbstractJarFileDependencyLocator/]: Failed to load resource META-INF/jarjar/metadata.json from waystones-forge-1.19.2-11.4.2.jar, it does not contain dependency information.
[04Apr2026 15:23:57.997] [main/DEBUG] [net.minecraftforge.fml.loading.moddiscovery.AbstractJarFileDependencyLocator/]: Failed to load resource META-INF/jarjar/metadata.json from Structory_1.19.3_v1.3.1a.jar, it does not contain dependency information.
[04Apr2026 15:23:57.997] [main/DEBUG] [net.minecraftforge.fml.loading.moddiscovery.AbstractJarFileDependencyLocator/]: Failed to load resource META-INF/jarjar/metadata.json from Clumps-forge-1.19.2-9.0.0+14.jar, it does not contain dependency information.
[04Apr2026 15:23:57.997] [main/DEBUG] [net.minecraftforge.fml.loading.moddiscovery.AbstractJarFileDependencyLocator/]: Failed to load resource META-INF/jarjar/metadata.json from Decorative Blocks-forge-1.19.2-3.0.0.jar, it does not contain dependency information.
[04Apr2026 15:23:57.997] [main/DEBUG] [net.minecraftforge.fml.loading.moddiscovery.AbstractJarFileDependencyLocator/]: Failed to load resource META-INF/jarjar/metadata.json from MyServerIsCompatible-1.19-1.0.jar, it does not contain dependency information.
[04Apr2026 15:23:57.997] [main/DEBUG] [net.minecraftforge.fml.loading.moddiscovery.AbstractJarFileDependencyLocator/]: Failed to load resource META-INF/jarjar/metadata.json from enigmaticaddons-1.19.2-1.2.2.jar, it does not contain dependency information.
[04Apr2026 15:23:57.997] [main/DEBUG] [net.minecraftforge.fml.loading.moddiscovery.AbstractJarFileDependencyLocator/]: Failed to load resource META-INF/jarjar/metadata.json from DungeonCrawl-1.19-2.3.12.jar, it does not contain dependency information.
[04Apr2026 15:23:57.997] [main/DEBUG] [net.minecraftforge.fml.loading.moddiscovery.AbstractJarFileDependencyLocator/]: Failed to load resource META-INF/jarjar/metadata.json from knightlib-forge-1.19.2-1.2.0.jar, it does not contain dependency information.
[04Apr2026 15:23:57.998] [main/DEBUG] [net.minecraftforge.fml.loading.moddiscovery.AbstractJarFileDependencyLocator/]: Failed to load resource META-INF/jarjar/metadata.json from BadMobs-1.19.2-16.1.3.jar, it does not contain dependency information.
[04Apr2026 15:23:57.998] [main/DEBUG] [net.minecraftforge.fml.loading.moddiscovery.AbstractJarFileDependencyLocator/]: Failed to load resource META-INF/jarjar/metadata.json from lazydfu-1.19-1.0.2.jar, it does not contain dependency information.
[04Apr2026 15:23:57.998] [main/DEBUG] [net.minecraftforge.fml.loading.moddiscovery.AbstractJarFileDependencyLocator/]: Failed to load resource META-INF/jarjar/metadata.json from YungsBetterDesertTemples-1.19.2-Forge-2.2.2.jar, it does not contain dependency information.
[04Apr2026 15:23:57.998] [main/DEBUG] [net.minecraftforge.fml.loading.moddiscovery.AbstractJarFileDependencyLocator/]: Failed to load resource META-INF/jarjar/metadata.json from ExplorersCompass-1.19.2-1.3.0-forge.jar, it does not contain dependency information.
[04Apr2026 15:23:57.998] [main/DEBUG] [net.minecraftforge.fml.loading.moddiscovery.AbstractJarFileDependencyLocator/]: Failed to load resource META-INF/jarjar/metadata.json from BOMD-Forge-1.19.2-1.0.6.jar, it does not contain dependency information.
[04Apr2026 15:23:57.998] [main/DEBUG] [net.minecraftforge.fml.loading.moddiscovery.AbstractJarFileDependencyLocator/]: Failed to load resource META-INF/jarjar/metadata.json from blueprint-1.19.2-6.2.0.jar, it does not contain dependency information.
[04Apr2026 15:23:57.999] [main/DEBUG] [net.minecraftforge.fml.loading.moddiscovery.AbstractJarFileDependencyLocator/]: Failed to load resource META-INF/jarjar/metadata.json from ftb-chunks-forge-1902.4.7-build.420.jar, it does not contain dependency information.
[04Apr2026 15:23:57.999] [main/DEBUG] [net.minecraftforge.fml.loading.moddiscovery.AbstractJarFileDependencyLocator/]: Failed to load resource META-INF/jarjar/metadata.json from dungeons-and-taverns-2.0.2 forge.jar, it does not contain dependency information.
[04Apr2026 15:23:57.999] [main/DEBUG] [net.minecraftforge.fml.loading.moddiscovery.AbstractJarFileDependencyLocator/]: Failed to load resource META-INF/jarjar/metadata.json from TravelersTitles-1.19.2-Forge-3.1.2.jar, it does not contain dependency information.
[04Apr2026 15:23:57.999] [main/DEBUG] [net.minecraftforge.fml.loading.moddiscovery.AbstractJarFileDependencyLocator/]: Failed to load resource META-INF/jarjar/metadata.json from toofast-1.19-0.2.2.4.jar, it does not contain dependency information.
[04Apr2026 15:23:57.999] [main/DEBUG] [net.minecraftforge.fml.loading.moddiscovery.AbstractJarFileDependencyLocator/]: Failed to load resource META-INF/jarjar/metadata.json from Raided-1.19.2-0.1.6.jar, it does not contain dependency information.
[04Apr2026 15:23:57.999] [main/DEBUG] [net.minecraftforge.fml.loading.moddiscovery.AbstractJarFileDependencyLocator/]: Failed to load resource META-INF/jarjar/metadata.json from meetyourfight-1.19.2-1.3.4.jar, it does not contain dependency information.
[04Apr2026 15:23:57.999] [main/DEBUG] [net.minecraftforge.fml.loading.moddiscovery.AbstractJarFileDependencyLocator/]: Failed to load resource META-INF/jarjar/metadata.json from simplyswords-forge-1.47.0-1.19.2.jar, it does not contain dependency information.
[04Apr2026 15:23:57.999] [main/DEBUG] [net.minecraftforge.fml.loading.moddiscovery.AbstractJarFileDependencyLocator/]: Failed to load resource META-INF/jarjar/metadata.json from EnchantmentDescriptions-Forge-1.19.2-13.0.14.jar, it does not contain dependency information.
[04Apr2026 15:23:57.999] [main/DEBUG] [net.minecraftforge.fml.loading.moddiscovery.AbstractJarFileDependencyLocator/]: Failed to load resource META-INF/jarjar/metadata.json from moonlight-1.19.2-2.3.7-forge.jar, it does not contain dependency information.
[04Apr2026 15:23:57.999] [main/DEBUG] [net.minecraftforge.fml.loading.moddiscovery.AbstractJarFileDependencyLocator/]: Failed to load resource META-INF/jarjar/metadata.json from ItemStages-Forge-1.19.2-5.1.4.jar, it does not contain dependency information.
[04Apr2026 15:23:57.999] [main/DEBUG] [net.minecraftforge.fml.loading.moddiscovery.AbstractJarFileDependencyLocator/]: Failed to load resource META-INF/jarjar/metadata.json from eccentrictome-1.19.2-1.10.2.jar, it does not contain dependency information.
[04Apr2026 15:23:57.999] [main/DEBUG] [net.minecraftforge.fml.loading.moddiscovery.AbstractJarFileDependencyLocator/]: Failed to load resource META-INF/jarjar/metadata.json from Jade-1.19.1-forge-8.9.2.jar, it does not contain dependency information.
[04Apr2026 15:23:57.999] [main/DEBUG] [net.minecraftforge.fml.loading.moddiscovery.AbstractJarFileDependencyLocator/]: Failed to load resource META-INF/jarjar/metadata.json from cisco_mod_9.5.jar, it does not contain dependency information.
[04Apr2026 15:23:57.999] [main/DEBUG] [net.minecraftforge.fml.loading.moddiscovery.AbstractJarFileDependencyLocator/]: Failed to load resource META-INF/jarjar/metadata.json from HopoBetterRuinedPortals-[1.19-1.19.3]-1.3.3b.jar, it does not contain dependency information.
[04Apr2026 15:23:57.999] [main/DEBUG] [net.minecraftforge.fml.loading.moddiscovery.AbstractJarFileDependencyLocator/]: Failed to load resource META-INF/jarjar/metadata.json from CullLessLeaves-Reforged-1.0.5.jar, it does not contain dependency information.
[04Apr2026 15:23:57.999] [main/DEBUG] [net.minecraftforge.fml.loading.moddiscovery.AbstractJarFileDependencyLocator/]: Failed to load resource META-INF/jarjar/metadata.json from forbidden_arcanus-1.19.2-2.1.5.jar, it does not contain dependency information.
[04Apr2026 15:23:58.000] [main/DEBUG] [net.minecraftforge.fml.loading.moddiscovery.AbstractJarFileDependencyLocator/]: Failed to load resource META-INF/jarjar/metadata.json from smoothboot(reloaded)-mc1.19.2-0.0.4.jar, it does not contain dependency information.
[04Apr2026 15:23:58.000] [main/DEBUG] [net.minecraftforge.fml.loading.moddiscovery.AbstractJarFileDependencyLocator/]: Failed to load resource META-INF/jarjar/metadata.json from NethersDelight-1.19-3.1.jar, it does not contain dependency information.
[04Apr2026 15:23:58.000] [main/DEBUG] [net.minecraftforge.fml.loading.moddiscovery.AbstractJarFileDependencyLocator/]: Failed to load resource META-INF/jarjar/metadata.json from atmospheric-1.19.2-5.1.2.jar, it does not contain dependency information.
[04Apr2026 15:23:58.000] [main/DEBUG] [net.minecraftforge.fml.loading.moddiscovery.AbstractJarFileDependencyLocator/]: Failed to load resource META-INF/jarjar/metadata.json from easy-villagers-forge-1.19.2-1.1.23.jar, it does not contain dependency information.
[04Apr2026 15:23:58.000] [main/DEBUG] [net.minecraftforge.fml.loading.moddiscovery.AbstractJarFileDependencyLocator/]: Failed to load resource META-INF/jarjar/metadata.json from Iceberg-1.19.2-forge-1.1.4.jar, it does not contain dependency information.
[04Apr2026 15:23:58.001] [main/DEBUG] [net.minecraftforge.fml.loading.moddiscovery.AbstractJarFileDependencyLocator/]: Failed to load resource META-INF/jarjar/metadata.json from brutalbosses-1.19.2-6.8.jar, it does not contain dependency information.
[04Apr2026 15:23:58.001] [main/DEBUG] [net.minecraftforge.fml.loading.moddiscovery.AbstractJarFileDependencyLocator/]: Failed to load resource META-INF/jarjar/metadata.json from StorageDrawers-1.19.2-11.4.1.jar, it does not contain dependency information.
[04Apr2026 15:23:58.001] [main/DEBUG] [net.minecraftforge.fml.loading.moddiscovery.AbstractJarFileDependencyLocator/]: Failed to load resource META-INF/jarjar/metadata.json from ars_elemental-1.19.2-0.5.9.4.1.jar, it does not contain dependency information.
[04Apr2026 15:23:58.001] [main/DEBUG] [net.minecraftforge.fml.loading.moddiscovery.AbstractJarFileDependencyLocator/]: Failed to load resource META-INF/jarjar/metadata.json from irons_spellbooks-1.19.2-3.4.0.jar, it does not contain dependency information.
[04Apr2026 15:23:58.001] [main/DEBUG] [net.minecraftforge.fml.loading.moddiscovery.AbstractJarFileDependencyLocator/]: Failed to load resource META-INF/jarjar/metadata.json from immersive_paintings-0.6.7+1.19.2-forge.jar, it does not contain dependency information.
[04Apr2026 15:23:58.001] [main/DEBUG] [net.minecraftforge.fml.loading.moddiscovery.AbstractJarFileDependencyLocator/]: Failed to load resource META-INF/jarjar/metadata.json from doespotatotick-1.19.2-5.3.4.jar, it does not contain dependency information.
[04Apr2026 15:23:58.002] [main/DEBUG] [net.minecraftforge.fml.loading.moddiscovery.AbstractJarFileDependencyLocator/]: Failed to load resource META-INF/jarjar/metadata.json from EndlessBiomes 1.4s - 1.19.2 (Server-friendly).jar, it does not contain dependency information.
[04Apr2026 15:23:58.002] [main/DEBUG] [net.minecraftforge.fml.loading.moddiscovery.AbstractJarFileDependencyLocator/]: Failed to load resource META-INF/jarjar/metadata.json from upgradedcore-1.19.2-4.1.0.1-release.jar, it does not contain dependency information.
[04Apr2026 15:23:58.003] [main/DEBUG] [net.minecraftforge.fml.loading.moddiscovery.AbstractJarFileDependencyLocator/]: Failed to load resource META-INF/jarjar/metadata.json from Wabi-Sabi-Structures-1.2.0-1.19-Forge.jar, it does not contain dependency information.
[04Apr2026 15:23:58.003] [main/DEBUG] [net.minecraftforge.fml.loading.moddiscovery.AbstractJarFileDependencyLocator/]: Failed to load resource META-INF/jarjar/metadata.json from minecolonies-1.19.2-1.1.516-BETA.jar, it does not contain dependency information.
[04Apr2026 15:23:58.003] [main/DEBUG] [net.minecraftforge.fml.loading.moddiscovery.AbstractJarFileDependencyLocator/]: Failed to load resource META-INF/jarjar/metadata.json from alexsdelight-1.4.1.jar, it does not contain dependency information.
[04Apr2026 15:23:58.003] [main/DEBUG] [net.minecraftforge.fml.loading.moddiscovery.AbstractJarFileDependencyLocator/]: Failed to load resource META-INF/jarjar/metadata.json from ferritecore-5.0.3-forge.jar, it does not contain dependency information.
[04Apr2026 15:23:58.003] [main/DEBUG] [net.minecraftforge.fml.loading.moddiscovery.AbstractJarFileDependencyLocator/]: Failed to load resource META-INF/jarjar/metadata.json from majruszs-enchantments-forge-1.19.2-1.10.7-backport.1.jar, it does not contain dependency information.
[04Apr2026 15:23:58.003] [main/DEBUG] [net.minecraftforge.fml.loading.moddiscovery.AbstractJarFileDependencyLocator/]: Failed to load resource META-INF/jarjar/metadata.json from packetfixer-3.1.4-1.18-1.20.4-merged.jar, it does not contain dependency information.
[04Apr2026 15:23:58.004] [main/DEBUG] [net.minecraftforge.fml.loading.moddiscovery.AbstractJarFileDependencyLocator/]: Failed to load resource META-INF/jarjar/metadata.json from valhelsia_core-forge-1.19.2-0.5.0.jar, it does not contain dependency information.
[04Apr2026 15:23:58.004] [main/DEBUG] [net.minecraftforge.fml.loading.moddiscovery.AbstractJarFileDependencyLocator/]: Failed to load resource META-INF/jarjar/metadata.json from OverflowingBars-v4.0.1-1.19.2-Forge.jar, it does not contain dependency information.
[04Apr2026 15:23:58.004] [main/DEBUG] [net.minecraftforge.fml.loading.moddiscovery.AbstractJarFileDependencyLocator/]: Failed to load resource META-INF/jarjar/metadata.json from UndeadUnleashed-1.1.1-1.19.2.jar, it does not contain dependency information.
[04Apr2026 15:23:58.004] [main/DEBUG] [net.minecraftforge.fml.loading.moddiscovery.AbstractJarFileDependencyLocator/]: Failed to load resource META-INF/jarjar/metadata.json from mclanguage-1.19.2-43.5.1.jar, it does not contain dependency information.
[04Apr2026 15:23:58.004] [main/DEBUG] [net.minecraftforge.fml.loading.moddiscovery.AbstractJarFileDependencyLocator/]: Failed to load resource META-INF/jarjar/metadata.json from javafmllanguage-1.19.2-43.5.1.jar, it does not contain dependency information.
[04Apr2026 15:23:58.004] [main/DEBUG] [net.minecraftforge.fml.loading.moddiscovery.AbstractJarFileDependencyLocator/]: Failed to load resource META-INF/jarjar/metadata.json from fmlcore-1.19.2-43.5.1.jar, it does not contain dependency information.
[04Apr2026 15:23:58.004] [main/DEBUG] [net.minecraftforge.fml.loading.moddiscovery.AbstractJarFileDependencyLocator/]: Failed to load resource META-INF/jarjar/metadata.json from lowcodelanguage-1.19.2-43.5.1.jar, it does not contain dependency information.
[04Apr2026 15:23:58.080] [main/DEBUG] [net.minecraftforge.fml.loading.moddiscovery.ModFileParser/LOADING]: Considering mod file candidate 
[04Apr2026 15:23:58.081] [main/DEBUG] [net.minecraftforge.fml.loading.moddiscovery.ModFileInfo/LOADING]: Found valid mod file mixinextras-forge-0.2.1-beta.2.jar with {mixinextras} mods - versions {0.2.1-beta.2}
[04Apr2026 15:23:58.084] [main/DEBUG] [net.minecraftforge.fml.loading.moddiscovery.ModFileParser/LOADING]: Considering mod file candidate 
[04Apr2026 15:23:58.084] [main/DEBUG] [net.minecraftforge.fml.loading.moddiscovery.ModFileInfo/LOADING]: Found valid mod file mixinextras-forge-0.3.2.jar with {mixinextras} mods - versions {0.3.2}
[04Apr2026 15:23:58.087] [main/DEBUG] [net.minecraftforge.fml.loading.moddiscovery.ModFileParser/LOADING]: Considering mod file candidate 
[04Apr2026 15:23:58.088] [main/DEBUG] [net.minecraftforge.fml.loading.moddiscovery.ModFileInfo/LOADING]: Found valid mod file forge-mixinextras-forge-0.3.2.jar with {mixinextras} mods - versions {0.3.2}
[04Apr2026 15:23:58.091] [main/DEBUG] [net.minecraftforge.fml.loading.moddiscovery.ModFileParser/LOADING]: Considering mod file candidate 
[04Apr2026 15:23:58.091] [main/DEBUG] [net.minecraftforge.fml.loading.moddiscovery.ModFileInfo/LOADING]: Found valid mod file mixinextras-forge-0.2.0-rc.5.jar with {mixinextras} mods - versions {0.2.0-rc.5}
[04Apr2026 15:23:58.093] [main/DEBUG] [net.minecraftforge.fml.loading.moddiscovery.ModFileParser/LOADING]: Considering mod file candidate 
[04Apr2026 15:23:58.093] [main/DEBUG] [net.minecraftforge.fml.loading.moddiscovery.ModFileInfo/LOADING]: Found valid mod file mixinsquared-forge-0.1.2-beta.6.jar with {mixinsquared} mods - versions {0.1.2-beta.6}
[04Apr2026 15:23:58.101] [main/DEBUG] [net.minecraftforge.fml.loading.moddiscovery.ModFileParser/LOADING]: Considering mod file candidate 
[04Apr2026 15:23:58.102] [main/DEBUG] [net.minecraftforge.fml.loading.moddiscovery.ModFileInfo/LOADING]: Found valid mod file mixinextras-forge-0.2.0-beta.6.jar with {mixinextras} mods - versions {0.2.0-beta.6}
[04Apr2026 15:23:58.110] [main/DEBUG] [net.minecraftforge.fml.loading.moddiscovery.ModFileParser/LOADING]: Considering mod file candidate 
[04Apr2026 15:23:58.110] [main/DEBUG] [net.minecraftforge.fml.loading.moddiscovery.ModFileInfo/LOADING]: Found valid mod file apexcore-1.19.2-7.3.1.jar with {apexcore} mods - versions {7.3.1}
[04Apr2026 15:23:58.122] [main/DEBUG] [net.minecraftforge.fml.loading.moddiscovery.ModFileParser/LOADING]: Considering mod file candidate 
[04Apr2026 15:23:58.123] [main/DEBUG] [net.minecraftforge.fml.loading.moddiscovery.ModFileInfo/LOADING]: Found valid mod file mixinextras-forge-0.2.1.jar with {mixinextras} mods - versions {0.2.1}
[04Apr2026 15:23:58.127] [main/DEBUG] [net.minecraftforge.fml.loading.moddiscovery.ModFileParser/LOADING]: Considering mod file candidate 
[04Apr2026 15:23:58.127] [main/DEBUG] [net.minecraftforge.fml.loading.moddiscovery.ModFileInfo/LOADING]: Found valid mod file mixinextras-forge-0.3.6.jar with {mixinextras} mods - versions {0.3.6}
[04Apr2026 15:23:58.132] [main/DEBUG] [net.minecraftforge.fml.loading.moddiscovery.ModFileParser/LOADING]: Considering mod file candidate 
[04Apr2026 15:23:58.133] [main/DEBUG] [net.minecraftforge.fml.loading.moddiscovery.ModFileInfo/LOADING]: Found valid mod file mixinextras-forge-0.3.2.jar with {mixinextras} mods - versions {0.3.2}
[04Apr2026 15:23:58.136] [main/DEBUG] [net.minecraftforge.fml.loading.moddiscovery.ModFileParser/LOADING]: Considering mod file candidate 
[04Apr2026 15:23:58.137] [main/DEBUG] [net.minecraftforge.fml.loading.moddiscovery.ModFileInfo/LOADING]: Found valid mod file mixinextras-forge-0.2.1.jar with {mixinextras} mods - versions {0.2.1}
[04Apr2026 15:23:58.140] [main/DEBUG] [net.minecraftforge.fml.loading.moddiscovery.ModFileParser/LOADING]: Considering mod file candidate 
[04Apr2026 15:23:58.141] [main/DEBUG] [net.minecraftforge.fml.loading.moddiscovery.ModFileInfo/LOADING]: Found valid mod file mixinextras-forge-0.2.0-beta.9.jar with {mixinextras} mods - versions {0.2.0-beta.9}
[04Apr2026 15:23:58.170] [main/DEBUG] [net.minecraftforge.fml.loading.moddiscovery.ModFileParser/LOADING]: Considering mod file candidate 
[04Apr2026 15:23:58.170] [main/DEBUG] [net.minecraftforge.fml.loading.moddiscovery.ModFileInfo/LOADING]: Found valid mod file nitrogen_internals-1.19.2-1.0.3-forge.jar with {nitrogen_internals} mods - versions {1.19.2-1.0.3-forge}
[04Apr2026 15:23:58.176] [main/DEBUG] [net.minecraftforge.fml.loading.moddiscovery.ModFileParser/LOADING]: Considering mod file candidate 
[04Apr2026 15:23:58.177] [main/DEBUG] [net.minecraftforge.fml.loading.moddiscovery.ModFileInfo/LOADING]: Found valid mod file cumulus_menus-1.19.2-1.0.0-forge.jar with {cumulus_menus} mods - versions {1.19.2-1.0.0-forge}
[04Apr2026 15:23:58.183] [main/DEBUG] [net.minecraftforge.fml.loading.moddiscovery.ModFileParser/LOADING]: Considering mod file candidate 
[04Apr2026 15:23:58.183] [main/DEBUG] [net.minecraftforge.fml.loading.moddiscovery.ModFileInfo/LOADING]: Found valid mod file curios-forge-1.19.2-5.1.4.1.jar with {curios} mods - versions {1.19.2-5.1.4.1}
[04Apr2026 15:23:58.186] [main/DEBUG] [net.minecraftforge.fml.loading.moddiscovery.ModFileParser/LOADING]: Considering mod file candidate 
[04Apr2026 15:23:58.187] [main/DEBUG] [net.minecraftforge.fml.loading.moddiscovery.ModFileInfo/LOADING]: Found valid mod file mixinextras-forge-0.2.0-rc.2.jar with {mixinextras} mods - versions {0.2.0-rc.2}
[04Apr2026 15:23:58.190] [main/DEBUG] [net.minecraftforge.fml.loading.moddiscovery.ModFileParser/LOADING]: Considering mod file candidate 
[04Apr2026 15:23:58.190] [main/DEBUG] [net.minecraftforge.fml.loading.moddiscovery.ModFileInfo/LOADING]: Found valid mod file mixinextras-forge-0.2.0-beta.9.jar with {mixinextras} mods - versions {0.2.0-beta.9}
[04Apr2026 15:23:58.192] [main/DEBUG] [net.minecraftforge.fml.loading.moddiscovery.ModFileParser/LOADING]: Considering mod file candidate 
[04Apr2026 15:23:58.193] [main/DEBUG] [net.minecraftforge.fml.loading.moddiscovery.ModFileInfo/LOADING]: Found valid mod file additionalentityattributes-forge-1.19-1.0.1+1.19.jar with {additionalentityattributes} mods - versions {1.0.1+1.19}
[04Apr2026 15:23:58.199] [main/DEBUG] [net.minecraftforge.fml.loading.moddiscovery.ModFileParser/LOADING]: Considering mod file candidate 
[04Apr2026 15:23:58.200] [main/DEBUG] [net.minecraftforge.fml.loading.moddiscovery.ModFileInfo/LOADING]: Found valid mod file calio-forge-1.19.2-1.7.0.4.jar with {calio} mods - versions {1.19.2-1.7.0.4}
[04Apr2026 15:23:58.244] [main/DEBUG] [net.minecraftforge.fml.loading.moddiscovery.ModFileParser/LOADING]: Considering mod file candidate 
[04Apr2026 15:23:58.245] [main/DEBUG] [net.minecraftforge.fml.loading.moddiscovery.ModFileInfo/LOADING]: Found valid mod file apoli-forge-1.19.2-2.6.1.7.jar with {apoli} mods - versions {1.19.2-2.6.1.7}
[04Apr2026 15:23:58.249] [main/DEBUG] [net.minecraftforge.fml.loading.moddiscovery.ModFileParser/LOADING]: Considering mod file candidate 
[04Apr2026 15:23:58.250] [main/DEBUG] [net.minecraftforge.fml.loading.moddiscovery.ModFileInfo/LOADING]: Found valid mod file spectrelib-forge-0.12.8+1.19.2.jar with {spectrelib} mods - versions {0.12.8+1.19.2}
[04Apr2026 15:23:58.251] [main/DEBUG] [net.minecraftforge.fml.loading.moddiscovery.ModFileParser/LOADING]: Considering mod file candidate 
[04Apr2026 15:23:58.252] [main/DEBUG] [net.minecraftforge.fml.loading.moddiscovery.ModFileInfo/LOADING]: Found valid mod file mixinextras-forge-0.2.0-beta.6.jar with {mixinextras} mods - versions {0.2.0-beta.6}
[04Apr2026 15:23:58.255] [main/DEBUG] [net.minecraftforge.fml.loading.moddiscovery.ModFileParser/LOADING]: Considering mod file candidate 
[04Apr2026 15:23:58.255] [main/DEBUG] [net.minecraftforge.fml.loading.moddiscovery.ModFileInfo/LOADING]: Found valid mod file spectrelib-forge-0.12.8+1.19.2.jar with {spectrelib} mods - versions {0.12.8+1.19.2}
[04Apr2026 15:23:58.258] [main/DEBUG] [net.minecraftforge.fml.loading.moddiscovery.ModFileParser/LOADING]: Considering mod file candidate 
[04Apr2026 15:23:58.258] [main/DEBUG] [net.minecraftforge.fml.loading.moddiscovery.ModFileInfo/LOADING]: Found valid mod file mixinextras-forge-0.4.1.jar with {mixinextras} mods - versions {0.4.1}
[04Apr2026 15:23:58.263] [main/DEBUG] [net.minecraftforge.fml.loading.moddiscovery.ModFileParser/LOADING]: Considering mod file candidate 
[04Apr2026 15:23:58.263] [main/DEBUG] [net.minecraftforge.fml.loading.moddiscovery.ModFileInfo/LOADING]: Found valid mod file mixinextras-forge-0.2.0-beta.9.jar with {mixinextras} mods - versions {0.2.0-beta.9}
[04Apr2026 15:23:58.266] [main/DEBUG] [net.minecraftforge.fml.loading.moddiscovery.ModFileParser/LOADING]: Considering mod file candidate 
[04Apr2026 15:23:58.267] [main/DEBUG] [net.minecraftforge.fml.loading.moddiscovery.ModFileInfo/LOADING]: Found valid mod file mixinextras-forge-0.3.6.jar with {mixinextras} mods - versions {0.3.6}
[04Apr2026 15:23:58.272] [main/DEBUG] [net.minecraftforge.fml.loading.moddiscovery.ModFileParser/LOADING]: Considering mod file candidate 
[04Apr2026 15:23:58.272] [main/DEBUG] [net.minecraftforge.fml.loading.moddiscovery.ModFileInfo/LOADING]: Found valid mod file mixinextras-forge-0.2.0-beta.6.jar with {mixinextras} mods - versions {0.2.0-beta.6}
[04Apr2026 15:23:58.289] [main/DEBUG] [net.minecraftforge.fml.loading.moddiscovery.AbstractJarFileDependencyLocator/]: Failed to load resource META-INF/jarjar/metadata.json from jankson-1.2.1.jar, it does not contain dependency information.
[04Apr2026 15:23:58.296] [main/DEBUG] [net.minecraftforge.fml.loading.moddiscovery.ModFileParser/LOADING]: Considering mod file candidate 
[04Apr2026 15:23:58.296] [main/DEBUG] [net.minecraftforge.fml.loading.moddiscovery.ModFileInfo/LOADING]: Found valid mod file commonality-1.19.2-4.2.1.jar with {commonality} mods - versions {4.2.1}
[04Apr2026 15:23:58.297] [main/DEBUG] [net.minecraftforge.fml.loading.moddiscovery.AbstractJarFileDependencyLocator/]: Failed to load resource META-INF/jarjar/metadata.json from json-path-2.9.0.jar, it does not contain dependency information.
[04Apr2026 15:23:58.315] [main/DEBUG] [net.minecraftforge.fml.loading.moddiscovery.AbstractJarFileDependencyLocator/]: Failed to load resource META-INF/jarjar/metadata.json from nitrogen_internals-1.19.2-1.0.3-forge.jar, it does not contain dependency information.
[04Apr2026 15:23:58.315] [main/DEBUG] [net.minecraftforge.fml.loading.moddiscovery.AbstractJarFileDependencyLocator/]: Failed to load resource META-INF/jarjar/metadata.json from cumulus_menus-1.19.2-1.0.0-forge.jar, it does not contain dependency information.
[04Apr2026 15:23:58.316] [main/DEBUG] [net.minecraftforge.fml.loading.moddiscovery.AbstractJarFileDependencyLocator/]: Failed to load resource META-INF/jarjar/metadata.json from curios-forge-1.19.2-5.1.4.1.jar, it does not contain dependency information.
[04Apr2026 15:23:58.325] [main/DEBUG] [net.minecraftforge.fml.loading.moddiscovery.AbstractJarFileDependencyLocator/]: Failed to load resource META-INF/jarjar/metadata.json from additionalentityattributes-forge-1.19-1.0.1+1.19.jar, it does not contain dependency information.
[04Apr2026 15:23:58.325] [main/DEBUG] [net.minecraftforge.fml.loading.moddiscovery.AbstractJarFileDependencyLocator/]: Failed to load resource META-INF/jarjar/metadata.json from calio-forge-1.19.2-1.7.0.4.jar, it does not contain dependency information.
[04Apr2026 15:23:58.325] [main/DEBUG] [net.minecraftforge.fml.loading.moddiscovery.AbstractJarFileDependencyLocator/]: Failed to load resource META-INF/jarjar/metadata.json from apoli-forge-1.19.2-2.6.1.7.jar, it does not contain dependency information.
[04Apr2026 15:23:58.325] [main/DEBUG] [net.minecraftforge.fml.loading.moddiscovery.AbstractJarFileDependencyLocator/]: Failed to load resource META-INF/jarjar/metadata.json from spectrelib-forge-0.12.8+1.19.2.jar, it does not contain dependency information.
[04Apr2026 15:23:58.329] [main/DEBUG] [net.minecraftforge.fml.loading.moddiscovery.AbstractJarFileDependencyLocator/]: Failed to load resource META-INF/jarjar/metadata.json from spectrelib-forge-0.12.8+1.19.2.jar, it does not contain dependency information.
[04Apr2026 15:23:58.336] [main/DEBUG] [net.minecraftforge.fml.loading.moddiscovery.AbstractJarFileDependencyLocator/]: Failed to load resource META-INF/jarjar/metadata.json from jankson-1.2.1.jar, it does not contain dependency information.
[04Apr2026 15:23:58.346] [main/DEBUG] [net.minecraftforge.fml.loading.moddiscovery.AbstractJarFileDependencyLocator/]: Failed to load resource META-INF/jarjar/metadata.json from Reflect-1.3.4.jar, it does not contain dependency information.
[04Apr2026 15:23:58.350] [main/DEBUG] [net.minecraftforge.fml.loading.moddiscovery.AbstractJarFileDependencyLocator/]: Failed to load resource META-INF/jarjar/metadata.json from MixinExtras-0.2.1-beta.2.jar, it does not contain dependency information.
[04Apr2026 15:23:58.350] [main/DEBUG] [net.minecraftforge.fml.loading.moddiscovery.AbstractJarFileDependencyLocator/]: Failed to load resource META-INF/jarjar/metadata.json from MixinExtras-0.3.2.jar, it does not contain dependency information.
[04Apr2026 15:23:58.350] [main/DEBUG] [net.minecraftforge.fml.loading.moddiscovery.AbstractJarFileDependencyLocator/]: Failed to load resource META-INF/jarjar/metadata.json from MixinExtras-0.3.2.jar, it does not contain dependency information.
[04Apr2026 15:23:58.350] [main/DEBUG] [net.minecraftforge.fml.loading.moddiscovery.AbstractJarFileDependencyLocator/]: Failed to load resource META-INF/jarjar/metadata.json from MixinExtras-0.2.0-rc.5.jar, it does not contain dependency information.
[04Apr2026 15:23:58.350] [main/DEBUG] [net.minecraftforge.fml.loading.moddiscovery.AbstractJarFileDependencyLocator/]: Failed to load resource META-INF/jarjar/metadata.json from MixinSquared-0.1.2-beta.6.jar, it does not contain dependency information.
[04Apr2026 15:23:58.350] [main/DEBUG] [net.minecraftforge.fml.loading.moddiscovery.AbstractJarFileDependencyLocator/]: Failed to load resource META-INF/jarjar/metadata.json from MixinExtras-0.2.0-beta.6.jar, it does not contain dependency information.
[04Apr2026 15:23:58.350] [main/DEBUG] [net.minecraftforge.fml.loading.moddiscovery.AbstractJarFileDependencyLocator/]: Failed to load resource META-INF/jarjar/metadata.json from Registrate-MC1.19-1.1.5.jar, it does not contain dependency information.
[04Apr2026 15:23:58.351] [main/DEBUG] [net.minecraftforge.fml.loading.moddiscovery.AbstractJarFileDependencyLocator/]: Failed to load resource META-INF/jarjar/metadata.json from MixinExtras-0.2.1.jar, it does not contain dependency information.
[04Apr2026 15:23:58.351] [main/DEBUG] [net.minecraftforge.fml.loading.moddiscovery.AbstractJarFileDependencyLocator/]: Failed to load resource META-INF/jarjar/metadata.json from MixinExtras-0.3.6.jar, it does not contain dependency information.
[04Apr2026 15:23:58.351] [main/DEBUG] [net.minecraftforge.fml.loading.moddiscovery.AbstractJarFileDependencyLocator/]: Failed to load resource META-INF/jarjar/metadata.json from MixinExtras-0.3.2.jar, it does not contain dependency information.
[04Apr2026 15:23:58.351] [main/DEBUG] [net.minecraftforge.fml.loading.moddiscovery.AbstractJarFileDependencyLocator/]: Failed to load resource META-INF/jarjar/metadata.json from MixinExtras-0.2.1.jar, it does not contain dependency information.
[04Apr2026 15:23:58.351] [main/DEBUG] [net.minecraftforge.fml.loading.moddiscovery.AbstractJarFileDependencyLocator/]: Failed to load resource META-INF/jarjar/metadata.json from MixinExtras-0.2.0-beta.9.jar, it does not contain dependency information.
[04Apr2026 15:23:58.351] [main/DEBUG] [net.minecraftforge.fml.loading.moddiscovery.AbstractJarFileDependencyLocator/]: Failed to load resource META-INF/jarjar/metadata.json from MixinExtras-0.2.0-rc.2.jar, it does not contain dependency information.
[04Apr2026 15:23:58.351] [main/DEBUG] [net.minecraftforge.fml.loading.moddiscovery.AbstractJarFileDependencyLocator/]: Failed to load resource META-INF/jarjar/metadata.json from MixinExtras-0.2.0-beta.9.jar, it does not contain dependency information.
[04Apr2026 15:23:58.351] [main/DEBUG] [net.minecraftforge.fml.loading.moddiscovery.AbstractJarFileDependencyLocator/]: Failed to load resource META-INF/jarjar/metadata.json from MixinExtras-0.2.0-beta.6.jar, it does not contain dependency information.
[04Apr2026 15:23:58.351] [main/DEBUG] [net.minecraftforge.fml.loading.moddiscovery.AbstractJarFileDependencyLocator/]: Failed to load resource META-INF/jarjar/metadata.json from MixinExtras-0.4.1.jar, it does not contain dependency information.
[04Apr2026 15:23:58.351] [main/DEBUG] [net.minecraftforge.fml.loading.moddiscovery.AbstractJarFileDependencyLocator/]: Failed to load resource META-INF/jarjar/metadata.json from MixinExtras-0.2.0-beta.9.jar, it does not contain dependency information.
[04Apr2026 15:23:58.351] [main/DEBUG] [net.minecraftforge.fml.loading.moddiscovery.AbstractJarFileDependencyLocator/]: Failed to load resource META-INF/jarjar/metadata.json from MixinExtras-0.3.6.jar, it does not contain dependency information.
[04Apr2026 15:23:58.351] [main/DEBUG] [net.minecraftforge.fml.loading.moddiscovery.AbstractJarFileDependencyLocator/]: Failed to load resource META-INF/jarjar/metadata.json from MixinExtras-0.2.0-beta.6.jar, it does not contain dependency information.
[04Apr2026 15:23:58.402] [main/DEBUG] [net.minecraftforge.fml.loading.moddiscovery.ModFileParser/LOADING]: Considering mod file candidate 
[04Apr2026 15:23:58.403] [main/DEBUG] [net.minecraftforge.fml.loading.moddiscovery.ModFileInfo/LOADING]: Found valid mod file cumulus_menus-1.19.2-1.0.0-forge.jar with {cumulus_menus} mods - versions {1.19.2-1.0.0-forge}
[04Apr2026 15:23:58.407] [main/DEBUG] [net.minecraftforge.fml.loading.moddiscovery.ModFileParser/LOADING]: Considering mod file candidate 
[04Apr2026 15:23:58.407] [main/DEBUG] [net.minecraftforge.fml.loading.moddiscovery.ModFileInfo/LOADING]: Found valid mod file spectrelib-forge-0.12.8+1.19.2.jar with {spectrelib} mods - versions {0.12.8+1.19.2}
[04Apr2026 15:23:58.408] [main/DEBUG] [net.minecraftforge.fml.loading.moddiscovery.ModFileParser/LOADING]: Considering mod file candidate 
[04Apr2026 15:23:58.409] [main/DEBUG] [net.minecraftforge.fml.loading.moddiscovery.ModFileInfo/LOADING]: Found valid mod file mixinextras-forge-0.3.6.jar with {mixinextras} mods - versions {0.3.6}
[04Apr2026 15:23:58.411] [main/DEBUG] [net.minecraftforge.fml.loading.moddiscovery.ModFileParser/LOADING]: Considering mod file candidate 
[04Apr2026 15:23:58.412] [main/DEBUG] [net.minecraftforge.fml.loading.moddiscovery.ModFileInfo/LOADING]: Found valid mod file commonality-1.19.2-4.2.1.jar with {commonality} mods - versions {4.2.1}
[04Apr2026 15:23:58.413] [main/DEBUG] [net.minecraftforge.fml.loading.moddiscovery.ModFileParser/LOADING]: Considering mod file candidate 
[04Apr2026 15:23:58.413] [main/DEBUG] [net.minecraftforge.fml.loading.moddiscovery.ModFileInfo/LOADING]: Found valid mod file additionalentityattributes-forge-1.19-1.0.1+1.19.jar with {additionalentityattributes} mods - versions {1.0.1+1.19}
[04Apr2026 15:23:58.425] [main/DEBUG] [net.minecraftforge.fml.loading.moddiscovery.ModFileParser/LOADING]: Considering mod file candidate 
[04Apr2026 15:23:58.426] [main/DEBUG] [net.minecraftforge.fml.loading.moddiscovery.ModFileInfo/LOADING]: Found valid mod file calio-forge-1.19.2-1.7.0.4.jar with {calio} mods - versions {1.19.2-1.7.0.4}
[04Apr2026 15:23:58.430] [main/DEBUG] [net.minecraftforge.fml.loading.moddiscovery.ModFileParser/LOADING]: Considering mod file candidate 
[04Apr2026 15:23:58.431] [main/DEBUG] [net.minecraftforge.fml.loading.moddiscovery.ModFileInfo/LOADING]: Found valid mod file curios-forge-1.19.2-5.1.4.1.jar with {curios} mods - versions {1.19.2-5.1.4.1}
[04Apr2026 15:23:58.450] [main/DEBUG] [net.minecraftforge.fml.loading.moddiscovery.ModFileParser/LOADING]: Considering mod file candidate 
[04Apr2026 15:23:58.451] [main/DEBUG] [net.minecraftforge.fml.loading.moddiscovery.ModFileInfo/LOADING]: Found valid mod file apexcore-1.19.2-7.3.1.jar with {apexcore} mods - versions {7.3.1}
[04Apr2026 15:23:58.452] [main/DEBUG] [net.minecraftforge.fml.loading.moddiscovery.ModFileParser/LOADING]: Considering mod file candidate 
[04Apr2026 15:23:58.453] [main/DEBUG] [net.minecraftforge.fml.loading.moddiscovery.ModFileInfo/LOADING]: Found valid mod file mixinextras-forge-0.2.0-beta.9.jar with {mixinextras} mods - versions {0.2.0-beta.9}
[04Apr2026 15:23:58.487] [main/DEBUG] [net.minecraftforge.fml.loading.moddiscovery.ModFileParser/LOADING]: Considering mod file candidate 
[04Apr2026 15:23:58.488] [main/DEBUG] [net.minecraftforge.fml.loading.moddiscovery.ModFileInfo/LOADING]: Found valid mod file apoli-forge-1.19.2-2.6.1.7.jar with {apoli} mods - versions {1.19.2-2.6.1.7}
[04Apr2026 15:23:58.489] [main/DEBUG] [net.minecraftforge.fml.loading.moddiscovery.ModFileParser/LOADING]: Considering mod file candidate 
[04Apr2026 15:23:58.489] [main/DEBUG] [net.minecraftforge.fml.loading.moddiscovery.ModFileInfo/LOADING]: Found valid mod file mixinsquared-forge-0.1.2-beta.6.jar with {mixinsquared} mods - versions {0.1.2-beta.6}
[04Apr2026 15:23:58.499] [main/DEBUG] [net.minecraftforge.fml.loading.moddiscovery.ModFileParser/LOADING]: Considering mod file candidate 
[04Apr2026 15:23:58.499] [main/DEBUG] [net.minecraftforge.fml.loading.moddiscovery.ModFileInfo/LOADING]: Found valid mod file nitrogen_internals-1.19.2-1.0.3-forge.jar with {nitrogen_internals} mods - versions {1.19.2-1.0.3-forge}
[04Apr2026 15:23:58.500] [main/WARN] [net.minecraftforge.jarjar.selection.JarSelector/]: Attempted to select two dependency jars from JarJar which have the same identification: Mod File:  and Mod File: . Using Mod File: 
[04Apr2026 15:23:58.503] [main/WARN] [net.minecraftforge.jarjar.selection.JarSelector/]: Attempted to select a dependency jar for JarJar which was passed in as source: curios. Using Mod File: /home/sylein/cisco-server/mods/curios-forge-1.19.2-5.1.6.4.jar
[04Apr2026 15:23:58.504] [main/INFO] [net.minecraftforge.fml.loading.moddiscovery.JarInJarDependencyLocator/]: Found 16 dependencies adding them to mods collection
[04Apr2026 15:23:58.510] [main/DEBUG] [net.minecraftforge.fml.loading.moddiscovery.ModFileParser/LOADING]: Considering mod file candidate /home/sylein/cisco-server/mods/saturn-mc1.19.2-0.1.4.jar
[04Apr2026 15:23:58.510] [main/DEBUG] [net.minecraftforge.fml.loading.moddiscovery.ModFileInfo/LOADING]: Found valid mod file saturn-mc1.19.2-0.1.4.jar with {saturn} mods - versions {0.1.4}
[04Apr2026 15:23:58.515] [main/DEBUG] [net.minecraftforge.fml.loading.moddiscovery.ModFile/LOADING]: Loading mod file /home/sylein/cisco-server/mods/saturn-mc1.19.2-0.1.4.jar with languages [LanguageSpec[languageName=javafml, acceptedVersions=[43,)]]
[04Apr2026 15:23:58.516] [main/DEBUG] [net.minecraftforge.fml.loading.moddiscovery.ModFileParser/LOADING]: Considering mod file candidate /home/sylein/cisco-server/mods/kubejs-forge-1902.6.2-build.73.jar
[04Apr2026 15:23:58.517] [main/DEBUG] [net.minecraftforge.fml.loading.moddiscovery.ModFileInfo/LOADING]: Found valid mod file kubejs-forge-1902.6.2-build.73.jar with {kubejs} mods - versions {1902.6.2-build.73}
[04Apr2026 15:23:58.517] [main/DEBUG] [net.minecraftforge.fml.loading.moddiscovery.ModFile/LOADING]: Loading mod file /home/sylein/cisco-server/mods/kubejs-forge-1902.6.2-build.73.jar with languages [LanguageSpec[languageName=javafml, acceptedVersions=[40,)]]
[04Apr2026 15:23:58.517] [main/DEBUG] [net.minecraftforge.fml.loading.moddiscovery.ModFileParser/LOADING]: Considering mod file candidate /home/sylein/cisco-server/mods/YungsBetterDungeons-1.19.2-Forge-3.2.2.jar
[04Apr2026 15:23:58.518] [main/DEBUG] [net.minecraftforge.fml.loading.moddiscovery.ModFileInfo/LOADING]: Found valid mod file YungsBetterDungeons-1.19.2-Forge-3.2.2.jar with {betterdungeons} mods - versions {1.19.2-Forge-3.2.2}
[04Apr2026 15:23:58.518] [main/DEBUG] [net.minecraftforge.fml.loading.moddiscovery.ModFile/LOADING]: Loading mod file /home/sylein/cisco-server/mods/YungsBetterDungeons-1.19.2-Forge-3.2.2.jar with languages [LanguageSpec[languageName=javafml, acceptedVersions=[43,)]]
[04Apr2026 15:23:58.518] [main/DEBUG] [net.minecraftforge.fml.loading.moddiscovery.ModFileParser/LOADING]: Considering mod file candidate /home/sylein/cisco-server/mods/alexsmobs-1.21.1.jar
[04Apr2026 15:23:58.519] [main/DEBUG] [net.minecraftforge.fml.loading.moddiscovery.ModFileInfo/LOADING]: Found valid mod file alexsmobs-1.21.1.jar with {alexsmobs} mods - versions {1.21.1}
[04Apr2026 15:23:58.519] [main/DEBUG] [net.minecraftforge.fml.loading.moddiscovery.ModFile/LOADING]: Loading mod file /home/sylein/cisco-server/mods/alexsmobs-1.21.1.jar with languages [LanguageSpec[languageName=javafml, acceptedVersions=[42,)]]
[04Apr2026 15:23:58.519] [main/DEBUG] [net.minecraftforge.fml.loading.moddiscovery.ModFileParser/LOADING]: Considering mod file candidate 
[04Apr2026 15:23:58.520] [main/DEBUG] [net.minecraftforge.fml.loading.moddiscovery.ModFileInfo/LOADING]: Found valid mod file additionalentityattributes-forge-1.19-1.0.1+1.19.jar with {additionalentityattributes} mods - versions {1.0.1+1.19}
[04Apr2026 15:23:58.520] [main/DEBUG] [net.minecraftforge.fml.loading.moddiscovery.ModFile/LOADING]: Loading mod file  with languages [LanguageSpec[languageName=javafml, acceptedVersions=[41,)]]
[04Apr2026 15:23:58.525] [main/DEBUG] [net.minecraftforge.fml.loading.moddiscovery.ModFileParser/LOADING]: Found coremod aea_water_speed with Javascript path coremods/aea_water_speed.js
[04Apr2026 15:23:58.525] [main/DEBUG] [net.minecraftforge.fml.loading.moddiscovery.ModFile/LOADING]: Found coremod coremods/aea_water_speed.js
[04Apr2026 15:23:58.525] [main/DEBUG] [net.minecraftforge.fml.loading.moddiscovery.ModFileParser/LOADING]: Considering mod file candidate /home/sylein/cisco-server/mods/origins-accessbilities-1.19.2-1.1.1.jar
[04Apr2026 15:23:58.526] [main/DEBUG] [net.minecraftforge.fml.loading.moddiscovery.ModFileInfo/LOADING]: Found valid mod file origins-accessbilities-1.19.2-1.1.1.jar with {oriacs} mods - versions {1.1.0}
[04Apr2026 15:23:58.526] [main/DEBUG] [net.minecraftforge.fml.loading.moddiscovery.ModFile/LOADING]: Loading mod file /home/sylein/cisco-server/mods/origins-accessbilities-1.19.2-1.1.1.jar with languages [LanguageSpec[languageName=javafml, acceptedVersions=[43,)]]
[04Apr2026 15:23:58.526] [main/DEBUG] [net.minecraftforge.fml.loading.moddiscovery.ModFileParser/LOADING]: Considering mod file candidate /home/sylein/cisco-server/mods/player-animation-lib-forge-1.0.2.jar
[04Apr2026 15:23:58.526] [main/DEBUG] [net.minecraftforge.fml.loading.moddiscovery.ModFileInfo/LOADING]: Found valid mod file player-animation-lib-forge-1.0.2.jar with {playeranimator} mods - versions {1.0.2}
[04Apr2026 15:23:58.527] [main/DEBUG] [net.minecraftforge.fml.loading.moddiscovery.ModFile/LOADING]: Loading mod file /home/sylein/cisco-server/mods/player-animation-lib-forge-1.0.2.jar with languages [LanguageSpec[languageName=javafml, acceptedVersions=[37.1.1,)]]
[04Apr2026 15:23:58.527] [main/DEBUG] [net.minecraftforge.fml.loading.moddiscovery.ModFileParser/LOADING]: Considering mod file candidate /home/sylein/cisco-server/mods/majruszs-difficulty-forge-1.19.2-1.9.9-backport.1.jar
[04Apr2026 15:23:58.527] [main/DEBUG] [net.minecraftforge.fml.loading.moddiscovery.ModFileInfo/LOADING]: Found valid mod file majruszs-difficulty-forge-1.19.2-1.9.9-backport.1.jar with {majruszsdifficulty} mods - versions {1.9.9-backport.1}
[04Apr2026 15:23:58.528] [main/DEBUG] [net.minecraftforge.fml.loading.moddiscovery.ModFile/LOADING]: Loading mod file /home/sylein/cisco-server/mods/majruszs-difficulty-forge-1.19.2-1.9.9-backport.1.jar with languages [LanguageSpec[languageName=javafml, acceptedVersions=[43,)]]
[04Apr2026 15:23:58.528] [main/DEBUG] [net.minecraftforge.fml.loading.moddiscovery.ModFileParser/LOADING]: Considering mod file candidate /home/sylein/cisco-server/mods/Entity_Collision_FPS_Fix-forge-1.19-2.0.0.0.jar
[04Apr2026 15:23:58.528] [main/DEBUG] [net.minecraftforge.fml.loading.moddiscovery.ModFileInfo/LOADING]: Found valid mod file Entity_Collision_FPS_Fix-forge-1.19-2.0.0.0.jar with {entitycollisionfpsfix} mods - versions {2.0.0.0}
[04Apr2026 15:23:58.528] [main/DEBUG] [net.minecraftforge.fml.loading.moddiscovery.ModFile/LOADING]: Loading mod file /home/sylein/cisco-server/mods/Entity_Collision_FPS_Fix-forge-1.19-2.0.0.0.jar with languages [LanguageSpec[languageName=javafml, acceptedVersions=[40,)]]
[04Apr2026 15:23:58.529] [main/DEBUG] [net.minecraftforge.fml.loading.moddiscovery.ModFileParser/LOADING]: Considering mod file candidate /home/sylein/cisco-server/mods/nerb-1.19.2-0.3-FORGE.jar
[04Apr2026 15:23:58.530] [main/DEBUG] [net.minecraftforge.fml.loading.moddiscovery.ModFileInfo/LOADING]: Found valid mod file nerb-1.19.2-0.3-FORGE.jar with {nerb} mods - versions {0.3}
[04Apr2026 15:23:58.530] [main/DEBUG] [net.minecraftforge.fml.loading.moddiscovery.ModFile/LOADING]: Loading mod file /home/sylein/cisco-server/mods/nerb-1.19.2-0.3-FORGE.jar with languages [LanguageSpec[languageName=javafml, acceptedVersions=[43,)]]
[04Apr2026 15:23:58.530] [main/DEBUG] [net.minecraftforge.fml.loading.moddiscovery.ModFileParser/LOADING]: Considering mod file candidate 
[04Apr2026 15:23:58.530] [main/DEBUG] [net.minecraftforge.fml.loading.moddiscovery.ModFileInfo/LOADING]: Found valid mod file apoli-forge-1.19.2-2.6.1.7.jar with {apoli} mods - versions {1.19.2-2.6.1.7}
[04Apr2026 15:23:58.531] [main/DEBUG] [net.minecraftforge.fml.loading.moddiscovery.ModFile/LOADING]: Loading mod file  with languages [LanguageSpec[languageName=javafml, acceptedVersions=[39,)]]
[04Apr2026 15:23:58.531] [main/DEBUG] [net.minecraftforge.fml.loading.moddiscovery.ModFileParser/LOADING]: Found coremod prevent_armor_equip with Javascript path coremods/apoli.js
[04Apr2026 15:23:58.531] [main/DEBUG] [net.minecraftforge.fml.loading.moddiscovery.ModFile/LOADING]: Found coremod coremods/apoli.js
[04Apr2026 15:23:58.531] [main/DEBUG] [net.minecraftforge.fml.loading.moddiscovery.ModFileParser/LOADING]: Considering mod file candidate /home/sylein/cisco-server/mods/stalwart-dungeons-1.19.2-1.2.8.jar
[04Apr2026 15:23:58.531] [main/DEBUG] [net.minecraftforge.fml.loading.moddiscovery.ModFileInfo/LOADING]: Found valid mod file stalwart-dungeons-1.19.2-1.2.8.jar with {stalwart_dungeons} mods - versions {1.2.8}
[04Apr2026 15:23:58.531] [main/DEBUG] [net.minecraftforge.fml.loading.moddiscovery.ModFile/LOADING]: Loading mod file /home/sylein/cisco-server/mods/stalwart-dungeons-1.19.2-1.2.8.jar with languages [LanguageSpec[languageName=javafml, acceptedVersions=[43,)]]
[04Apr2026 15:23:58.532] [main/DEBUG] [net.minecraftforge.fml.loading.moddiscovery.ModFileParser/LOADING]: Considering mod file candidate /home/sylein/cisco-server/mods/rubidium-mc1.19.2-0.6.2c.jar
[04Apr2026 15:23:58.532] [main/DEBUG] [net.minecraftforge.fml.loading.moddiscovery.ModFileInfo/LOADING]: Found valid mod file rubidium-mc1.19.2-0.6.2c.jar with {rubidium} mods - versions {0.6.2c}
[04Apr2026 15:23:58.532] [main/DEBUG] [net.minecraftforge.fml.loading.moddiscovery.ModFile/LOADING]: Loading mod file /home/sylein/cisco-server/mods/rubidium-mc1.19.2-0.6.2c.jar with languages [LanguageSpec[languageName=javafml, acceptedVersions=[39,)]]
[04Apr2026 15:23:58.532] [main/DEBUG] [net.minecraftforge.fml.loading.moddiscovery.ModFileParser/LOADING]: Considering mod file candidate /home/sylein/cisco-server/mods/doapi-1.1.0b.jar
[04Apr2026 15:23:58.533] [main/DEBUG] [net.minecraftforge.fml.loading.moddiscovery.ModFileInfo/LOADING]: Found valid mod file doapi-1.1.0b.jar with {doapi,terraform} mods - versions {1.1.0b,4.2.0}
[04Apr2026 15:23:58.533] [main/DEBUG] [net.minecraftforge.fml.loading.moddiscovery.ModFile/LOADING]: Loading mod file /home/sylein/cisco-server/mods/doapi-1.1.0b.jar with languages [LanguageSpec[languageName=javafml, acceptedVersions=[43,)]]
[04Apr2026 15:23:58.533] [main/DEBUG] [net.minecraftforge.fml.loading.moddiscovery.ModFileParser/LOADING]: Considering mod file candidate /home/sylein/cisco-server/mods/modernfix-forge-5.18.1+mc1.19.2.jar
[04Apr2026 15:23:58.534] [main/DEBUG] [net.minecraftforge.fml.loading.moddiscovery.ModFileInfo/LOADING]: Found valid mod file modernfix-forge-5.18.1+mc1.19.2.jar with {modernfix} mods - versions {5.18.1+mc1.19.2}
[04Apr2026 15:23:58.534] [main/DEBUG] [net.minecraftforge.fml.loading.moddiscovery.ModFile/LOADING]: Loading mod file /home/sylein/cisco-server/mods/modernfix-forge-5.18.1+mc1.19.2.jar with languages [LanguageSpec[languageName=javafml, acceptedVersions=[43,)]]
[04Apr2026 15:23:58.534] [main/DEBUG] [net.minecraftforge.fml.loading.moddiscovery.ModFileParser/LOADING]: Considering mod file candidate /home/sylein/cisco-server/mods/ArmorDamageLimit-1.19.2-1.0.0.jar
[04Apr2026 15:23:58.535] [main/DEBUG] [net.minecraftforge.fml.loading.moddiscovery.ModFileInfo/LOADING]: Found valid mod file ArmorDamageLimit-1.19.2-1.0.0.jar with {armordamagelimit} mods - versions {1.19.2-1.0.0}
[04Apr2026 15:23:58.535] [main/DEBUG] [net.minecraftforge.fml.loading.moddiscovery.ModFile/LOADING]: Loading mod file /home/sylein/cisco-server/mods/ArmorDamageLimit-1.19.2-1.0.0.jar with languages [LanguageSpec[languageName=javafml, acceptedVersions=[43,)]]
[04Apr2026 15:23:58.535] [main/DEBUG] [net.minecraftforge.fml.loading.moddiscovery.ModFileParser/LOADING]: Considering mod file candidate /home/sylein/cisco-server/mods/GatewaysToEternity-1.19.2-3.2.3.jar
[04Apr2026 15:23:58.535] [main/DEBUG] [net.minecraftforge.fml.loading.moddiscovery.ModFileInfo/LOADING]: Found valid mod file GatewaysToEternity-1.19.2-3.2.3.jar with {gateways} mods - versions {3.2.3}
[04Apr2026 15:23:58.535] [main/DEBUG] [net.minecraftforge.fml.loading.moddiscovery.ModFile/LOADING]: Loading mod file /home/sylein/cisco-server/mods/GatewaysToEternity-1.19.2-3.2.3.jar with languages [LanguageSpec[languageName=javafml, acceptedVersions=[32,)]]
[04Apr2026 15:23:58.536] [main/DEBUG] [net.minecraftforge.fml.loading.moddiscovery.ModFileParser/LOADING]: Considering mod file candidate /home/sylein/cisco-server/mods/YungsApi-1.19.2-Forge-3.8.10.jar
[04Apr2026 15:23:58.537] [main/DEBUG] [net.minecraftforge.fml.loading.moddiscovery.ModFileInfo/LOADING]: Found valid mod file YungsApi-1.19.2-Forge-3.8.10.jar with {yungsapi} mods - versions {1.19.2-Forge-3.8.10}
[04Apr2026 15:23:58.537] [main/DEBUG] [net.minecraftforge.fml.loading.moddiscovery.ModFile/LOADING]: Loading mod file /home/sylein/cisco-server/mods/YungsApi-1.19.2-Forge-3.8.10.jar with languages [LanguageSpec[languageName=javafml, acceptedVersions=[43,)]]
[04Apr2026 15:23:58.537] [main/DEBUG] [net.minecraftforge.fml.loading.moddiscovery.ModFileParser/LOADING]: Considering mod file candidate /home/sylein/cisco-server/mods/MaxHealthFix-Forge-1.19.2-8.0.2.jar
[04Apr2026 15:23:58.538] [main/DEBUG] [net.minecraftforge.fml.loading.moddiscovery.ModFileInfo/LOADING]: Found valid mod file MaxHealthFix-Forge-1.19.2-8.0.2.jar with {maxhealthfix} mods - versions {8.0.2}
[04Apr2026 15:23:58.538] [main/DEBUG] [net.minecraftforge.fml.loading.moddiscovery.ModFile/LOADING]: Loading mod file /home/sylein/cisco-server/mods/MaxHealthFix-Forge-1.19.2-8.0.2.jar with languages [LanguageSpec[languageName=javafml, acceptedVersions=[43,)]]
[04Apr2026 15:23:58.538] [main/DEBUG] [net.minecraftforge.fml.loading.moddiscovery.ModFileParser/LOADING]: Considering mod file candidate /home/sylein/cisco-server/mods/upgradednetherite_items-1.19.2-4.1.0.2-release.jar
[04Apr2026 15:23:58.539] [main/DEBUG] [net.minecraftforge.fml.loading.moddiscovery.ModFileInfo/LOADING]: Found valid mod file upgradednetherite_items-1.19.2-4.1.0.2-release.jar with {upgradednetherite_items} mods - versions {1.19.2-4.1.0.2-release}
[04Apr2026 15:23:58.539] [main/DEBUG] [net.minecraftforge.fml.loading.moddiscovery.ModFile/LOADING]: Loading mod file /home/sylein/cisco-server/mods/upgradednetherite_items-1.19.2-4.1.0.2-release.jar with languages [LanguageSpec[languageName=javafml, acceptedVersions=[43,)]]
[04Apr2026 15:23:58.539] [main/DEBUG] [net.minecraftforge.fml.loading.moddiscovery.ModFileParser/LOADING]: Considering mod file candidate /home/sylein/cisco-server/mods/letsdo-vinery-forge-1.3.12b.jar
[04Apr2026 15:23:58.540] [main/DEBUG] [net.minecraftforge.fml.loading.moddiscovery.ModFileInfo/LOADING]: Found valid mod file letsdo-vinery-forge-1.3.12b.jar with {vinery} mods - versions {1.3.12}
[04Apr2026 15:23:58.540] [main/DEBUG] [net.minecraftforge.fml.loading.moddiscovery.ModFile/LOADING]: Loading mod file /home/sylein/cisco-server/mods/letsdo-vinery-forge-1.3.12b.jar with languages [LanguageSpec[languageName=javafml, acceptedVersions=[43,)]]
[04Apr2026 15:23:58.540] [main/DEBUG] [net.minecraftforge.fml.loading.moddiscovery.ModFileParser/LOADING]: Considering mod file candidate /home/sylein/cisco-server/mods/Apotheosis-1.19.2-6.5.2.jar
[04Apr2026 15:23:58.541] [main/DEBUG] [net.minecraftforge.fml.loading.moddiscovery.ModFileInfo/LOADING]: Found valid mod file Apotheosis-1.19.2-6.5.2.jar with {apotheosis} mods - versions {6.5.2}
[04Apr2026 15:23:58.541] [main/DEBUG] [net.minecraftforge.fml.loading.moddiscovery.ModFile/LOADING]: Loading mod file /home/sylein/cisco-server/mods/Apotheosis-1.19.2-6.5.2.jar with languages [LanguageSpec[languageName=javafml, acceptedVersions=[32,)]]
[04Apr2026 15:23:58.542] [main/DEBUG] [net.minecraftforge.fml.loading.moddiscovery.ModFileParser/LOADING]: Found coremod apotheosis_attr/potion_gui_tooltips with Javascript path coremods/attr/potion_gui_tooltips.js
[04Apr2026 15:23:58.542] [main/DEBUG] [net.minecraftforge.fml.loading.moddiscovery.ModFileParser/LOADING]: Found coremod apotheosis_ench/ench_info_loot_redirector with Javascript path coremods/ench/ench_info_loot_redirector.js
[04Apr2026 15:23:58.542] [main/DEBUG] [net.minecraftforge.fml.loading.moddiscovery.ModFileParser/LOADING]: Found coremod apotheosis_ench/ench_info_redirector with Javascript path coremods/ench/ench_info_redirector.js
[04Apr2026 15:23:58.542] [main/DEBUG] [net.minecraftforge.fml.loading.moddiscovery.ModFileParser/LOADING]: Found coremod apotheosis_ench/fishing_hook with Javascript path coremods/ench/fishing_hook.js
[04Apr2026 15:23:58.542] [main/DEBUG] [net.minecraftforge.fml.loading.moddiscovery.ModFile/LOADING]: Found coremod coremods/attr/potion_gui_tooltips.js
[04Apr2026 15:23:58.542] [main/DEBUG] [net.minecraftforge.fml.loading.moddiscovery.ModFile/LOADING]: Found coremod coremods/ench/ench_info_loot_redirector.js
[04Apr2026 15:23:58.542] [main/DEBUG] [net.minecraftforge.fml.loading.moddiscovery.ModFile/LOADING]: Found coremod coremods/ench/ench_info_redirector.js
[04Apr2026 15:23:58.542] [main/DEBUG] [net.minecraftforge.fml.loading.moddiscovery.ModFile/LOADING]: Found coremod coremods/ench/fishing_hook.js
[04Apr2026 15:23:58.542] [main/DEBUG] [net.minecraftforge.fml.loading.moddiscovery.ModFileParser/LOADING]: Considering mod file candidate /home/sylein/cisco-server/mods/savage_and_ravage-1.19.2-5.0.5.jar
[04Apr2026 15:23:58.543] [main/DEBUG] [net.minecraftforge.fml.loading.moddiscovery.ModFileInfo/LOADING]: Found valid mod file savage_and_ravage-1.19.2-5.0.5.jar with {savage_and_ravage} mods - versions {5.0.5}
[04Apr2026 15:23:58.543] [main/DEBUG] [net.minecraftforge.fml.loading.moddiscovery.ModFile/LOADING]: Loading mod file /home/sylein/cisco-server/mods/savage_and_ravage-1.19.2-5.0.5.jar with languages [LanguageSpec[languageName=javafml, acceptedVersions=[32,)]]
[04Apr2026 15:23:58.544] [main/DEBUG] [net.minecraftforge.fml.loading.moddiscovery.ModFileParser/LOADING]: Considering mod file candidate /home/sylein/cisco-server/mods/clayworks-1.19.2-2.1.0.jar
[04Apr2026 15:23:58.545] [main/DEBUG] [net.minecraftforge.fml.loading.moddiscovery.ModFileInfo/LOADING]: Found valid mod file clayworks-1.19.2-2.1.0.jar with {clayworks} mods - versions {2.1.0}
[04Apr2026 15:23:58.545] [main/DEBUG] [net.minecraftforge.fml.loading.moddiscovery.ModFile/LOADING]: Loading mod file /home/sylein/cisco-server/mods/clayworks-1.19.2-2.1.0.jar with languages [LanguageSpec[languageName=javafml, acceptedVersions=[32,)]]
[04Apr2026 15:23:58.545] [main/DEBUG] [net.minecraftforge.fml.loading.moddiscovery.ModFileParser/LOADING]: Considering mod file candidate /home/sylein/cisco-server/mods/balm-forge-1.19.2-4.6.0.jar
[04Apr2026 15:23:58.546] [main/DEBUG] [net.minecraftforge.fml.loading.moddiscovery.ModFileInfo/LOADING]: Found valid mod file balm-forge-1.19.2-4.6.0.jar with {balm} mods - versions {4.6.0}
[04Apr2026 15:23:58.546] [main/DEBUG] [net.minecraftforge.fml.loading.moddiscovery.ModFile/LOADING]: Loading mod file /home/sylein/cisco-server/mods/balm-forge-1.19.2-4.6.0.jar with languages [LanguageSpec[languageName=javafml, acceptedVersions=[41,)]]
[04Apr2026 15:23:58.546] [main/DEBUG] [net.minecraftforge.fml.loading.moddiscovery.ModFileParser/LOADING]: Considering mod file candidate /home/sylein/cisco-server/mods/immersive_armors-1.5.6+1.19.2-forge.jar
[04Apr2026 15:23:58.547] [main/DEBUG] [net.minecraftforge.fml.loading.moddiscovery.ModFileInfo/LOADING]: Found valid mod file immersive_armors-1.5.6+1.19.2-forge.jar with {immersive_armors} mods - versions {1.5.6+1.19.2}
[04Apr2026 15:23:58.547] [main/DEBUG] [net.minecraftforge.fml.loading.moddiscovery.ModFile/LOADING]: Loading mod file /home/sylein/cisco-server/mods/immersive_armors-1.5.6+1.19.2-forge.jar with languages [LanguageSpec[languageName=javafml, acceptedVersions=[43,)]]
[04Apr2026 15:23:58.547] [main/DEBUG] [net.minecraftforge.fml.loading.moddiscovery.ModFileParser/LOADING]: Considering mod file candidate /home/sylein/cisco-server/mods/JustEnoughResources-1.19.2-1.2.3.243.jar
[04Apr2026 15:23:58.548] [main/DEBUG] [net.minecraftforge.fml.loading.moddiscovery.ModFileInfo/LOADING]: Found valid mod file JustEnoughResources-1.19.2-1.2.3.243.jar with {jeresources} mods - versions {1.2.3.243}
[04Apr2026 15:23:58.548] [main/DEBUG] [net.minecraftforge.fml.loading.moddiscovery.ModFile/LOADING]: Loading mod file /home/sylein/cisco-server/mods/JustEnoughResources-1.19.2-1.2.3.243.jar with languages [LanguageSpec[languageName=javafml, acceptedVersions=[43,)]]
[04Apr2026 15:23:58.548] [main/DEBUG] [net.minecraftforge.fml.loading.moddiscovery.ModFileParser/LOADING]: Considering mod file candidate /home/sylein/cisco-server/mods/cloth-config-8.3.134-forge.jar
[04Apr2026 15:23:58.549] [main/DEBUG] [net.minecraftforge.fml.loading.moddiscovery.ModFileInfo/LOADING]: Found valid mod file cloth-config-8.3.134-forge.jar with {cloth_config} mods - versions {8.3.134}
[04Apr2026 15:23:58.549] [main/DEBUG] [net.minecraftforge.fml.loading.moddiscovery.ModFile/LOADING]: Loading mod file /home/sylein/cisco-server/mods/cloth-config-8.3.134-forge.jar with languages [LanguageSpec[languageName=javafml, acceptedVersions=[34,)]]
[04Apr2026 15:23:58.549] [main/DEBUG] [net.minecraftforge.fml.loading.moddiscovery.ModFileParser/LOADING]: Considering mod file candidate /home/sylein/cisco-server/mods/YungsBetterNetherFortresses-1.19.2-Forge-1.0.6.jar
[04Apr2026 15:23:58.550] [main/DEBUG] [net.minecraftforge.fml.loading.moddiscovery.ModFileInfo/LOADING]: Found valid mod file YungsBetterNetherFortresses-1.19.2-Forge-1.0.6.jar with {betterfortresses} mods - versions {1.19.2-Forge-1.0.6}
[04Apr2026 15:23:58.550] [main/DEBUG] [net.minecraftforge.fml.loading.moddiscovery.ModFile/LOADING]: Loading mod file /home/sylein/cisco-server/mods/YungsBetterNetherFortresses-1.19.2-Forge-1.0.6.jar with languages [LanguageSpec[languageName=javafml, acceptedVersions=[43,)]]
[04Apr2026 15:23:58.550] [main/DEBUG] [net.minecraftforge.fml.loading.moddiscovery.ModFileParser/LOADING]: Considering mod file candidate /home/sylein/cisco-server/mods/ctov-3.2.6c.jar
[04Apr2026 15:23:58.551] [main/DEBUG] [net.minecraftforge.fml.loading.moddiscovery.ModFileInfo/LOADING]: Found valid mod file ctov-3.2.6c.jar with {ctov} mods - versions {3.2.6c}
[04Apr2026 15:23:58.551] [main/DEBUG] [net.minecraftforge.fml.loading.moddiscovery.ModFile/LOADING]: Loading mod file /home/sylein/cisco-server/mods/ctov-3.2.6c.jar with languages [LanguageSpec[languageName=javafml, acceptedVersions=[41,46)]]
[04Apr2026 15:23:58.551] [main/DEBUG] [net.minecraftforge.fml.loading.moddiscovery.ModFileParser/LOADING]: Considering mod file candidate /home/sylein/cisco-server/mods/AutoLeveling-1.19.2-1.19b.jar
[04Apr2026 15:23:58.551] [main/DEBUG] [net.minecraftforge.fml.loading.moddiscovery.ModFileInfo/LOADING]: Found valid mod file AutoLeveling-1.19.2-1.19b.jar with {autoleveling} mods - versions {1.19b}
[04Apr2026 15:23:58.552] [main/DEBUG] [net.minecraftforge.fml.loading.moddiscovery.ModFile/LOADING]: Loading mod file /home/sylein/cisco-server/mods/AutoLeveling-1.19.2-1.19b.jar with languages [LanguageSpec[languageName=javafml, acceptedVersions=[41,)]]
[04Apr2026 15:23:58.552] [main/DEBUG] [net.minecraftforge.fml.loading.moddiscovery.ModFileParser/LOADING]: Considering mod file candidate /home/sylein/cisco-server/mods/LeavesBeGone-v4.0.1-1.19.2-Forge.jar
[04Apr2026 15:23:58.552] [main/DEBUG] [net.minecraftforge.fml.loading.moddiscovery.ModFileInfo/LOADING]: Found valid mod file LeavesBeGone-v4.0.1-1.19.2-Forge.jar with {leavesbegone} mods - versions {4.0.1}
[04Apr2026 15:23:58.552] [main/DEBUG] [net.minecraftforge.fml.loading.moddiscovery.ModFile/LOADING]: Loading mod file /home/sylein/cisco-server/mods/LeavesBeGone-v4.0.1-1.19.2-Forge.jar with languages [LanguageSpec[languageName=javafml, acceptedVersions=[43,)]]
[04Apr2026 15:23:58.552] [main/DEBUG] [net.minecraftforge.fml.loading.moddiscovery.ModFileParser/LOADING]: Considering mod file candidate /home/sylein/cisco-server/mods/iterpg-0.5.0-1.19.2.jar
[04Apr2026 15:23:58.553] [main/DEBUG] [net.minecraftforge.fml.loading.moddiscovery.ModFileInfo/LOADING]: Found valid mod file iterpg-0.5.0-1.19.2.jar with {iter_rpg} mods - versions {0.5.0}
[04Apr2026 15:23:58.553] [main/DEBUG] [net.minecraftforge.fml.loading.moddiscovery.ModFile/LOADING]: Loading mod file /home/sylein/cisco-server/mods/iterpg-0.5.0-1.19.2.jar with languages [LanguageSpec[languageName=javafml, acceptedVersions=[43,)]]
[04Apr2026 15:23:58.553] [main/DEBUG] [net.minecraftforge.fml.loading.moddiscovery.ModFileParser/LOADING]: Considering mod file candidate /home/sylein/cisco-server/mods/supplementaries-1.19.2-2.4.20.jar
[04Apr2026 15:23:58.554] [main/DEBUG] [net.minecraftforge.fml.loading.moddiscovery.ModFileInfo/LOADING]: Found valid mod file supplementaries-1.19.2-2.4.20.jar with {supplementaries} mods - versions {1.19.2-2.4.20}
[04Apr2026 15:23:58.554] [main/DEBUG] [net.minecraftforge.fml.loading.moddiscovery.ModFile/LOADING]: Loading mod file /home/sylein/cisco-server/mods/supplementaries-1.19.2-2.4.20.jar with languages [LanguageSpec[languageName=javafml, acceptedVersions=[40,)]]
[04Apr2026 15:23:58.554] [main/DEBUG] [net.minecraftforge.fml.loading.moddiscovery.ModFileParser/LOADING]: Considering mod file candidate /home/sylein/cisco-server/mods/stylecolonies-1.2.2.jar
[04Apr2026 15:23:58.555] [main/DEBUG] [net.minecraftforge.fml.loading.moddiscovery.ModFileInfo/LOADING]: Found valid mod file stylecolonies-1.2.2.jar with {stylecolonies} mods - versions {1.2.2}
[04Apr2026 15:23:58.555] [main/DEBUG] [net.minecraftforge.fml.loading.moddiscovery.ModFile/LOADING]: Loading mod file /home/sylein/cisco-server/mods/stylecolonies-1.2.2.jar with languages [LanguageSpec[languageName=javafml, acceptedVersions=[36,)]]
[04Apr2026 15:23:58.556] [main/DEBUG] [net.minecraftforge.fml.loading.moddiscovery.ModFileParser/LOADING]: Considering mod file candidate /home/sylein/cisco-server/mods/upgradednetherite-1.19.2-5.1.0.9-release.jar
[04Apr2026 15:23:58.556] [main/DEBUG] [net.minecraftforge.fml.loading.moddiscovery.ModFileInfo/LOADING]: Found valid mod file upgradednetherite-1.19.2-5.1.0.9-release.jar with {upgradednetherite} mods - versions {1.19.2-5.1.0.9-release}
[04Apr2026 15:23:58.556] [main/DEBUG] [net.minecraftforge.fml.loading.moddiscovery.ModFile/LOADING]: Loading mod file /home/sylein/cisco-server/mods/upgradednetherite-1.19.2-5.1.0.9-release.jar with languages [LanguageSpec[languageName=javafml, acceptedVersions=[43,)]]
[04Apr2026 15:23:58.557] [main/DEBUG] [net.minecraftforge.fml.loading.moddiscovery.ModFileParser/LOADING]: Considering mod file candidate /home/sylein/cisco-server/mods/AdvancementPlaques-1.19.2-1.4.7.jar
[04Apr2026 15:23:58.557] [main/DEBUG] [net.minecraftforge.fml.loading.moddiscovery.ModFileInfo/LOADING]: Found valid mod file AdvancementPlaques-1.19.2-1.4.7.jar with {advancementplaques} mods - versions {1.4.7}
[04Apr2026 15:23:58.558] [main/DEBUG] [net.minecraftforge.fml.loading.moddiscovery.ModFile/LOADING]: Loading mod file /home/sylein/cisco-server/mods/AdvancementPlaques-1.19.2-1.4.7.jar with languages [LanguageSpec[languageName=javafml, acceptedVersions=[41,)]]
[04Apr2026 15:23:58.558] [main/DEBUG] [net.minecraftforge.fml.loading.moddiscovery.ModFileParser/LOADING]: Considering mod file candidate /home/sylein/cisco-server/mods/corpse-forge-1.19.2-1.0.17.jar
[04Apr2026 15:23:58.558] [main/DEBUG] [net.minecraftforge.fml.loading.moddiscovery.ModFileInfo/LOADING]: Found valid mod file corpse-forge-1.19.2-1.0.17.jar with {corpse} mods - versions {1.19.2-1.0.17}
[04Apr2026 15:23:58.559] [main/DEBUG] [net.minecraftforge.fml.loading.moddiscovery.ModFile/LOADING]: Loading mod file /home/sylein/cisco-server/mods/corpse-forge-1.19.2-1.0.17.jar with languages [LanguageSpec[languageName=javafml, acceptedVersions=*]]
[04Apr2026 15:23:58.559] [main/DEBUG] [net.minecraftforge.fml.loading.moddiscovery.ModFileParser/LOADING]: Considering mod file candidate /home/sylein/cisco-server/mods/solapplepie-1.19.2-2.2.0.jar
[04Apr2026 15:23:58.559] [main/DEBUG] [net.minecraftforge.fml.loading.moddiscovery.ModFileInfo/LOADING]: Found valid mod file solapplepie-1.19.2-2.2.0.jar with {solapplepie} mods - versions {1.19.2-2.2.0}
[04Apr2026 15:23:58.559] [main/DEBUG] [net.minecraftforge.fml.loading.moddiscovery.ModFile/LOADING]: Loading mod file /home/sylein/cisco-server/mods/solapplepie-1.19.2-2.2.0.jar with languages [LanguageSpec[languageName=javafml, acceptedVersions=[43,)]]
[04Apr2026 15:23:58.559] [main/DEBUG] [net.minecraftforge.fml.loading.moddiscovery.ModFileParser/LOADING]: Considering mod file candidate /home/sylein/cisco-server/mods/structure_gel-1.19.2-2.7.3.jar
[04Apr2026 15:23:58.560] [main/DEBUG] [net.minecraftforge.fml.loading.moddiscovery.ModFileInfo/LOADING]: Found valid mod file structure_gel-1.19.2-2.7.3.jar with {structure_gel} mods - versions {2.7.3}
[04Apr2026 15:23:58.560] [main/DEBUG] [net.minecraftforge.fml.loading.moddiscovery.ModFile/LOADING]: Loading mod file /home/sylein/cisco-server/mods/structure_gel-1.19.2-2.7.3.jar with languages [LanguageSpec[languageName=javafml, acceptedVersions=[43,)]]
[04Apr2026 15:23:58.560] [main/DEBUG] [net.minecraftforge.fml.loading.moddiscovery.ModFileParser/LOADING]: Considering mod file candidate /home/sylein/cisco-server/mods/ftb-xmod-compat-forge-1.2.4.jar
[04Apr2026 15:23:58.561] [main/DEBUG] [net.minecraftforge.fml.loading.moddiscovery.ModFileInfo/LOADING]: Found valid mod file ftb-xmod-compat-forge-1.2.4.jar with {ftbxmodcompat} mods - versions {1.2.4}
[04Apr2026 15:23:58.561] [main/DEBUG] [net.minecraftforge.fml.loading.moddiscovery.ModFile/LOADING]: Loading mod file /home/sylein/cisco-server/mods/ftb-xmod-compat-forge-1.2.4.jar with languages [LanguageSpec[languageName=javafml, acceptedVersions=[43,)]]
[04Apr2026 15:23:58.561] [main/DEBUG] [net.minecraftforge.fml.loading.moddiscovery.ModFileParser/LOADING]: Considering mod file candidate /home/sylein/cisco-server/mods/combatroll-forge-1.1.5+1.19.jar
[04Apr2026 15:23:58.561] [main/DEBUG] [net.minecraftforge.fml.loading.moddiscovery.ModFileInfo/LOADING]: Found valid mod file combatroll-forge-1.1.5+1.19.jar with {combatroll} mods - versions {1.1.5+1.19}
[04Apr2026 15:23:58.561] [main/DEBUG] [net.minecraftforge.fml.loading.moddiscovery.ModFile/LOADING]: Loading mod file /home/sylein/cisco-server/mods/combatroll-forge-1.1.5+1.19.jar with languages [LanguageSpec[languageName=javafml, acceptedVersions=[39,)]]
[04Apr2026 15:23:58.561] [main/DEBUG] [net.minecraftforge.fml.loading.moddiscovery.ModFileParser/LOADING]: Considering mod file candidate /home/sylein/cisco-server/mods/morevillagers-forge-1.19-4.0.3.jar
[04Apr2026 15:23:58.562] [main/DEBUG] [net.minecraftforge.fml.loading.moddiscovery.ModFileInfo/LOADING]: Found valid mod file morevillagers-forge-1.19-4.0.3.jar with {morevillagers} mods - versions {4.0.3}
[04Apr2026 15:23:58.562] [main/DEBUG] [net.minecraftforge.fml.loading.moddiscovery.ModFile/LOADING]: Loading mod file /home/sylein/cisco-server/mods/morevillagers-forge-1.19-4.0.3.jar with languages [LanguageSpec[languageName=javafml, acceptedVersions=[41,)]]
[04Apr2026 15:23:58.562] [main/DEBUG] [net.minecraftforge.fml.loading.moddiscovery.ModFileParser/LOADING]: Considering mod file candidate /home/sylein/cisco-server/mods/repurposed_structures_forge-6.3.29+1.19.2.jar
[04Apr2026 15:23:58.562] [main/DEBUG] [net.minecraftforge.fml.loading.moddiscovery.ModFileInfo/LOADING]: Found valid mod file repurposed_structures_forge-6.3.29+1.19.2.jar with {repurposed_structures} mods - versions {6.3.29+1.19.2}
[04Apr2026 15:23:58.562] [main/DEBUG] [net.minecraftforge.fml.loading.moddiscovery.ModFile/LOADING]: Loading mod file /home/sylein/cisco-server/mods/repurposed_structures_forge-6.3.29+1.19.2.jar with languages [LanguageSpec[languageName=javafml, acceptedVersions=[38,)]]
[04Apr2026 15:23:58.562] [main/DEBUG] [net.minecraftforge.fml.loading.moddiscovery.ModFileParser/LOADING]: Considering mod file candidate /home/sylein/cisco-server/mods/Explorify v1.6.3 f10-88.mod.jar
[04Apr2026 15:23:58.563] [main/DEBUG] [net.minecraftforge.fml.loading.moddiscovery.ModFileInfo/LOADING]: Found valid mod file Explorify v1.6.3 f10-88.mod.jar with {explorify} mods - versions {1.6.3}
[04Apr2026 15:23:58.563] [main/DEBUG] [net.minecraftforge.fml.loading.moddiscovery.ModFile/LOADING]: Loading mod file /home/sylein/cisco-server/mods/Explorify v1.6.3 f10-88.mod.jar with languages [LanguageSpec[languageName=lowcodefml, acceptedVersions=[1,)]]
[04Apr2026 15:23:58.563] [main/DEBUG] [net.minecraftforge.fml.loading.moddiscovery.ModFileParser/LOADING]: Considering mod file candidate /home/sylein/cisco-server/mods/ironfurnaces-1.19.2-3.6.5.jar
[04Apr2026 15:23:58.563] [main/DEBUG] [net.minecraftforge.fml.loading.moddiscovery.ModFileInfo/LOADING]: Found valid mod file ironfurnaces-1.19.2-3.6.5.jar with {ironfurnaces} mods - versions {3.6.5}
[04Apr2026 15:23:58.563] [main/DEBUG] [net.minecraftforge.fml.loading.moddiscovery.ModFile/LOADING]: Loading mod file /home/sylein/cisco-server/mods/ironfurnaces-1.19.2-3.6.5.jar with languages [LanguageSpec[languageName=javafml, acceptedVersions=${loader_version_range}]]
[04Apr2026 15:23:58.563] [main/DEBUG] [net.minecraftforge.fml.loading.moddiscovery.ModFileParser/LOADING]: Considering mod file candidate /home/sylein/cisco-server/mods/dungeons_plus-1.19.2-1.3.1.jar
[04Apr2026 15:23:58.563] [main/DEBUG] [net.minecraftforge.fml.loading.moddiscovery.ModFileInfo/LOADING]: Found valid mod file dungeons_plus-1.19.2-1.3.1.jar with {dungeons_plus} mods - versions {1.3.1}
[04Apr2026 15:23:58.564] [main/DEBUG] [net.minecraftforge.fml.loading.moddiscovery.ModFile/LOADING]: Loading mod file /home/sylein/cisco-server/mods/dungeons_plus-1.19.2-1.3.1.jar with languages [LanguageSpec[languageName=javafml, acceptedVersions=[43,)]]
[04Apr2026 15:23:58.564] [main/DEBUG] [net.minecraftforge.fml.loading.moddiscovery.ModFileParser/LOADING]: Considering mod file candidate /home/sylein/cisco-server/mods/UnusualEnd1.19.2_V1.4.3.jar
[04Apr2026 15:23:58.564] [main/DEBUG] [net.minecraftforge.fml.loading.moddiscovery.ModFileInfo/LOADING]: Found valid mod file UnusualEnd1.19.2_V1.4.3.jar with {unusualend} mods - versions {1.4.3}
[04Apr2026 15:23:58.564] [main/DEBUG] [net.minecraftforge.fml.loading.moddiscovery.ModFile/LOADING]: Loading mod file /home/sylein/cisco-server/mods/UnusualEnd1.19.2_V1.4.3.jar with languages [LanguageSpec[languageName=javafml, acceptedVersions=[43,)]]
[04Apr2026 15:23:58.564] [main/DEBUG] [net.minecraftforge.fml.loading.moddiscovery.ModFileParser/LOADING]: Considering mod file candidate /home/sylein/cisco-server/mods/DarkerDepths-1.19.2-1.0.0.jar
[04Apr2026 15:23:58.565] [main/DEBUG] [net.minecraftforge.fml.loading.moddiscovery.ModFileInfo/LOADING]: Found valid mod file DarkerDepths-1.19.2-1.0.0.jar with {darkerdepths} mods - versions {1.19-1.0.7}
[04Apr2026 15:23:58.565] [main/DEBUG] [net.minecraftforge.fml.loading.moddiscovery.ModFile/LOADING]: Loading mod file /home/sylein/cisco-server/mods/DarkerDepths-1.19.2-1.0.0.jar with languages [LanguageSpec[languageName=javafml, acceptedVersions=[39,)]]
[04Apr2026 15:23:58.565] [main/DEBUG] [net.minecraftforge.fml.loading.moddiscovery.ModFileParser/LOADING]: Considering mod file candidate /home/sylein/cisco-server/mods/servercore-forge-1.3.6+1.19.2.jar
[04Apr2026 15:23:58.565] [main/DEBUG] [net.minecraftforge.fml.loading.moddiscovery.ModFileInfo/LOADING]: Found valid mod file servercore-forge-1.3.6+1.19.2.jar with {servercore} mods - versions {1.3.6+1.19.2}
[04Apr2026 15:23:58.565] [main/DEBUG] [net.minecraftforge.fml.loading.moddiscovery.ModFile/LOADING]: Loading mod file /home/sylein/cisco-server/mods/servercore-forge-1.3.6+1.19.2.jar with languages [LanguageSpec[languageName=javafml, acceptedVersions=[42,)]]
[04Apr2026 15:23:58.565] [main/DEBUG] [net.minecraftforge.fml.loading.moddiscovery.ModFileParser/LOADING]: Considering mod file candidate /home/sylein/cisco-server/mods/Highlighter-1.19.1-1.1.4.jar
[04Apr2026 15:23:58.566] [main/DEBUG] [net.minecraftforge.fml.loading.moddiscovery.ModFileInfo/LOADING]: Found valid mod file Highlighter-1.19.1-1.1.4.jar with {highlighter} mods - versions {1.1.4}
[04Apr2026 15:23:58.566] [main/DEBUG] [net.minecraftforge.fml.loading.moddiscovery.ModFile/LOADING]: Loading mod file /home/sylein/cisco-server/mods/Highlighter-1.19.1-1.1.4.jar with languages [LanguageSpec[languageName=javafml, acceptedVersions=[41,)]]
[04Apr2026 15:23:58.566] [main/DEBUG] [net.minecraftforge.fml.loading.moddiscovery.ModFileParser/LOADING]: Considering mod file candidate /home/sylein/cisco-server/mods/TextruesRubidiumOptions-1.0.7-mc1.19.2.jar
[04Apr2026 15:23:58.566] [main/DEBUG] [net.minecraftforge.fml.loading.moddiscovery.ModFileInfo/LOADING]: Found valid mod file TextruesRubidiumOptions-1.0.7-mc1.19.2.jar with {reeses_sodium_options} mods - versions {1.0.7-mc1.19.2}
[04Apr2026 15:23:58.566] [main/DEBUG] [net.minecraftforge.fml.loading.moddiscovery.ModFile/LOADING]: Loading mod file /home/sylein/cisco-server/mods/TextruesRubidiumOptions-1.0.7-mc1.19.2.jar with languages [LanguageSpec[languageName=javafml, acceptedVersions=[39,)]]
[04Apr2026 15:23:58.566] [main/DEBUG] [net.minecraftforge.fml.loading.moddiscovery.ModFileParser/LOADING]: Considering mod file candidate /home/sylein/cisco-server/mods/mcsa-forge-3.1.4+1.19.jar
[04Apr2026 15:23:58.566] [main/DEBUG] [net.minecraftforge.fml.loading.moddiscovery.ModFileInfo/LOADING]: Found valid mod file mcsa-forge-3.1.4+1.19.jar with {mcsa} mods - versions {3.1.4+1.19}
[04Apr2026 15:23:58.566] [main/DEBUG] [net.minecraftforge.fml.loading.moddiscovery.ModFile/LOADING]: Loading mod file /home/sylein/cisco-server/mods/mcsa-forge-3.1.4+1.19.jar with languages [LanguageSpec[languageName=javafml, acceptedVersions=[41,)]]
[04Apr2026 15:23:58.567] [main/DEBUG] [net.minecraftforge.fml.loading.moddiscovery.ModFileParser/LOADING]: Considering mod file candidate /home/sylein/cisco-server/mods/curios-forge-1.19.2-5.1.6.4.jar
[04Apr2026 15:23:58.567] [main/DEBUG] [net.minecraftforge.fml.loading.moddiscovery.ModFileInfo/LOADING]: Found valid mod file curios-forge-1.19.2-5.1.6.4.jar with {curios} mods - versions {1.19.2-5.1.6.4}
[04Apr2026 15:23:58.567] [main/DEBUG] [net.minecraftforge.fml.loading.moddiscovery.ModFile/LOADING]: Loading mod file /home/sylein/cisco-server/mods/curios-forge-1.19.2-5.1.6.4.jar with languages [LanguageSpec[languageName=javafml, acceptedVersions=[41,)]]
[04Apr2026 15:23:58.567] [main/DEBUG] [net.minecraftforge.fml.loading.moddiscovery.ModFileParser/LOADING]: Considering mod file candidate /home/sylein/cisco-server/mods/origins-forge-1.19.2-1.7.1.7-all.jar
[04Apr2026 15:23:58.568] [main/DEBUG] [net.minecraftforge.fml.loading.moddiscovery.ModFileInfo/LOADING]: Found valid mod file origins-forge-1.19.2-1.7.1.7-all.jar with {origins} mods - versions {1.19.2-1.7.1.7}
[04Apr2026 15:23:58.568] [main/DEBUG] [net.minecraftforge.fml.loading.moddiscovery.ModFile/LOADING]: Loading mod file /home/sylein/cisco-server/mods/origins-forge-1.19.2-1.7.1.7-all.jar with languages [LanguageSpec[languageName=javafml, acceptedVersions=[39,)]]
[04Apr2026 15:23:58.568] [main/DEBUG] [net.minecraftforge.fml.loading.moddiscovery.ModFileParser/LOADING]: Considering mod file candidate /home/sylein/cisco-server/mods/GameStages-Forge-1.19.2-11.1.4.jar
[04Apr2026 15:23:58.568] [main/DEBUG] [net.minecraftforge.fml.loading.moddiscovery.ModFileInfo/LOADING]: Found valid mod file GameStages-Forge-1.19.2-11.1.4.jar with {gamestages} mods - versions {11.1.4}
[04Apr2026 15:23:58.568] [main/DEBUG] [net.minecraftforge.fml.loading.moddiscovery.ModFile/LOADING]: Loading mod file /home/sylein/cisco-server/mods/GameStages-Forge-1.19.2-11.1.4.jar with languages [LanguageSpec[languageName=javafml, acceptedVersions=[43,]]]
[04Apr2026 15:23:58.568] [main/DEBUG] [net.minecraftforge.fml.loading.moddiscovery.ModFileParser/LOADING]: Considering mod file candidate /home/sylein/cisco-server/mods/right-click-harvest-3.2.3+1.19.2-forge.jar
[04Apr2026 15:23:58.569] [main/DEBUG] [net.minecraftforge.fml.loading.moddiscovery.ModFileInfo/LOADING]: Found valid mod file right-click-harvest-3.2.3+1.19.2-forge.jar with {rightclickharvest} mods - versions {3.2.3+1.19.2-forge}
[04Apr2026 15:23:58.569] [main/DEBUG] [net.minecraftforge.fml.loading.moddiscovery.ModFile/LOADING]: Loading mod file /home/sylein/cisco-server/mods/right-click-harvest-3.2.3+1.19.2-forge.jar with languages [LanguageSpec[languageName=javafml, acceptedVersions=[43,)]]
[04Apr2026 15:23:58.569] [main/DEBUG] [net.minecraftforge.fml.loading.moddiscovery.ModFileParser/LOADING]: Considering mod file candidate /home/sylein/cisco-server/mods/noisium-1.0.2.jar
[04Apr2026 15:23:58.569] [main/DEBUG] [net.minecraftforge.fml.loading.moddiscovery.ModFileInfo/LOADING]: Found valid mod file noisium-1.0.2.jar with {noisium} mods - versions {1.0.2}
[04Apr2026 15:23:58.569] [main/DEBUG] [net.minecraftforge.fml.loading.moddiscovery.ModFile/LOADING]: Loading mod file /home/sylein/cisco-server/mods/noisium-1.0.2.jar with languages [LanguageSpec[languageName=javafml, acceptedVersions=[43,)]]
[04Apr2026 15:23:58.570] [main/DEBUG] [net.minecraftforge.fml.loading.moddiscovery.ModFileParser/LOADING]: Considering mod file candidate /home/sylein/cisco-server/mods/dragon_enchants-1.0.4-1.19.2.jar
[04Apr2026 15:23:58.570] [main/DEBUG] [net.minecraftforge.fml.loading.moddiscovery.ModFileInfo/LOADING]: Found valid mod file dragon_enchants-1.0.4-1.19.2.jar with {dragonenchants} mods - versions {1.0.4}
[04Apr2026 15:23:58.570] [main/DEBUG] [net.minecraftforge.fml.loading.moddiscovery.ModFile/LOADING]: Loading mod file /home/sylein/cisco-server/mods/dragon_enchants-1.0.4-1.19.2.jar with languages [LanguageSpec[languageName=javafml, acceptedVersions=[39,)]]
[04Apr2026 15:23:58.570] [main/DEBUG] [net.minecraftforge.fml.loading.moddiscovery.ModFileParser/LOADING]: Considering mod file candidate 
[04Apr2026 15:23:58.571] [main/DEBUG] [net.minecraftforge.fml.loading.moddiscovery.ModFileInfo/LOADING]: Found valid mod file cumulus_menus-1.19.2-1.0.0-forge.jar with {cumulus_menus} mods - versions {1.19.2-1.0.0-forge}
[04Apr2026 15:23:58.571] [main/DEBUG] [net.minecraftforge.fml.loading.moddiscovery.ModFile/LOADING]: Loading mod file  with languages [LanguageSpec[languageName=javafml, acceptedVersions=[43,)]]
[04Apr2026 15:23:58.571] [main/DEBUG] [net.minecraftforge.fml.loading.moddiscovery.ModFileParser/LOADING]: Considering mod file candidate /home/sylein/cisco-server/mods/constructionwand-1.19.2-2.10.jar
[04Apr2026 15:23:58.573] [main/DEBUG] [net.minecraftforge.fml.loading.moddiscovery.ModFileInfo/LOADING]: Found valid mod file constructionwand-1.19.2-2.10.jar with {constructionwand} mods - versions {1.19.2-2.10}
[04Apr2026 15:23:58.573] [main/DEBUG] [net.minecraftforge.fml.loading.moddiscovery.ModFile/LOADING]: Loading mod file /home/sylein/cisco-server/mods/constructionwand-1.19.2-2.10.jar with languages [LanguageSpec[languageName=javafml, acceptedVersions=[41,)]]
[04Apr2026 15:23:58.573] [main/DEBUG] [net.minecraftforge.fml.loading.moddiscovery.ModFileParser/LOADING]: Considering mod file candidate /home/sylein/cisco-server/mods/pluto-mc1.19.2-0.0.9.jar
[04Apr2026 15:23:58.575] [main/DEBUG] [net.minecraftforge.fml.loading.moddiscovery.ModFileInfo/LOADING]: Found valid mod file pluto-mc1.19.2-0.0.9.jar with {pluto} mods - versions {0.0.9}
[04Apr2026 15:23:58.575] [main/DEBUG] [net.minecraftforge.fml.loading.moddiscovery.ModFile/LOADING]: Loading mod file /home/sylein/cisco-server/mods/pluto-mc1.19.2-0.0.9.jar with languages [LanguageSpec[languageName=javafml, acceptedVersions=[43,)]]
[04Apr2026 15:23:58.575] [main/DEBUG] [net.minecraftforge.fml.loading.moddiscovery.ModFileParser/LOADING]: Considering mod file candidate /home/sylein/cisco-server/mods/ApothicCurios-1.19.2-1.0.3c.jar
[04Apr2026 15:23:58.577] [main/DEBUG] [net.minecraftforge.fml.loading.moddiscovery.ModFileInfo/LOADING]: Found valid mod file ApothicCurios-1.19.2-1.0.3c.jar with {apothiccurios} mods - versions {1.0.3c}
[04Apr2026 15:23:58.577] [main/DEBUG] [net.minecraftforge.fml.loading.moddiscovery.ModFile/LOADING]: Loading mod file /home/sylein/cisco-server/mods/ApothicCurios-1.19.2-1.0.3c.jar with languages [LanguageSpec[languageName=javafml, acceptedVersions=[43,)]]
[04Apr2026 15:23:58.577] [main/DEBUG] [net.minecraftforge.fml.loading.moddiscovery.ModFileParser/LOADING]: Considering mod file candidate /home/sylein/cisco-server/mods/betterwithminecolonies-1.19-1.18.19.jar
[04Apr2026 15:23:58.578] [main/DEBUG] [net.minecraftforge.fml.loading.moddiscovery.ModFileInfo/LOADING]: Found valid mod file betterwithminecolonies-1.19-1.18.19.jar with {betterwithminecolonies} mods - versions {1.19++-1.18.19}
[04Apr2026 15:23:58.579] [main/DEBUG] [net.minecraftforge.fml.loading.moddiscovery.ModFile/LOADING]: Loading mod file /home/sylein/cisco-server/mods/betterwithminecolonies-1.19-1.18.19.jar with languages [LanguageSpec[languageName=javafml, acceptedVersions=[41,)]]
[04Apr2026 15:23:58.579] [main/DEBUG] [net.minecraftforge.fml.loading.moddiscovery.ModFileParser/LOADING]: Considering mod file candidate /home/sylein/cisco-server/mods/YungsBetterEndIsland-1.19.2-Forge-1.0.jar
[04Apr2026 15:23:58.580] [main/DEBUG] [net.minecraftforge.fml.loading.moddiscovery.ModFileInfo/LOADING]: Found valid mod file YungsBetterEndIsland-1.19.2-Forge-1.0.jar with {betterendisland} mods - versions {1.19.2-Forge-1.0}
[04Apr2026 15:23:58.580] [main/DEBUG] [net.minecraftforge.fml.loading.moddiscovery.ModFile/LOADING]: Loading mod file /home/sylein/cisco-server/mods/YungsBetterEndIsland-1.19.2-Forge-1.0.jar with languages [LanguageSpec[languageName=javafml, acceptedVersions=[43,)]]
[04Apr2026 15:23:58.581] [main/DEBUG] [net.minecraftforge.fml.loading.moddiscovery.ModFileParser/LOADING]: Considering mod file candidate 
[04Apr2026 15:23:58.582] [main/DEBUG] [net.minecraftforge.fml.loading.moddiscovery.ModFileInfo/LOADING]: Found valid mod file nitrogen_internals-1.19.2-1.0.3-forge.jar with {nitrogen_internals} mods - versions {1.19.2-1.0.3-forge}
[04Apr2026 15:23:58.582] [main/DEBUG] [net.minecraftforge.fml.loading.moddiscovery.ModFile/LOADING]: Loading mod file  with languages [LanguageSpec[languageName=javafml, acceptedVersions=[43,)]]
[04Apr2026 15:23:58.583] [main/DEBUG] [net.minecraftforge.fml.loading.moddiscovery.ModFileParser/LOADING]: Considering mod file candidate /home/sylein/cisco-server/mods/celestisynth-1.19.2-1.1.5.jar
[04Apr2026 15:23:58.584] [main/DEBUG] [net.minecraftforge.fml.loading.moddiscovery.ModFileInfo/LOADING]: Found valid mod file celestisynth-1.19.2-1.1.5.jar with {celestisynth} mods - versions {1.19.2-1.1.5}
[04Apr2026 15:23:58.584] [main/DEBUG] [net.minecraftforge.fml.loading.moddiscovery.ModFile/LOADING]: Loading mod file /home/sylein/cisco-server/mods/celestisynth-1.19.2-1.1.5.jar with languages [LanguageSpec[languageName=javafml, acceptedVersions=[43,)]]
[04Apr2026 15:23:58.585] [main/DEBUG] [net.minecraftforge.fml.loading.moddiscovery.ModFileParser/LOADING]: Considering mod file candidate /home/sylein/cisco-server/mods/deep_aether-1.19.2-1.0.4.jar
[04Apr2026 15:23:58.586] [main/DEBUG] [net.minecraftforge.fml.loading.moddiscovery.ModFileInfo/LOADING]: Found valid mod file deep_aether-1.19.2-1.0.4.jar with {deep_aether} mods - versions {1.19.2-1.0.4}
[04Apr2026 15:23:58.586] [main/DEBUG] [net.minecraftforge.fml.loading.moddiscovery.ModFile/LOADING]: Loading mod file /home/sylein/cisco-server/mods/deep_aether-1.19.2-1.0.4.jar with languages [LanguageSpec[languageName=javafml, acceptedVersions=[43,)]]
[04Apr2026 15:23:58.586] [main/DEBUG] [net.minecraftforge.fml.loading.moddiscovery.ModFileParser/LOADING]: Considering mod file candidate /home/sylein/cisco-server/mods/toms_storage-1.19-1.5.11.jar
[04Apr2026 15:23:58.587] [main/DEBUG] [net.minecraftforge.fml.loading.moddiscovery.ModFileInfo/LOADING]: Found valid mod file toms_storage-1.19-1.5.11.jar with {toms_storage} mods - versions {1.5.11}
[04Apr2026 15:23:58.587] [main/DEBUG] [net.minecraftforge.fml.loading.moddiscovery.ModFile/LOADING]: Loading mod file /home/sylein/cisco-server/mods/toms_storage-1.19-1.5.11.jar with languages [LanguageSpec[languageName=javafml, acceptedVersions=[41,)]]
[04Apr2026 15:23:58.587] [main/DEBUG] [net.minecraftforge.fml.loading.moddiscovery.ModFileParser/LOADING]: Considering mod file candidate /home/sylein/cisco-server/mods/YungsBetterMineshafts-1.19.2-Forge-3.2.1.jar
[04Apr2026 15:23:58.588] [main/DEBUG] [net.minecraftforge.fml.loading.moddiscovery.ModFileInfo/LOADING]: Found valid mod file YungsBetterMineshafts-1.19.2-Forge-3.2.1.jar with {bettermineshafts} mods - versions {1.19.2-Forge-3.2.1}
[04Apr2026 15:23:58.588] [main/DEBUG] [net.minecraftforge.fml.loading.moddiscovery.ModFile/LOADING]: Loading mod file /home/sylein/cisco-server/mods/YungsBetterMineshafts-1.19.2-Forge-3.2.1.jar with languages [LanguageSpec[languageName=javafml, acceptedVersions=[43,)]]
[04Apr2026 15:23:58.588] [main/DEBUG] [net.minecraftforge.fml.loading.moddiscovery.ModFileParser/LOADING]: Considering mod file candidate /home/sylein/cisco-server/mods/geckolib-forge-1.19-3.1.40.jar
[04Apr2026 15:23:58.588] [main/DEBUG] [net.minecraftforge.fml.loading.moddiscovery.ModFileInfo/LOADING]: Found valid mod file geckolib-forge-1.19-3.1.40.jar with {geckolib3} mods - versions {3.1.40}
[04Apr2026 15:23:58.588] [main/DEBUG] [net.minecraftforge.fml.loading.moddiscovery.ModFile/LOADING]: Loading mod file /home/sylein/cisco-server/mods/geckolib-forge-1.19-3.1.40.jar with languages [LanguageSpec[languageName=javafml, acceptedVersions=[41,)]]
[04Apr2026 15:23:58.589] [main/DEBUG] [net.minecraftforge.fml.loading.moddiscovery.ModFileParser/LOADING]: Considering mod file candidate /home/sylein/cisco-server/mods/majrusz-library-forge-1.19.2-7.0.5-backport.1.jar
[04Apr2026 15:23:58.589] [main/DEBUG] [net.minecraftforge.fml.loading.moddiscovery.ModFileInfo/LOADING]: Found valid mod file majrusz-library-forge-1.19.2-7.0.5-backport.1.jar with {majruszlibrary} mods - versions {7.0.5-backport.1}
[04Apr2026 15:23:58.589] [main/DEBUG] [net.minecraftforge.fml.loading.moddiscovery.ModFile/LOADING]: Loading mod file /home/sylein/cisco-server/mods/majrusz-library-forge-1.19.2-7.0.5-backport.1.jar with languages [LanguageSpec[languageName=javafml, acceptedVersions=[43,)]]
[04Apr2026 15:23:58.589] [main/DEBUG] [net.minecraftforge.fml.loading.moddiscovery.ModFileParser/LOADING]: Considering mod file candidate /home/sylein/cisco-server/mods/YungsBetterJungleTemples-1.19.2-Forge-1.0.1.jar
[04Apr2026 15:23:58.590] [main/DEBUG] [net.minecraftforge.fml.loading.moddiscovery.ModFileInfo/LOADING]: Found valid mod file YungsBetterJungleTemples-1.19.2-Forge-1.0.1.jar with {betterjungletemples} mods - versions {1.19.2-Forge-1.0.1}
[04Apr2026 15:23:58.590] [main/DEBUG] [net.minecraftforge.fml.loading.moddiscovery.ModFile/LOADING]: Loading mod file /home/sylein/cisco-server/mods/YungsBetterJungleTemples-1.19.2-Forge-1.0.1.jar with languages [LanguageSpec[languageName=javafml, acceptedVersions=[43,)]]
[04Apr2026 15:23:58.590] [main/DEBUG] [net.minecraftforge.fml.loading.moddiscovery.ModFileParser/LOADING]: Considering mod file candidate /home/sylein/cisco-server/mods/elytraslot-forge-6.1.2+1.19.2.jar
[04Apr2026 15:23:58.590] [main/DEBUG] [net.minecraftforge.fml.loading.moddiscovery.ModFileInfo/LOADING]: Found valid mod file elytraslot-forge-6.1.2+1.19.2.jar with {elytraslot} mods - versions {6.1.2+1.19.2}
[04Apr2026 15:23:58.590] [main/DEBUG] [net.minecraftforge.fml.loading.moddiscovery.ModFile/LOADING]: Loading mod file /home/sylein/cisco-server/mods/elytraslot-forge-6.1.2+1.19.2.jar with languages [LanguageSpec[languageName=javafml, acceptedVersions=[41,)]]
[04Apr2026 15:23:58.590] [main/DEBUG] [net.minecraftforge.fml.loading.moddiscovery.ModFileParser/LOADING]: Considering mod file candidate /home/sylein/cisco-server/mods/mowziesmobs-1.6.3.jar
[04Apr2026 15:23:58.591] [main/DEBUG] [net.minecraftforge.fml.loading.moddiscovery.ModFileInfo/LOADING]: Found valid mod file mowziesmobs-1.6.3.jar with {mowziesmobs} mods - versions {1.6.3}
[04Apr2026 15:23:58.591] [main/DEBUG] [net.minecraftforge.fml.loading.moddiscovery.ModFile/LOADING]: Loading mod file /home/sylein/cisco-server/mods/mowziesmobs-1.6.3.jar with languages [LanguageSpec[languageName=javafml, acceptedVersions=[43,)]]
[04Apr2026 15:23:58.591] [main/DEBUG] [net.minecraftforge.fml.loading.moddiscovery.ModFileParser/LOADING]: Considering mod file candidate /home/sylein/cisco-server/mods/humancompanions-1.19.2-1.7.4.jar
[04Apr2026 15:23:58.592] [main/DEBUG] [net.minecraftforge.fml.loading.moddiscovery.ModFileInfo/LOADING]: Found valid mod file humancompanions-1.19.2-1.7.4.jar with {humancompanions} mods - versions {1.19.2-1.7.4}
[04Apr2026 15:23:58.592] [main/DEBUG] [net.minecraftforge.fml.loading.moddiscovery.ModFile/LOADING]: Loading mod file /home/sylein/cisco-server/mods/humancompanions-1.19.2-1.7.4.jar with languages [LanguageSpec[languageName=javafml, acceptedVersions=[37,)]]
[04Apr2026 15:23:58.592] [main/DEBUG] [net.minecraftforge.fml.loading.moddiscovery.ModFileParser/LOADING]: Considering mod file candidate /home/sylein/cisco-server/mods/ftb-library-forge-1902.4.1-build.236.jar
[04Apr2026 15:23:58.592] [main/DEBUG] [net.minecraftforge.fml.loading.moddiscovery.ModFileInfo/LOADING]: Found valid mod file ftb-library-forge-1902.4.1-build.236.jar with {ftblibrary} mods - versions {1902.4.1-build.236}
[04Apr2026 15:23:58.592] [main/DEBUG] [net.minecraftforge.fml.loading.moddiscovery.ModFile/LOADING]: Loading mod file /home/sylein/cisco-server/mods/ftb-library-forge-1902.4.1-build.236.jar with languages [LanguageSpec[languageName=javafml, acceptedVersions=[43,)]]
[04Apr2026 15:23:58.593] [main/DEBUG] [net.minecraftforge.fml.loading.moddiscovery.ModFileParser/LOADING]: Considering mod file candidate /home/sylein/cisco-server/mods/MutantMonsters-v4.0.6-1.19.2-Forge.jar
[04Apr2026 15:23:58.593] [main/DEBUG] [net.minecraftforge.fml.loading.moddiscovery.ModFileInfo/LOADING]: Found valid mod file MutantMonsters-v4.0.6-1.19.2-Forge.jar with {mutantmonsters} mods - versions {4.0.6}
[04Apr2026 15:23:58.593] [main/DEBUG] [net.minecraftforge.fml.loading.moddiscovery.ModFile/LOADING]: Loading mod file /home/sylein/cisco-server/mods/MutantMonsters-v4.0.6-1.19.2-Forge.jar with languages [LanguageSpec[languageName=javafml, acceptedVersions=[43,)]]
[04Apr2026 15:23:58.593] [main/DEBUG] [net.minecraftforge.fml.loading.moddiscovery.ModFileParser/LOADING]: Considering mod file candidate /home/sylein/cisco-server/mods/jei-1.19.2-forge-11.8.1.1034.jar
[04Apr2026 15:23:58.594] [main/DEBUG] [net.minecraftforge.fml.loading.moddiscovery.ModFileInfo/LOADING]: Found valid mod file jei-1.19.2-forge-11.8.1.1034.jar with {jei} mods - versions {11.8.1.1034}
[04Apr2026 15:23:58.594] [main/DEBUG] [net.minecraftforge.fml.loading.moddiscovery.ModFile/LOADING]: Loading mod file /home/sylein/cisco-server/mods/jei-1.19.2-forge-11.8.1.1034.jar with languages [LanguageSpec[languageName=javafml, acceptedVersions=[41,)]]
[04Apr2026 15:23:58.594] [main/DEBUG] [net.minecraftforge.fml.loading.moddiscovery.ModFileParser/LOADING]: Considering mod file candidate /home/sylein/cisco-server/mods/multipiston-1.19.2-1.2.25-ALPHA.jar
[04Apr2026 15:23:58.595] [main/DEBUG] [net.minecraftforge.fml.loading.moddiscovery.ModFileInfo/LOADING]: Found valid mod file multipiston-1.19.2-1.2.25-ALPHA.jar with {multipiston} mods - versions {1.19.2-1.2.25-ALPHA}
[04Apr2026 15:23:58.595] [main/DEBUG] [net.minecraftforge.fml.loading.moddiscovery.ModFile/LOADING]: Loading mod file /home/sylein/cisco-server/mods/multipiston-1.19.2-1.2.25-ALPHA.jar with languages [LanguageSpec[languageName=javafml, acceptedVersions=[38,)]]
[04Apr2026 15:23:58.595] [main/DEBUG] [net.minecraftforge.fml.loading.moddiscovery.ModFileParser/LOADING]: Considering mod file candidate /home/sylein/cisco-server/mods/AttributeFix-Forge-1.19.2-17.2.8.jar
[04Apr2026 15:23:58.595] [main/DEBUG] [net.minecraftforge.fml.loading.moddiscovery.ModFileInfo/LOADING]: Found valid mod file AttributeFix-Forge-1.19.2-17.2.8.jar with {attributefix} mods - versions {17.2.8}
[04Apr2026 15:23:58.596] [main/DEBUG] [net.minecraftforge.fml.loading.moddiscovery.ModFile/LOADING]: Loading mod file /home/sylein/cisco-server/mods/AttributeFix-Forge-1.19.2-17.2.8.jar with languages [LanguageSpec[languageName=javafml, acceptedVersions=[43,)]]
[04Apr2026 15:23:58.596] [main/DEBUG] [net.minecraftforge.fml.loading.moddiscovery.ModFileParser/LOADING]: Considering mod file candidate /home/sylein/cisco-server/mods/Pehkui-3.8.2+1.19.2-forge.jar
[04Apr2026 15:23:58.596] [main/DEBUG] [net.minecraftforge.fml.loading.moddiscovery.ModFileInfo/LOADING]: Found valid mod file Pehkui-3.8.2+1.19.2-forge.jar with {pehkui} mods - versions {3.8.2+1.19.2-forge}
[04Apr2026 15:23:58.596] [main/DEBUG] [net.minecraftforge.fml.loading.moddiscovery.ModFile/LOADING]: Loading mod file /home/sylein/cisco-server/mods/Pehkui-3.8.2+1.19.2-forge.jar with languages [LanguageSpec[languageName=javafml, acceptedVersions=[28,)]]
[04Apr2026 15:23:58.596] [main/DEBUG] [net.minecraftforge.fml.loading.moddiscovery.ModFileParser/LOADING]: Considering mod file candidate /home/sylein/cisco-server/mods/goblintraders-1.8.0-1.19.2.jar
[04Apr2026 15:23:58.597] [main/DEBUG] [net.minecraftforge.fml.loading.moddiscovery.ModFileInfo/LOADING]: Found valid mod file goblintraders-1.8.0-1.19.2.jar with {goblintraders} mods - versions {1.8.0}
[04Apr2026 15:23:58.597] [main/DEBUG] [net.minecraftforge.fml.loading.moddiscovery.ModFile/LOADING]: Loading mod file /home/sylein/cisco-server/mods/goblintraders-1.8.0-1.19.2.jar with languages [LanguageSpec[languageName=javafml, acceptedVersions=[40,)]]
[04Apr2026 15:23:58.597] [main/DEBUG] [net.minecraftforge.fml.loading.moddiscovery.ModFileParser/LOADING]: Considering mod file candidate /home/sylein/cisco-server/mods/libraryferret-forge-1.19.2-4.0.0.jar
[04Apr2026 15:23:58.597] [main/DEBUG] [net.minecraftforge.fml.loading.moddiscovery.ModFileInfo/LOADING]: Found valid mod file libraryferret-forge-1.19.2-4.0.0.jar with {libraryferret} mods - versions {4.0.0}
[04Apr2026 15:23:58.597] [main/DEBUG] [net.minecraftforge.fml.loading.moddiscovery.ModFile/LOADING]: Loading mod file /home/sylein/cisco-server/mods/libraryferret-forge-1.19.2-4.0.0.jar with languages [LanguageSpec[languageName=javafml, acceptedVersions=[43,)]]
[04Apr2026 15:23:58.598] [main/DEBUG] [net.minecraftforge.fml.loading.moddiscovery.ModFileParser/LOADING]: Considering mod file candidate /home/sylein/cisco-server/mods/caelus-forge-1.19.2-3.0.0.6.jar
[04Apr2026 15:23:58.598] [main/DEBUG] [net.minecraftforge.fml.loading.moddiscovery.ModFileInfo/LOADING]: Found valid mod file caelus-forge-1.19.2-3.0.0.6.jar with {caelus} mods - versions {1.19.2-3.0.0.6}
[04Apr2026 15:23:58.598] [main/DEBUG] [net.minecraftforge.fml.loading.moddiscovery.ModFile/LOADING]: Loading mod file /home/sylein/cisco-server/mods/caelus-forge-1.19.2-3.0.0.6.jar with languages [LanguageSpec[languageName=javafml, acceptedVersions=[41,)]]
[04Apr2026 15:23:58.598] [main/DEBUG] [net.minecraftforge.fml.loading.moddiscovery.ModFileParser/LOADING]: Considering mod file candidate /home/sylein/cisco-server/mods/Paxi-1.19.2-Forge-3.0.1.jar
[04Apr2026 15:23:58.599] [main/DEBUG] [net.minecraftforge.fml.loading.moddiscovery.ModFileInfo/LOADING]: Found valid mod file Paxi-1.19.2-Forge-3.0.1.jar with {paxi} mods - versions {1.19.2-Forge-3.0.1}
[04Apr2026 15:23:58.599] [main/DEBUG] [net.minecraftforge.fml.loading.moddiscovery.ModFile/LOADING]: Loading mod file /home/sylein/cisco-server/mods/Paxi-1.19.2-Forge-3.0.1.jar with languages [LanguageSpec[languageName=javafml, acceptedVersions=[43,)]]
[04Apr2026 15:23:58.599] [main/DEBUG] [net.minecraftforge.fml.loading.moddiscovery.ModFileParser/LOADING]: Considering mod file candidate /home/sylein/cisco-server/mods/RingsOfAscension-1.19-1.0.1.jar
[04Apr2026 15:23:58.599] [main/DEBUG] [net.minecraftforge.fml.loading.moddiscovery.ModFileInfo/LOADING]: Found valid mod file RingsOfAscension-1.19-1.0.1.jar with {ringsofascension} mods - versions {1.0.0}
[04Apr2026 15:23:58.599] [main/DEBUG] [net.minecraftforge.fml.loading.moddiscovery.ModFile/LOADING]: Loading mod file /home/sylein/cisco-server/mods/RingsOfAscension-1.19-1.0.1.jar with languages [LanguageSpec[languageName=javafml, acceptedVersions=[41,)]]
[04Apr2026 15:23:58.599] [main/DEBUG] [net.minecraftforge.fml.loading.moddiscovery.ModFileParser/LOADING]: Considering mod file candidate /home/sylein/cisco-server/mods/apotheotic_additions1.0.4.jar
[04Apr2026 15:23:58.600] [main/DEBUG] [net.minecraftforge.fml.loading.moddiscovery.ModFileInfo/LOADING]: Found valid mod file apotheotic_additions1.0.4.jar with {apotheotic_additions} mods - versions {1.0.4}
[04Apr2026 15:23:58.600] [main/DEBUG] [net.minecraftforge.fml.loading.moddiscovery.ModFile/LOADING]: Loading mod file /home/sylein/cisco-server/mods/apotheotic_additions1.0.4.jar with languages [LanguageSpec[languageName=javafml, acceptedVersions=[43,)]]
[04Apr2026 15:23:58.600] [main/DEBUG] [net.minecraftforge.fml.loading.moddiscovery.ModFileParser/LOADING]: Considering mod file candidate /home/sylein/cisco-server/mods/fastasyncworldsave-1.19.2-2.0.jar
[04Apr2026 15:23:58.601] [main/DEBUG] [net.minecraftforge.fml.loading.moddiscovery.ModFileInfo/LOADING]: Found valid mod file fastasyncworldsave-1.19.2-2.0.jar with {fastasyncworldsave} mods - versions {1.19.2-2.0}
[04Apr2026 15:23:58.601] [main/DEBUG] [net.minecraftforge.fml.loading.moddiscovery.ModFile/LOADING]: Loading mod file /home/sylein/cisco-server/mods/fastasyncworldsave-1.19.2-2.0.jar with languages [LanguageSpec[languageName=javafml, acceptedVersions=[36,)]]
[04Apr2026 15:23:58.601] [main/DEBUG] [net.minecraftforge.fml.loading.moddiscovery.ModFileParser/LOADING]: Considering mod file candidate /home/sylein/cisco-server/mods/NaturesCompass-1.19.2-1.10.0-forge.jar
[04Apr2026 15:23:58.601] [main/DEBUG] [net.minecraftforge.fml.loading.moddiscovery.ModFileInfo/LOADING]: Found valid mod file NaturesCompass-1.19.2-1.10.0-forge.jar with {naturescompass} mods - versions {1.19.2-1.10.0-forge}
[04Apr2026 15:23:58.601] [main/DEBUG] [net.minecraftforge.fml.loading.moddiscovery.ModFile/LOADING]: Loading mod file /home/sylein/cisco-server/mods/NaturesCompass-1.19.2-1.10.0-forge.jar with languages [LanguageSpec[languageName=javafml, acceptedVersions=[43,)]]
[04Apr2026 15:23:58.601] [main/DEBUG] [net.minecraftforge.fml.loading.moddiscovery.ModFileParser/LOADING]: Considering mod file candidate /home/sylein/cisco-server/mods/CraterLib-Forge-1.19.2-2.1.5.jar
[04Apr2026 15:23:58.602] [main/DEBUG] [net.minecraftforge.fml.loading.moddiscovery.ModFileInfo/LOADING]: Found valid mod file CraterLib-Forge-1.19.2-2.1.5.jar with {craterlib} mods - versions {2.1.5}
[04Apr2026 15:23:58.602] [main/DEBUG] [net.minecraftforge.fml.loading.moddiscovery.ModFile/LOADING]: Loading mod file /home/sylein/cisco-server/mods/CraterLib-Forge-1.19.2-2.1.5.jar with languages [LanguageSpec[languageName=javafml, acceptedVersions=[43,)]]
[04Apr2026 15:23:58.602] [main/DEBUG] [net.minecraftforge.fml.loading.moddiscovery.ModFileParser/LOADING]: Considering mod file candidate /home/sylein/cisco-server/mods/starlight-1.1.1+forge.cf5b10b.jar
[04Apr2026 15:23:58.602] [main/DEBUG] [net.minecraftforge.fml.loading.moddiscovery.ModFileInfo/LOADING]: Found valid mod file starlight-1.1.1+forge.cf5b10b.jar with {starlight} mods - versions {1.1.1+forge.a3aea74}
[04Apr2026 15:23:58.602] [main/DEBUG] [net.minecraftforge.fml.loading.moddiscovery.ModFile/LOADING]: Loading mod file /home/sylein/cisco-server/mods/starlight-1.1.1+forge.cf5b10b.jar with languages [LanguageSpec[languageName=javafml, acceptedVersions=[37,)]]
[04Apr2026 15:23:58.603] [main/DEBUG] [net.minecraftforge.fml.loading.moddiscovery.ModFileParser/LOADING]: Considering mod file candidate /home/sylein/cisco-server/mods/corpsecurioscompat-1.18.x-1.20.x-Forge-2.2.2.jar
[04Apr2026 15:23:58.603] [main/DEBUG] [net.minecraftforge.fml.loading.moddiscovery.ModFileInfo/LOADING]: Found valid mod file corpsecurioscompat-1.18.x-1.20.x-Forge-2.2.2.jar with {corpsecurioscompat} mods - versions {2.2.2}
[04Apr2026 15:23:58.603] [main/DEBUG] [net.minecraftforge.fml.loading.moddiscovery.ModFile/LOADING]: Loading mod file /home/sylein/cisco-server/mods/corpsecurioscompat-1.18.x-1.20.x-Forge-2.2.2.jar with languages [LanguageSpec[languageName=javafml, acceptedVersions=[40,)]]
[04Apr2026 15:23:58.604] [main/DEBUG] [net.minecraftforge.fml.loading.moddiscovery.ModFileParser/LOADING]: Considering mod file candidate /home/sylein/cisco-server/mods/medieval_paintings-1.19.2-7.0.jar
[04Apr2026 15:23:58.604] [main/DEBUG] [net.minecraftforge.fml.loading.moddiscovery.ModFileInfo/LOADING]: Found valid mod file medieval_paintings-1.19.2-7.0.jar with {medieval_paintings} mods - versions {7.0}
[04Apr2026 15:23:58.604] [main/DEBUG] [net.minecraftforge.fml.loading.moddiscovery.ModFile/LOADING]: Loading mod file /home/sylein/cisco-server/mods/medieval_paintings-1.19.2-7.0.jar with languages [LanguageSpec[languageName=javafml, acceptedVersions=[43,)]]
[04Apr2026 15:23:58.604] [main/DEBUG] [net.minecraftforge.fml.loading.moddiscovery.ModFileParser/LOADING]: Considering mod file candidate /home/sylein/cisco-server/mods/ars_nouveau-1.19.2-3.23.0.jar
[04Apr2026 15:23:58.605] [main/DEBUG] [net.minecraftforge.fml.loading.moddiscovery.ModFileInfo/LOADING]: Found valid mod file ars_nouveau-1.19.2-3.23.0.jar with {ars_nouveau} mods - versions {3.23.0}
[04Apr2026 15:23:58.605] [main/DEBUG] [net.minecraftforge.fml.loading.moddiscovery.ModFile/LOADING]: Loading mod file /home/sylein/cisco-server/mods/ars_nouveau-1.19.2-3.23.0.jar with languages [LanguageSpec[languageName=javafml, acceptedVersions=[40,)]]
[04Apr2026 15:23:58.605] [main/DEBUG] [net.minecraftforge.fml.loading.moddiscovery.ModFileParser/LOADING]: Considering mod file candidate /home/sylein/cisco-server/mods/CraftTweaker-forge-1.19.2-10.1.56.jar
[04Apr2026 15:23:58.605] [main/DEBUG] [net.minecraftforge.fml.loading.moddiscovery.ModFileInfo/LOADING]: Found valid mod file CraftTweaker-forge-1.19.2-10.1.56.jar with {crafttweaker} mods - versions {10.1.56}
[04Apr2026 15:23:58.606] [main/DEBUG] [net.minecraftforge.fml.loading.moddiscovery.ModFile/LOADING]: Loading mod file /home/sylein/cisco-server/mods/CraftTweaker-forge-1.19.2-10.1.56.jar with languages [LanguageSpec[languageName=javafml, acceptedVersions=[39,)]]
[04Apr2026 15:23:58.606] [main/DEBUG] [net.minecraftforge.fml.loading.moddiscovery.ModFileParser/LOADING]: Considering mod file candidate /home/sylein/cisco-server/mods/memoryleakfix-forge-1.17+-1.0.0.jar
[04Apr2026 15:23:58.606] [main/DEBUG] [net.minecraftforge.fml.loading.moddiscovery.ModFileInfo/LOADING]: Found valid mod file memoryleakfix-forge-1.17+-1.0.0.jar with {memoryleakfix} mods - versions {1.0.0}
[04Apr2026 15:23:58.606] [main/DEBUG] [net.minecraftforge.fml.loading.moddiscovery.ModFile/LOADING]: Loading mod file /home/sylein/cisco-server/mods/memoryleakfix-forge-1.17+-1.0.0.jar with languages [LanguageSpec[languageName=javafml, acceptedVersions=*]]
[04Apr2026 15:23:58.606] [main/DEBUG] [net.minecraftforge.fml.loading.moddiscovery.ModFileParser/LOADING]: Considering mod file candidate /home/sylein/cisco-server/mods/DungeonsAriseSevenSeas-1.19.2-1.0.2-forge.jar
[04Apr2026 15:23:58.607] [main/DEBUG] [net.minecraftforge.fml.loading.moddiscovery.ModFileInfo/LOADING]: Found valid mod file DungeonsAriseSevenSeas-1.19.2-1.0.2-forge.jar with {dungeons_arise_seven_seas} mods - versions {1.0.2}
[04Apr2026 15:23:58.607] [main/DEBUG] [net.minecraftforge.fml.loading.moddiscovery.ModFile/LOADING]: Loading mod file /home/sylein/cisco-server/mods/DungeonsAriseSevenSeas-1.19.2-1.0.2-forge.jar with languages [LanguageSpec[languageName=javafml, acceptedVersions=[43,)]]
[04Apr2026 15:23:58.607] [main/DEBUG] [net.minecraftforge.fml.loading.moddiscovery.ModFileParser/LOADING]: Considering mod file candidate /home/sylein/cisco-server/mods/rubidium_extras-1.19.2_v1.4.3.jar
[04Apr2026 15:23:58.607] [main/DEBUG] [net.minecraftforge.fml.loading.moddiscovery.ModFileInfo/LOADING]: Found valid mod file rubidium_extras-1.19.2_v1.4.3.jar with {rubidium_extras} mods - versions {1.19.2_v1.4.3}
[04Apr2026 15:23:58.608] [main/DEBUG] [net.minecraftforge.fml.loading.moddiscovery.ModFile/LOADING]: Loading mod file /home/sylein/cisco-server/mods/rubidium_extras-1.19.2_v1.4.3.jar with languages [LanguageSpec[languageName=javafml, acceptedVersions=[41,)]]
[04Apr2026 15:23:58.608] [main/DEBUG] [net.minecraftforge.fml.loading.moddiscovery.ModFileParser/LOADING]: Considering mod file candidate /home/sylein/cisco-server/libraries/net/minecraftforge/forge/1.19.2-43.5.1/forge-1.19.2-43.5.1-universal.jar
[04Apr2026 15:23:58.608] [main/DEBUG] [net.minecraftforge.fml.loading.moddiscovery.ModFileInfo/LOADING]: Found valid mod file forge-1.19.2-43.5.1-universal.jar with {forge} mods - versions {43.5.1}
[04Apr2026 15:23:58.608] [main/DEBUG] [net.minecraftforge.fml.loading.moddiscovery.ModFile/LOADING]: Loading mod file /home/sylein/cisco-server/libraries/net/minecraftforge/forge/1.19.2-43.5.1/forge-1.19.2-43.5.1-universal.jar with languages [LanguageSpec[languageName=javafml, acceptedVersions=[24,]]]
[04Apr2026 15:23:58.609] [main/DEBUG] [net.minecraftforge.fml.loading.moddiscovery.ModFileParser/LOADING]: Found coremod field_to_method with Javascript path coremods/field_to_method.js
[04Apr2026 15:23:58.609] [main/DEBUG] [net.minecraftforge.fml.loading.moddiscovery.ModFileParser/LOADING]: Found coremod field_to_instanceof with Javascript path coremods/field_to_instanceof.js
[04Apr2026 15:23:58.609] [main/DEBUG] [net.minecraftforge.fml.loading.moddiscovery.ModFileParser/LOADING]: Found coremod add_bouncer_method with Javascript path coremods/add_bouncer_method.js
[04Apr2026 15:23:58.609] [main/DEBUG] [net.minecraftforge.fml.loading.moddiscovery.ModFile/LOADING]: Found coremod coremods/field_to_method.js
[04Apr2026 15:23:58.609] [main/DEBUG] [net.minecraftforge.fml.loading.moddiscovery.ModFile/LOADING]: Found coremod coremods/field_to_instanceof.js
[04Apr2026 15:23:58.609] [main/DEBUG] [net.minecraftforge.fml.loading.moddiscovery.ModFile/LOADING]: Found coremod coremods/add_bouncer_method.js
[04Apr2026 15:23:58.609] [main/DEBUG] [net.minecraftforge.fml.loading.moddiscovery.ModFileParser/LOADING]: Considering mod file candidate /home/sylein/cisco-server/mods/infernalmobs-1.19.2.4.jar
[04Apr2026 15:23:58.609] [main/DEBUG] [net.minecraftforge.fml.loading.moddiscovery.ModFileInfo/LOADING]: Found valid mod file infernalmobs-1.19.2.4.jar with {infernalmobs} mods - versions {1.19.2.4}
[04Apr2026 15:23:58.610] [main/DEBUG] [net.minecraftforge.fml.loading.moddiscovery.ModFile/LOADING]: Loading mod file /home/sylein/cisco-server/mods/infernalmobs-1.19.2.4.jar with languages [LanguageSpec[languageName=javafml, acceptedVersions=[37,)]]
[04Apr2026 15:23:58.610] [main/DEBUG] [net.minecraftforge.fml.loading.moddiscovery.ModFileParser/LOADING]: Considering mod file candidate /home/sylein/cisco-server/mods/ironchest-1.19.2-14.2.7.jar
[04Apr2026 15:23:58.610] [main/DEBUG] [net.minecraftforge.fml.loading.moddiscovery.ModFileInfo/LOADING]: Found valid mod file ironchest-1.19.2-14.2.7.jar with {ironchest} mods - versions {1.19.2-14.2.7}
[04Apr2026 15:23:58.610] [main/DEBUG] [net.minecraftforge.fml.loading.moddiscovery.ModFile/LOADING]: Loading mod file /home/sylein/cisco-server/mods/ironchest-1.19.2-14.2.7.jar with languages [LanguageSpec[languageName=javafml, acceptedVersions=[41,44)]]
[04Apr2026 15:23:58.610] [main/DEBUG] [net.minecraftforge.fml.loading.moddiscovery.ModFileParser/LOADING]: Considering mod file candidate /home/sylein/cisco-server/mods/DungeonsArise-1.19.2-2.1.54-release.jar
[04Apr2026 15:23:58.611] [main/DEBUG] [net.minecraftforge.fml.loading.moddiscovery.ModFileInfo/LOADING]: Found valid mod file DungeonsArise-1.19.2-2.1.54-release.jar with {dungeons_arise} mods - versions {2.1.54-1.19.2}
[04Apr2026 15:23:58.611] [main/DEBUG] [net.minecraftforge.fml.loading.moddiscovery.ModFile/LOADING]: Loading mod file /home/sylein/cisco-server/mods/DungeonsArise-1.19.2-2.1.54-release.jar with languages [LanguageSpec[languageName=javafml, acceptedVersions=[41,)]]
[04Apr2026 15:23:58.611] [main/DEBUG] [net.minecraftforge.fml.loading.moddiscovery.ModFileParser/LOADING]: Considering mod file candidate /home/sylein/cisco-server/mods/sons-of-sins-1.19.2-2.1.6.jar
[04Apr2026 15:23:58.612] [main/DEBUG] [net.minecraftforge.fml.loading.moddiscovery.ModFileInfo/LOADING]: Found valid mod file sons-of-sins-1.19.2-2.1.6.jar with {sons_of_sins} mods - versions {2.1.6}
[04Apr2026 15:23:58.612] [main/DEBUG] [net.minecraftforge.fml.loading.moddiscovery.ModFile/LOADING]: Loading mod file /home/sylein/cisco-server/mods/sons-of-sins-1.19.2-2.1.6.jar with languages [LanguageSpec[languageName=javafml, acceptedVersions=[43,)]]
[04Apr2026 15:23:58.612] [main/DEBUG] [net.minecraftforge.fml.loading.moddiscovery.ModFileInfo/LOADING]: Found valid mod file server-1.19.2-20220805.130853-srg.jar with {minecraft} mods - versions {1.19.2}
[04Apr2026 15:23:58.612] [main/DEBUG] [net.minecraftforge.fml.loading.moddiscovery.ModFile/LOADING]: Loading mod file /home/sylein/cisco-server/libraries/net/minecraft/server/1.19.2-20220805.130853/server-1.19.2-20220805.130853-srg.jar with languages [LanguageSpec[languageName=minecraft, acceptedVersions=1]]
[04Apr2026 15:23:58.612] [main/DEBUG] [net.minecraftforge.fml.loading.moddiscovery.ModFileParser/LOADING]: Considering mod file candidate /home/sylein/cisco-server/mods/TerraBlender-forge-1.19.2-2.0.1.166.jar
[04Apr2026 15:23:58.613] [main/DEBUG] [net.minecraftforge.fml.loading.moddiscovery.ModFileInfo/LOADING]: Found valid mod file TerraBlender-forge-1.19.2-2.0.1.166.jar with {terrablender} mods - versions {2.0.1.166}
[04Apr2026 15:23:58.613] [main/DEBUG] [net.minecraftforge.fml.loading.moddiscovery.ModFile/LOADING]: Loading mod file /home/sylein/cisco-server/mods/TerraBlender-forge-1.19.2-2.0.1.166.jar with languages [LanguageSpec[languageName=javafml, acceptedVersions=[43,)]]
[04Apr2026 15:23:58.613] [main/DEBUG] [net.minecraftforge.fml.loading.moddiscovery.ModFileParser/LOADING]: Considering mod file candidate /home/sylein/cisco-server/mods/bettercombat-forge-1.7.1+1.19.jar
[04Apr2026 15:23:58.613] [main/DEBUG] [net.minecraftforge.fml.loading.moddiscovery.ModFileInfo/LOADING]: Found valid mod file bettercombat-forge-1.7.1+1.19.jar with {bettercombat} mods - versions {1.7.1+1.19}
[04Apr2026 15:23:58.614] [main/DEBUG] [net.minecraftforge.fml.loading.moddiscovery.ModFile/LOADING]: Loading mod file /home/sylein/cisco-server/mods/bettercombat-forge-1.7.1+1.19.jar with languages [LanguageSpec[languageName=javafml, acceptedVersions=[39,)]]
[04Apr2026 15:23:58.614] [main/DEBUG] [net.minecraftforge.fml.loading.moddiscovery.ModFileParser/LOADING]: Considering mod file candidate /home/sylein/cisco-server/mods/MouseTweaks-forge-mc1.19-2.23.jar
[04Apr2026 15:23:58.614] [main/DEBUG] [net.minecraftforge.fml.loading.moddiscovery.ModFileInfo/LOADING]: Found valid mod file MouseTweaks-forge-mc1.19-2.23.jar with {mousetweaks} mods - versions {2.23}
[04Apr2026 15:23:58.614] [main/DEBUG] [net.minecraftforge.fml.loading.moddiscovery.ModFile/LOADING]: Loading mod file /home/sylein/cisco-server/mods/MouseTweaks-forge-mc1.19-2.23.jar with languages [LanguageSpec[languageName=javafml, acceptedVersions=[41,)]]
[04Apr2026 15:23:58.614] [main/DEBUG] [net.minecraftforge.fml.loading.moddiscovery.ModFileParser/LOADING]: Considering mod file candidate 
[04Apr2026 15:23:58.615] [main/DEBUG] [net.minecraftforge.fml.loading.moddiscovery.ModFileInfo/LOADING]: Found valid mod file commonality-1.19.2-4.2.1.jar with {commonality} mods - versions {4.2.1}
[04Apr2026 15:23:58.615] [main/DEBUG] [net.minecraftforge.fml.loading.moddiscovery.ModFile/LOADING]: Loading mod file  with languages [LanguageSpec[languageName=javafml, acceptedVersions=[43,)]]
[04Apr2026 15:23:58.615] [main/DEBUG] [net.minecraftforge.fml.loading.moddiscovery.ModFileParser/LOADING]: Considering mod file candidate /home/sylein/cisco-server/mods/awesomedungeonnether-forge-1.19.2-3.1.1.jar
[04Apr2026 15:23:58.615] [main/DEBUG] [net.minecraftforge.fml.loading.moddiscovery.ModFileInfo/LOADING]: Found valid mod file awesomedungeonnether-forge-1.19.2-3.1.1.jar with {awesomedungeonnether} mods - versions {3.1.1}
[04Apr2026 15:23:58.615] [main/DEBUG] [net.minecraftforge.fml.loading.moddiscovery.ModFile/LOADING]: Loading mod file /home/sylein/cisco-server/mods/awesomedungeonnether-forge-1.19.2-3.1.1.jar with languages [LanguageSpec[languageName=javafml, acceptedVersions=[43,)]]
[04Apr2026 15:23:58.615] [main/DEBUG] [net.minecraftforge.fml.loading.moddiscovery.ModFileParser/LOADING]: Considering mod file candidate /home/sylein/cisco-server/mods/ftb-quests-forge-1902.5.10-build.497.jar
[04Apr2026 15:23:58.616] [main/DEBUG] [net.minecraftforge.fml.loading.moddiscovery.ModFileInfo/LOADING]: Found valid mod file ftb-quests-forge-1902.5.10-build.497.jar with {ftbquests} mods - versions {1902.5.10-build.497}
[04Apr2026 15:23:58.616] [main/DEBUG] [net.minecraftforge.fml.loading.moddiscovery.ModFile/LOADING]: Loading mod file /home/sylein/cisco-server/mods/ftb-quests-forge-1902.5.10-build.497.jar with languages [LanguageSpec[languageName=javafml, acceptedVersions=[43,)]]
[04Apr2026 15:23:58.616] [main/DEBUG] [net.minecraftforge.fml.loading.moddiscovery.ModFileParser/LOADING]: Considering mod file candidate /home/sylein/cisco-server/mods/Necronomicon-Forge-1.4.2.jar
[04Apr2026 15:23:58.616] [main/DEBUG] [net.minecraftforge.fml.loading.moddiscovery.ModFileInfo/LOADING]: Found valid mod file Necronomicon-Forge-1.4.2.jar with {necronomicon} mods - versions {1.4.2}
[04Apr2026 15:23:58.616] [main/DEBUG] [net.minecraftforge.fml.loading.moddiscovery.ModFile/LOADING]: Loading mod file /home/sylein/cisco-server/mods/Necronomicon-Forge-1.4.2.jar with languages [LanguageSpec[languageName=javafml, acceptedVersions=*]]
[04Apr2026 15:23:58.617] [main/DEBUG] [net.minecraftforge.fml.loading.moddiscovery.ModFileParser/LOADING]: Considering mod file candidate /home/sylein/cisco-server/mods/knightquest-1.8.5.jar
[04Apr2026 15:23:58.617] [main/DEBUG] [net.minecraftforge.fml.loading.moddiscovery.ModFileInfo/LOADING]: Found valid mod file knightquest-1.8.5.jar with {knightquest} mods - versions {1.8.5}
[04Apr2026 15:23:58.617] [main/DEBUG] [net.minecraftforge.fml.loading.moddiscovery.ModFile/LOADING]: Loading mod file /home/sylein/cisco-server/mods/knightquest-1.8.5.jar with languages [LanguageSpec[languageName=javafml, acceptedVersions=[43,)]]
[04Apr2026 15:23:58.617] [main/DEBUG] [net.minecraftforge.fml.loading.moddiscovery.ModFileParser/LOADING]: Considering mod file candidate /home/sylein/cisco-server/mods/ItemProductionLib-1.19.2-1.0.2a-all.jar
[04Apr2026 15:23:58.618] [main/DEBUG] [net.minecraftforge.fml.loading.moddiscovery.ModFileInfo/LOADING]: Found valid mod file ItemProductionLib-1.19.2-1.0.2a-all.jar with {itemproductionlib} mods - versions {1.0.2a}
[04Apr2026 15:23:58.618] [main/DEBUG] [net.minecraftforge.fml.loading.moddiscovery.ModFile/LOADING]: Loading mod file /home/sylein/cisco-server/mods/ItemProductionLib-1.19.2-1.0.2a-all.jar with languages [LanguageSpec[languageName=javafml, acceptedVersions=[43,)]]
[04Apr2026 15:23:58.618] [main/DEBUG] [net.minecraftforge.fml.loading.moddiscovery.ModFileParser/LOADING]: Considering mod file candidate 
[04Apr2026 15:23:58.618] [main/DEBUG] [net.minecraftforge.fml.loading.moddiscovery.ModFileInfo/LOADING]: Found valid mod file spectrelib-forge-0.12.8+1.19.2.jar with {spectrelib} mods - versions {0.12.8+1.19.2}
[04Apr2026 15:23:58.618] [main/DEBUG] [net.minecraftforge.fml.loading.moddiscovery.ModFile/LOADING]: Loading mod file  with languages [LanguageSpec[languageName=javafml, acceptedVersions=[41,)]]
[04Apr2026 15:23:58.619] [main/DEBUG] [net.minecraftforge.fml.loading.moddiscovery.ModFileParser/LOADING]: Considering mod file candidate /home/sylein/cisco-server/mods/CorgiLib-forge-1.19.2-1.0.0.34.jar
[04Apr2026 15:23:58.619] [main/DEBUG] [net.minecraftforge.fml.loading.moddiscovery.ModFileInfo/LOADING]: Found valid mod file CorgiLib-forge-1.19.2-1.0.0.34.jar with {corgilib} mods - versions {1.0.0.34}
[04Apr2026 15:23:58.619] [main/DEBUG] [net.minecraftforge.fml.loading.moddiscovery.ModFile/LOADING]: Loading mod file /home/sylein/cisco-server/mods/CorgiLib-forge-1.19.2-1.0.0.34.jar with languages [LanguageSpec[languageName=javafml, acceptedVersions=[40,)]]
[04Apr2026 15:23:58.619] [main/DEBUG] [net.minecraftforge.fml.loading.moddiscovery.ModFileParser/LOADING]: Considering mod file candidate /home/sylein/cisco-server/mods/fastpaintings-1.19-1.1.3.jar
[04Apr2026 15:23:58.620] [main/DEBUG] [net.minecraftforge.fml.loading.moddiscovery.ModFileInfo/LOADING]: Found valid mod file fastpaintings-1.19-1.1.3.jar with {fastpaintings} mods - versions {1.19-1.1.3}
[04Apr2026 15:23:58.620] [main/DEBUG] [net.minecraftforge.fml.loading.moddiscovery.ModFile/LOADING]: Loading mod file /home/sylein/cisco-server/mods/fastpaintings-1.19-1.1.3.jar with languages [LanguageSpec[languageName=javafml, acceptedVersions=[41,)]]
[04Apr2026 15:23:58.620] [main/DEBUG] [net.minecraftforge.fml.loading.moddiscovery.ModFileParser/LOADING]: Considering mod file candidate /home/sylein/cisco-server/mods/aeroblender-1.19.2-1.0.1.jar
[04Apr2026 15:23:58.620] [main/DEBUG] [net.minecraftforge.fml.loading.moddiscovery.ModFileInfo/LOADING]: Found valid mod file aeroblender-1.19.2-1.0.1.jar with {aeroblender} mods - versions {1.19.2-1.0.1}
[04Apr2026 15:23:58.620] [main/DEBUG] [net.minecraftforge.fml.loading.moddiscovery.ModFile/LOADING]: Loading mod file /home/sylein/cisco-server/mods/aeroblender-1.19.2-1.0.1.jar with languages [LanguageSpec[languageName=javafml, acceptedVersions=[43,)]]
[04Apr2026 15:23:58.621] [main/DEBUG] [net.minecraftforge.fml.loading.moddiscovery.ModFileParser/LOADING]: Considering mod file candidate /home/sylein/cisco-server/mods/domum_ornamentum-1.19-1.0.146-BETA-universal.jar
[04Apr2026 15:23:58.621] [main/DEBUG] [net.minecraftforge.fml.loading.moddiscovery.ModFileInfo/LOADING]: Found valid mod file domum_ornamentum-1.19-1.0.146-BETA-universal.jar with {domum_ornamentum} mods - versions {1.19-1.0.146-BETA}
[04Apr2026 15:23:58.622] [main/DEBUG] [net.minecraftforge.fml.loading.moddiscovery.ModFile/LOADING]: Loading mod file /home/sylein/cisco-server/mods/domum_ornamentum-1.19-1.0.146-BETA-universal.jar with languages [LanguageSpec[languageName=javafml, acceptedVersions=[28,)]]
[04Apr2026 15:23:58.622] [main/DEBUG] [net.minecraftforge.fml.loading.moddiscovery.ModFileParser/LOADING]: Considering mod file candidate 
[04Apr2026 15:23:58.622] [main/DEBUG] [net.minecraftforge.fml.loading.moddiscovery.ModFileInfo/LOADING]: Found valid mod file calio-forge-1.19.2-1.7.0.4.jar with {calio} mods - versions {1.19.2-1.7.0.4}
[04Apr2026 15:23:58.623] [main/DEBUG] [net.minecraftforge.fml.loading.moddiscovery.ModFile/LOADING]: Loading mod file  with languages [LanguageSpec[languageName=javafml, acceptedVersions=[39,)]]
[04Apr2026 15:23:58.623] [main/DEBUG] [net.minecraftforge.fml.loading.moddiscovery.ModFileParser/LOADING]: Found coremod accessors with Javascript path coremods/accessors.js
[04Apr2026 15:23:58.623] [main/DEBUG] [net.minecraftforge.fml.loading.moddiscovery.ModFileParser/LOADING]: Found coremod tooltip with Javascript path coremods/tooltip.js
[04Apr2026 15:23:58.623] [main/DEBUG] [net.minecraftforge.fml.loading.moddiscovery.ModFile/LOADING]: Found coremod coremods/accessors.js
[04Apr2026 15:23:58.624] [main/DEBUG] [net.minecraftforge.fml.loading.moddiscovery.ModFile/LOADING]: Found coremod coremods/tooltip.js
[04Apr2026 15:23:58.624] [main/DEBUG] [net.minecraftforge.fml.loading.moddiscovery.ModFileParser/LOADING]: Considering mod file candidate /home/sylein/cisco-server/mods/betterfpsdist-1.19.2-4.1.jar
[04Apr2026 15:23:58.624] [main/DEBUG] [net.minecraftforge.fml.loading.moddiscovery.ModFileInfo/LOADING]: Found valid mod file betterfpsdist-1.19.2-4.1.jar with {betterfpsdist} mods - versions {1.19.2-4.1}
[04Apr2026 15:23:58.624] [main/DEBUG] [net.minecraftforge.fml.loading.moddiscovery.ModFile/LOADING]: Loading mod file /home/sylein/cisco-server/mods/betterfpsdist-1.19.2-4.1.jar with languages [LanguageSpec[languageName=javafml, acceptedVersions=[26,)]]
[04Apr2026 15:23:58.625] [main/DEBUG] [net.minecraftforge.fml.loading.moddiscovery.ModFileParser/LOADING]: Considering mod file candidate /home/sylein/cisco-server/mods/BrewinAndChewin-1.19-2.0.jar
[04Apr2026 15:23:58.625] [main/DEBUG] [net.minecraftforge.fml.loading.moddiscovery.ModFileInfo/LOADING]: Found valid mod file BrewinAndChewin-1.19-2.0.jar with {brewinandchewin} mods - versions {1.19-2.0}
[04Apr2026 15:23:58.625] [main/DEBUG] [net.minecraftforge.fml.loading.moddiscovery.ModFile/LOADING]: Loading mod file /home/sylein/cisco-server/mods/BrewinAndChewin-1.19-2.0.jar with languages [LanguageSpec[languageName=javafml, acceptedVersions=[41,)]]
[04Apr2026 15:23:58.626] [main/DEBUG] [net.minecraftforge.fml.loading.moddiscovery.ModFileParser/LOADING]: Considering mod file candidate /home/sylein/cisco-server/mods/FarmersRespite-1.19-2.0.jar
[04Apr2026 15:23:58.626] [main/DEBUG] [net.minecraftforge.fml.loading.moddiscovery.ModFileInfo/LOADING]: Found valid mod file FarmersRespite-1.19-2.0.jar with {farmersrespite} mods - versions {1.19-2.0}
[04Apr2026 15:23:58.626] [main/DEBUG] [net.minecraftforge.fml.loading.moddiscovery.ModFile/LOADING]: Loading mod file /home/sylein/cisco-server/mods/FarmersRespite-1.19-2.0.jar with languages [LanguageSpec[languageName=javafml, acceptedVersions=[41,)]]
[04Apr2026 15:23:58.626] [main/DEBUG] [net.minecraftforge.fml.loading.moddiscovery.ModFileParser/LOADING]: Considering mod file candidate /home/sylein/cisco-server/mods/whisperwoods-1.19-2.1.1-forge.jar
[04Apr2026 15:23:58.626] [main/DEBUG] [net.minecraftforge.fml.loading.moddiscovery.ModFileInfo/LOADING]: Found valid mod file whisperwoods-1.19-2.1.1-forge.jar with {whisperwoods} mods - versions {1.19-2.1.1}
[04Apr2026 15:23:58.627] [main/DEBUG] [net.minecraftforge.fml.loading.moddiscovery.ModFile/LOADING]: Loading mod file /home/sylein/cisco-server/mods/whisperwoods-1.19-2.1.1-forge.jar with languages [LanguageSpec[languageName=javafml, acceptedVersions=[41,)]]
[04Apr2026 15:23:58.627] [main/DEBUG] [net.minecraftforge.fml.loading.moddiscovery.ModFileParser/LOADING]: Considering mod file candidate /home/sylein/cisco-server/mods/ecologics-forge-1.19.2-2.1.11.jar
[04Apr2026 15:23:58.627] [main/DEBUG] [net.minecraftforge.fml.loading.moddiscovery.ModFileInfo/LOADING]: Found valid mod file ecologics-forge-1.19.2-2.1.11.jar with {ecologics} mods - versions {2.1.11}
[04Apr2026 15:23:58.627] [main/DEBUG] [net.minecraftforge.fml.loading.moddiscovery.ModFile/LOADING]: Loading mod file /home/sylein/cisco-server/mods/ecologics-forge-1.19.2-2.1.11.jar with languages [LanguageSpec[languageName=javafml, acceptedVersions=[42,)]]
[04Apr2026 15:23:58.627] [main/DEBUG] [net.minecraftforge.fml.loading.moddiscovery.ModFileParser/LOADING]: Considering mod file candidate /home/sylein/cisco-server/mods/Xaeros_Minimap_25.2.10_Forge_1.19.1.jar
[04Apr2026 15:23:58.628] [main/DEBUG] [net.minecraftforge.fml.loading.moddiscovery.ModFileInfo/LOADING]: Found valid mod file Xaeros_Minimap_25.2.10_Forge_1.19.1.jar with {xaerominimap} mods - versions {25.2.10}
[04Apr2026 15:23:58.628] [main/DEBUG] [net.minecraftforge.fml.loading.moddiscovery.ModFile/LOADING]: Loading mod file /home/sylein/cisco-server/mods/Xaeros_Minimap_25.2.10_Forge_1.19.1.jar with languages [LanguageSpec[languageName=javafml, acceptedVersions=[42,)]]
[04Apr2026 15:23:58.629] [main/DEBUG] [net.minecraftforge.fml.loading.moddiscovery.ModFileParser/LOADING]: Found coremod xaerohud_core with Javascript path META-INF/xaerohud_core.js
[04Apr2026 15:23:58.629] [main/DEBUG] [net.minecraftforge.fml.loading.moddiscovery.ModFile/LOADING]: Found coremod META-INF/xaerohud_core.js
[04Apr2026 15:23:58.629] [main/DEBUG] [net.minecraftforge.fml.loading.moddiscovery.ModFileParser/LOADING]: Considering mod file candidate /home/sylein/cisco-server/mods/shadowizardlib-1.19.2-1.0.8.jar
[04Apr2026 15:23:58.630] [main/DEBUG] [net.minecraftforge.fml.loading.moddiscovery.ModFileInfo/LOADING]: Found valid mod file shadowizardlib-1.19.2-1.0.8.jar with {shadowizardlib} mods - versions {1.19.2-1.0.8}
[04Apr2026 15:23:58.630] [main/DEBUG] [net.minecraftforge.fml.loading.moddiscovery.ModFile/LOADING]: Loading mod file /home/sylein/cisco-server/mods/shadowizardlib-1.19.2-1.0.8.jar with languages [LanguageSpec[languageName=javafml, acceptedVersions=[43,)]]
[04Apr2026 15:23:58.630] [main/DEBUG] [net.minecraftforge.fml.loading.moddiscovery.ModFileParser/LOADING]: Considering mod file candidate /home/sylein/cisco-server/mods/bocchium-1.19.2-0.0.3.jar
[04Apr2026 15:23:58.631] [main/DEBUG] [net.minecraftforge.fml.loading.moddiscovery.ModFileInfo/LOADING]: Found valid mod file bocchium-1.19.2-0.0.3.jar with {bocchium} mods - versions {1.19.2-0.0.3}
[04Apr2026 15:23:58.631] [main/DEBUG] [net.minecraftforge.fml.loading.moddiscovery.ModFile/LOADING]: Loading mod file /home/sylein/cisco-server/mods/bocchium-1.19.2-0.0.3.jar with languages [LanguageSpec[languageName=javafml, acceptedVersions=[36,)]]
[04Apr2026 15:23:58.631] [main/DEBUG] [net.minecraftforge.fml.loading.moddiscovery.ModFileParser/LOADING]: Considering mod file candidate /home/sylein/cisco-server/mods/AutoRegLib-1.8.2-55.jar
[04Apr2026 15:23:58.632] [main/DEBUG] [net.minecraftforge.fml.loading.moddiscovery.ModFileInfo/LOADING]: Found valid mod file AutoRegLib-1.8.2-55.jar with {autoreglib} mods - versions {1.8.2-55}
[04Apr2026 15:23:58.632] [main/DEBUG] [net.minecraftforge.fml.loading.moddiscovery.ModFile/LOADING]: Loading mod file /home/sylein/cisco-server/mods/AutoRegLib-1.8.2-55.jar with languages [LanguageSpec[languageName=javafml, acceptedVersions=[38,)]]
[04Apr2026 15:23:58.632] [main/DEBUG] [net.minecraftforge.fml.loading.moddiscovery.ModFileParser/LOADING]: Considering mod file candidate /home/sylein/cisco-server/mods/polymorph-forge-0.46.6+1.19.2.jar
[04Apr2026 15:23:58.633] [main/DEBUG] [net.minecraftforge.fml.loading.moddiscovery.ModFileInfo/LOADING]: Found valid mod file polymorph-forge-0.46.6+1.19.2.jar with {polymorph} mods - versions {0.46.6+1.19.2}
[04Apr2026 15:23:58.633] [main/DEBUG] [net.minecraftforge.fml.loading.moddiscovery.ModFile/LOADING]: Loading mod file /home/sylein/cisco-server/mods/polymorph-forge-0.46.6+1.19.2.jar with languages [LanguageSpec[languageName=javafml, acceptedVersions=[41,)]]
[04Apr2026 15:23:58.633] [main/DEBUG] [net.minecraftforge.fml.loading.moddiscovery.ModFileParser/LOADING]: Considering mod file candidate /home/sylein/cisco-server/mods/entityculling-forge-1.6.1-mc1.19.2.jar
[04Apr2026 15:23:58.633] [main/DEBUG] [net.minecraftforge.fml.loading.moddiscovery.ModFileInfo/LOADING]: Found valid mod file entityculling-forge-1.6.1-mc1.19.2.jar with {entityculling} mods - versions {1.6.1}
[04Apr2026 15:23:58.633] [main/DEBUG] [net.minecraftforge.fml.loading.moddiscovery.ModFile/LOADING]: Loading mod file /home/sylein/cisco-server/mods/entityculling-forge-1.6.1-mc1.19.2.jar with languages [LanguageSpec[languageName=javafml, acceptedVersions=[35,)]]
[04Apr2026 15:23:58.634] [main/DEBUG] [net.minecraftforge.fml.loading.moddiscovery.ModFileParser/LOADING]: Considering mod file candidate /home/sylein/cisco-server/mods/canary-mc1.19.2-0.3.3.jar
[04Apr2026 15:23:58.634] [main/DEBUG] [net.minecraftforge.fml.loading.moddiscovery.ModFileInfo/LOADING]: Found valid mod file canary-mc1.19.2-0.3.3.jar with {canary} mods - versions {0.3.3}
[04Apr2026 15:23:58.634] [main/DEBUG] [net.minecraftforge.fml.loading.moddiscovery.ModFile/LOADING]: Loading mod file /home/sylein/cisco-server/mods/canary-mc1.19.2-0.3.3.jar with languages [LanguageSpec[languageName=javafml, acceptedVersions=[43,)]]
[04Apr2026 15:23:58.634] [main/DEBUG] [net.minecraftforge.fml.loading.moddiscovery.ModFileParser/LOADING]: Considering mod file candidate /home/sylein/cisco-server/mods/strictly_origins_v9.2.1_1.19.2.jar
[04Apr2026 15:23:58.634] [main/DEBUG] [net.minecraftforge.fml.loading.moddiscovery.ModFileInfo/LOADING]: Found valid mod file strictly_origins_v9.2.1_1.19.2.jar with {strictly_origins} mods - versions {8}
[04Apr2026 15:23:58.635] [main/DEBUG] [net.minecraftforge.fml.loading.moddiscovery.ModFile/LOADING]: Loading mod file /home/sylein/cisco-server/mods/strictly_origins_v9.2.1_1.19.2.jar with languages [LanguageSpec[languageName=javafml, acceptedVersions=[43,)]]
[04Apr2026 15:23:58.635] [main/DEBUG] [net.minecraftforge.fml.loading.moddiscovery.ModFileParser/LOADING]: Considering mod file candidate /home/sylein/cisco-server/mods/structurize-1.19.2-1.0.689-RELEASE.jar
[04Apr2026 15:23:58.636] [main/DEBUG] [net.minecraftforge.fml.loading.moddiscovery.ModFileInfo/LOADING]: Found valid mod file structurize-1.19.2-1.0.689-RELEASE.jar with {structurize} mods - versions {1.19.2-1.0.689-RELEASE}
[04Apr2026 15:23:58.636] [main/DEBUG] [net.minecraftforge.fml.loading.moddiscovery.ModFile/LOADING]: Loading mod file /home/sylein/cisco-server/mods/structurize-1.19.2-1.0.689-RELEASE.jar with languages [LanguageSpec[languageName=javafml, acceptedVersions=[41,)]]
[04Apr2026 15:23:58.636] [main/DEBUG] [net.minecraftforge.fml.loading.moddiscovery.ModFileParser/LOADING]: Considering mod file candidate /home/sylein/cisco-server/mods/ImmediatelyFast-Forge-1.4.0+1.19.2.jar
[04Apr2026 15:23:58.636] [main/DEBUG] [net.minecraftforge.fml.loading.moddiscovery.ModFileInfo/LOADING]: Found valid mod file ImmediatelyFast-Forge-1.4.0+1.19.2.jar with {immediatelyfast} mods - versions {1.4.0+1.19.2}
[04Apr2026 15:23:58.637] [main/DEBUG] [net.minecraftforge.fml.loading.moddiscovery.ModFile/LOADING]: Loading mod file /home/sylein/cisco-server/mods/ImmediatelyFast-Forge-1.4.0+1.19.2.jar with languages [LanguageSpec[languageName=javafml, acceptedVersions=[43,)]]
[04Apr2026 15:23:58.637] [main/DEBUG] [net.minecraftforge.fml.loading.moddiscovery.ModFileParser/LOADING]: Considering mod file candidate /home/sylein/cisco-server/mods/tlc_forge-1.0.2-R-1.19.2.jar
[04Apr2026 15:23:58.637] [main/DEBUG] [net.minecraftforge.fml.loading.moddiscovery.ModFileInfo/LOADING]: Found valid mod file tlc_forge-1.0.2-R-1.19.2.jar with {tlc} mods - versions {1.0.2}
[04Apr2026 15:23:58.637] [main/DEBUG] [net.minecraftforge.fml.loading.moddiscovery.ModFile/LOADING]: Loading mod file /home/sylein/cisco-server/mods/tlc_forge-1.0.2-R-1.19.2.jar with languages [LanguageSpec[languageName=javafml, acceptedVersions=[41,)]]
[04Apr2026 15:23:58.637] [main/DEBUG] [net.minecraftforge.fml.loading.moddiscovery.ModFileParser/LOADING]: Considering mod file candidate /home/sylein/cisco-server/mods/appleskin-forge-mc1.19-2.4.2.jar
[04Apr2026 15:23:58.638] [main/DEBUG] [net.minecraftforge.fml.loading.moddiscovery.ModFileInfo/LOADING]: Found valid mod file appleskin-forge-mc1.19-2.4.2.jar with {appleskin} mods - versions {2.4.2+mc1.19}
[04Apr2026 15:23:58.638] [main/DEBUG] [net.minecraftforge.fml.loading.moddiscovery.ModFile/LOADING]: Loading mod file /home/sylein/cisco-server/mods/appleskin-forge-mc1.19-2.4.2.jar with languages [LanguageSpec[languageName=javafml, acceptedVersions=[41,)]]
[04Apr2026 15:23:58.638] [main/DEBUG] [net.minecraftforge.fml.loading.moddiscovery.ModFileParser/LOADING]: Considering mod file candidate /home/sylein/cisco-server/mods/lootr-forge-1.19-0.4.29.76.jar
[04Apr2026 15:23:58.638] [main/DEBUG] [net.minecraftforge.fml.loading.moddiscovery.ModFileInfo/LOADING]: Found valid mod file lootr-forge-1.19-0.4.29.76.jar with {lootr} mods - versions {0.4.28.75}
[04Apr2026 15:23:58.638] [main/DEBUG] [net.minecraftforge.fml.loading.moddiscovery.ModFile/LOADING]: Loading mod file /home/sylein/cisco-server/mods/lootr-forge-1.19-0.4.29.76.jar with languages [LanguageSpec[languageName=javafml, acceptedVersions=[41,)]]
[04Apr2026 15:23:58.639] [main/DEBUG] [net.minecraftforge.fml.loading.moddiscovery.ModFileParser/LOADING]: Considering mod file candidate /home/sylein/cisco-server/mods/biomemusic-1.19.2-2.2.jar
[04Apr2026 15:23:58.639] [main/DEBUG] [net.minecraftforge.fml.loading.moddiscovery.ModFileInfo/LOADING]: Found valid mod file biomemusic-1.19.2-2.2.jar with {biomemusic} mods - versions {1.19.2-2.2}
[04Apr2026 15:23:58.639] [main/DEBUG] [net.minecraftforge.fml.loading.moddiscovery.ModFile/LOADING]: Loading mod file /home/sylein/cisco-server/mods/biomemusic-1.19.2-2.2.jar with languages [LanguageSpec[languageName=javafml, acceptedVersions=[36,)]]
[04Apr2026 15:23:58.639] [main/DEBUG] [net.minecraftforge.fml.loading.moddiscovery.ModFileParser/LOADING]: Considering mod file candidate /home/sylein/cisco-server/mods/upgradednetherite_ultimate-1.19.2-4.1.0.4-release.jar
[04Apr2026 15:23:58.640] [main/DEBUG] [net.minecraftforge.fml.loading.moddiscovery.ModFileInfo/LOADING]: Found valid mod file upgradednetherite_ultimate-1.19.2-4.1.0.4-release.jar with {upgradednetherite_ultimate} mods - versions {1.19.2-4.1.0.4-release}
[04Apr2026 15:23:58.640] [main/DEBUG] [net.minecraftforge.fml.loading.moddiscovery.ModFile/LOADING]: Loading mod file /home/sylein/cisco-server/mods/upgradednetherite_ultimate-1.19.2-4.1.0.4-release.jar with languages [LanguageSpec[languageName=javafml, acceptedVersions=[43,)]]
[04Apr2026 15:23:58.640] [main/DEBUG] [net.minecraftforge.fml.loading.moddiscovery.ModFileParser/LOADING]: Considering mod file candidate /home/sylein/cisco-server/mods/PuzzlesLib-v4.4.3-1.19.2-Forge.jar
[04Apr2026 15:23:58.641] [main/DEBUG] [net.minecraftforge.fml.loading.moddiscovery.ModFileInfo/LOADING]: Found valid mod file PuzzlesLib-v4.4.3-1.19.2-Forge.jar with {puzzleslib} mods - versions {4.4.3}
[04Apr2026 15:23:58.641] [main/DEBUG] [net.minecraftforge.fml.loading.moddiscovery.ModFile/LOADING]: Loading mod file /home/sylein/cisco-server/mods/PuzzlesLib-v4.4.3-1.19.2-Forge.jar with languages [LanguageSpec[languageName=javafml, acceptedVersions=[43,)]]
[04Apr2026 15:23:58.641] [main/DEBUG] [net.minecraftforge.fml.loading.moddiscovery.ModFileParser/LOADING]: Considering mod file candidate /home/sylein/cisco-server/mods/Aquaculture-1.19.2-2.4.17.jar
[04Apr2026 15:23:58.642] [main/DEBUG] [net.minecraftforge.fml.loading.moddiscovery.ModFileInfo/LOADING]: Found valid mod file Aquaculture-1.19.2-2.4.17.jar with {aquaculture} mods - versions {1.19.2-2.4.17}
[04Apr2026 15:23:58.642] [main/DEBUG] [net.minecraftforge.fml.loading.moddiscovery.ModFile/LOADING]: Loading mod file /home/sylein/cisco-server/mods/Aquaculture-1.19.2-2.4.17.jar with languages [LanguageSpec[languageName=javafml, acceptedVersions=[41,)]]
[04Apr2026 15:23:58.642] [main/DEBUG] [net.minecraftforge.fml.loading.moddiscovery.ModFileParser/LOADING]: Considering mod file candidate /home/sylein/cisco-server/mods/Oh_The_Biomes_You'll_Go-forge-1.19.2-2.0.1.6.jar
[04Apr2026 15:23:58.642] [main/DEBUG] [net.minecraftforge.fml.loading.moddiscovery.ModFileInfo/LOADING]: Found valid mod file Oh_The_Biomes_You'll_Go-forge-1.19.2-2.0.1.6.jar with {byg} mods - versions {2.0.1.6}
[04Apr2026 15:23:58.642] [main/DEBUG] [net.minecraftforge.fml.loading.moddiscovery.ModFile/LOADING]: Loading mod file /home/sylein/cisco-server/mods/Oh_The_Biomes_You'll_Go-forge-1.19.2-2.0.1.6.jar with languages [LanguageSpec[languageName=javafml, acceptedVersions=[40,)]]
[04Apr2026 15:23:58.643] [main/DEBUG] [net.minecraftforge.fml.loading.moddiscovery.ModFileParser/LOADING]: Considering mod file candidate /home/sylein/cisco-server/mods/Delightful-1.19.2-3.4.1.jar
[04Apr2026 15:23:58.643] [main/DEBUG] [net.minecraftforge.fml.loading.moddiscovery.ModFileInfo/LOADING]: Found valid mod file Delightful-1.19.2-3.4.1.jar with {delightful} mods - versions {3.4.1}
[04Apr2026 15:23:58.643] [main/DEBUG] [net.minecraftforge.fml.loading.moddiscovery.ModFile/LOADING]: Loading mod file /home/sylein/cisco-server/mods/Delightful-1.19.2-3.4.1.jar with languages [LanguageSpec[languageName=javafml, acceptedVersions=[43,)]]
[04Apr2026 15:23:58.643] [main/DEBUG] [net.minecraftforge.fml.loading.moddiscovery.ModFileParser/LOADING]: Considering mod file candidate /home/sylein/cisco-server/mods/chunksending-1.19.2-2.8.jar
[04Apr2026 15:23:58.644] [main/DEBUG] [net.minecraftforge.fml.loading.moddiscovery.ModFileInfo/LOADING]: Found valid mod file chunksending-1.19.2-2.8.jar with {chunksending} mods - versions {1.19.2-2.8}
[04Apr2026 15:23:58.644] [main/DEBUG] [net.minecraftforge.fml.loading.moddiscovery.ModFile/LOADING]: Loading mod file /home/sylein/cisco-server/mods/chunksending-1.19.2-2.8.jar with languages [LanguageSpec[languageName=javafml, acceptedVersions=[36,)]]
[04Apr2026 15:23:58.644] [main/DEBUG] [net.minecraftforge.fml.loading.moddiscovery.ModFileParser/LOADING]: Considering mod file candidate /home/sylein/cisco-server/mods/End's Phantasm - BETAv1.2.10.5 - 1.19.2.jar
[04Apr2026 15:23:58.645] [main/DEBUG] [net.minecraftforge.fml.loading.moddiscovery.ModFileInfo/LOADING]: Found valid mod file End's Phantasm - BETAv1.2.10.5 - 1.19.2.jar with {phantasm} mods - versions {1.2.10.5}
[04Apr2026 15:23:58.645] [main/DEBUG] [net.minecraftforge.fml.loading.moddiscovery.ModFile/LOADING]: Loading mod file /home/sylein/cisco-server/mods/End's Phantasm - BETAv1.2.10.5 - 1.19.2.jar with languages [LanguageSpec[languageName=javafml, acceptedVersions=[43,)]]
[04Apr2026 15:23:58.645] [main/DEBUG] [net.minecraftforge.fml.loading.moddiscovery.ModFileParser/LOADING]: Considering mod file candidate /home/sylein/cisco-server/mods/aquamirae-6.API15.jar
[04Apr2026 15:23:58.645] [main/DEBUG] [net.minecraftforge.fml.loading.moddiscovery.ModFileInfo/LOADING]: Found valid mod file aquamirae-6.API15.jar with {aquamirae} mods - versions {6.API15}
[04Apr2026 15:23:58.645] [main/DEBUG] [net.minecraftforge.fml.loading.moddiscovery.ModFile/LOADING]: Loading mod file /home/sylein/cisco-server/mods/aquamirae-6.API15.jar with languages [LanguageSpec[languageName=javafml, acceptedVersions=[43,)]]
[04Apr2026 15:23:58.645] [main/DEBUG] [net.minecraftforge.fml.loading.moddiscovery.ModFileParser/LOADING]: Considering mod file candidate /home/sylein/cisco-server/mods/defaultoptions-forge-1.19-15.0.2.jar
[04Apr2026 15:23:58.646] [main/DEBUG] [net.minecraftforge.fml.loading.moddiscovery.ModFileInfo/LOADING]: Found valid mod file defaultoptions-forge-1.19-15.0.2.jar with {defaultoptions} mods - versions {15.0.2}
[04Apr2026 15:23:58.646] [main/DEBUG] [net.minecraftforge.fml.loading.moddiscovery.ModFile/LOADING]: Loading mod file /home/sylein/cisco-server/mods/defaultoptions-forge-1.19-15.0.2.jar with languages [LanguageSpec[languageName=javafml, acceptedVersions=[41,)]]
[04Apr2026 15:23:58.646] [main/DEBUG] [net.minecraftforge.fml.loading.moddiscovery.ModFileParser/LOADING]: Considering mod file candidate /home/sylein/cisco-server/mods/xptome-1.19-2.1.7.jar
[04Apr2026 15:23:58.647] [main/DEBUG] [net.minecraftforge.fml.loading.moddiscovery.ModFileInfo/LOADING]: Found valid mod file xptome-1.19-2.1.7.jar with {xpbook} mods - versions {2.1.7}
[04Apr2026 15:23:58.647] [main/DEBUG] [net.minecraftforge.fml.loading.moddiscovery.ModFile/LOADING]: Loading mod file /home/sylein/cisco-server/mods/xptome-1.19-2.1.7.jar with languages [LanguageSpec[languageName=javafml, acceptedVersions=[41,)]]
[04Apr2026 15:23:58.647] [main/DEBUG] [net.minecraftforge.fml.loading.moddiscovery.ModFileParser/LOADING]: Considering mod file candidate /home/sylein/cisco-server/mods/totw_modded-forge-1.19.2-1.0.5.jar
[04Apr2026 15:23:58.648] [main/DEBUG] [net.minecraftforge.fml.loading.moddiscovery.ModFileInfo/LOADING]: Found valid mod file totw_modded-forge-1.19.2-1.0.5.jar with {totw_modded} mods - versions {1.19.2-1.0.5}
[04Apr2026 15:23:58.648] [main/DEBUG] [net.minecraftforge.fml.loading.moddiscovery.ModFile/LOADING]: Loading mod file /home/sylein/cisco-server/mods/totw_modded-forge-1.19.2-1.0.5.jar with languages [LanguageSpec[languageName=javafml, acceptedVersions=[43,)]]
[04Apr2026 15:23:58.648] [main/DEBUG] [net.minecraftforge.fml.loading.moddiscovery.ModFileParser/LOADING]: Considering mod file candidate /home/sylein/cisco-server/mods/SkyVillages-1.0.3-1.19.2-1.20.x-forge-release.jar
[04Apr2026 15:23:58.649] [main/DEBUG] [net.minecraftforge.fml.loading.moddiscovery.ModFileInfo/LOADING]: Found valid mod file SkyVillages-1.0.3-1.19.2-1.20.x-forge-release.jar with {skyvillages} mods - versions {1.0.3}
[04Apr2026 15:23:58.649] [main/DEBUG] [net.minecraftforge.fml.loading.moddiscovery.ModFile/LOADING]: Loading mod file /home/sylein/cisco-server/mods/SkyVillages-1.0.3-1.19.2-1.20.x-forge-release.jar with languages [LanguageSpec[languageName=javafml, acceptedVersions=[43,)]]
[04Apr2026 15:23:58.649] [main/DEBUG] [net.minecraftforge.fml.loading.moddiscovery.ModFileParser/LOADING]: Considering mod file candidate /home/sylein/cisco-server/mods/blue_skies-1.19.2-1.3.20.jar
[04Apr2026 15:23:58.650] [main/DEBUG] [net.minecraftforge.fml.loading.moddiscovery.ModFileInfo/LOADING]: Found valid mod file blue_skies-1.19.2-1.3.20.jar with {blue_skies} mods - versions {1.3.20}
[04Apr2026 15:23:58.650] [main/DEBUG] [net.minecraftforge.fml.loading.moddiscovery.ModFile/LOADING]: Loading mod file /home/sylein/cisco-server/mods/blue_skies-1.19.2-1.3.20.jar with languages [LanguageSpec[languageName=javafml, acceptedVersions=[43,)]]
[04Apr2026 15:23:58.651] [main/DEBUG] [net.minecraftforge.fml.loading.moddiscovery.ModFileParser/LOADING]: Considering mod file candidate /home/sylein/cisco-server/mods/transmog-forge-1.2.2+1.19.2.jar
[04Apr2026 15:23:58.651] [main/DEBUG] [net.minecraftforge.fml.loading.moddiscovery.ModFileInfo/LOADING]: Found valid mod file transmog-forge-1.2.2+1.19.2.jar with {transmog} mods - versions {1.2.2+1.19.2}
[04Apr2026 15:23:58.651] [main/DEBUG] [net.minecraftforge.fml.loading.moddiscovery.ModFile/LOADING]: Loading mod file /home/sylein/cisco-server/mods/transmog-forge-1.2.2+1.19.2.jar with languages [LanguageSpec[languageName=javafml, acceptedVersions=[43,)]]
[04Apr2026 15:23:58.651] [main/DEBUG] [net.minecraftforge.fml.loading.moddiscovery.ModFileParser/LOADING]: Considering mod file candidate /home/sylein/cisco-server/mods/ars_additions-1.19.2-1.4.0.jar
[04Apr2026 15:23:58.652] [main/DEBUG] [net.minecraftforge.fml.loading.moddiscovery.ModFileInfo/LOADING]: Found valid mod file ars_additions-1.19.2-1.4.0.jar with {ars_additions} mods - versions {1.19.2-1.4.0}
[04Apr2026 15:23:58.652] [main/DEBUG] [net.minecraftforge.fml.loading.moddiscovery.ModFile/LOADING]: Loading mod file /home/sylein/cisco-server/mods/ars_additions-1.19.2-1.4.0.jar with languages [LanguageSpec[languageName=javafml, acceptedVersions=[43,)]]
[04Apr2026 15:23:58.652] [main/DEBUG] [net.minecraftforge.fml.loading.moddiscovery.ModFileParser/LOADING]: Considering mod file candidate /home/sylein/cisco-server/mods/recipeessentials-1.19.2-3.5.jar
[04Apr2026 15:23:58.653] [main/DEBUG] [net.minecraftforge.fml.loading.moddiscovery.ModFileInfo/LOADING]: Found valid mod file recipeessentials-1.19.2-3.5.jar with {recipeessentials} mods - versions {1.19.2-3.5}
[04Apr2026 15:23:58.653] [main/DEBUG] [net.minecraftforge.fml.loading.moddiscovery.ModFile/LOADING]: Loading mod file /home/sylein/cisco-server/mods/recipeessentials-1.19.2-3.5.jar with languages [LanguageSpec[languageName=javafml, acceptedVersions=[36,)]]
[04Apr2026 15:23:58.653] [main/DEBUG] [net.minecraftforge.fml.loading.moddiscovery.ModFileParser/LOADING]: Considering mod file candidate /home/sylein/cisco-server/mods/aether-1.19.2-1.4.2-forge.jar
[04Apr2026 15:23:58.654] [main/DEBUG] [net.minecraftforge.fml.loading.moddiscovery.ModFileInfo/LOADING]: Found valid mod file aether-1.19.2-1.4.2-forge.jar with {aether} mods - versions {1.19.2-1.4.2-forge}
[04Apr2026 15:23:58.654] [main/DEBUG] [net.minecraftforge.fml.loading.moddiscovery.ModFile/LOADING]: Loading mod file /home/sylein/cisco-server/mods/aether-1.19.2-1.4.2-forge.jar with languages [LanguageSpec[languageName=javafml, acceptedVersions=[43,)]]
[04Apr2026 15:23:58.654] [main/DEBUG] [net.minecraftforge.fml.loading.moddiscovery.ModFileParser/LOADING]: Considering mod file candidate /home/sylein/cisco-server/mods/Galosphere-1.19.2-1.3.0-Forge.jar
[04Apr2026 15:23:58.655] [main/DEBUG] [net.minecraftforge.fml.loading.moddiscovery.ModFileInfo/LOADING]: Found valid mod file Galosphere-1.19.2-1.3.0-Forge.jar with {galosphere} mods - versions {1.19.2-1.3.0}
[04Apr2026 15:23:58.655] [main/DEBUG] [net.minecraftforge.fml.loading.moddiscovery.ModFile/LOADING]: Loading mod file /home/sylein/cisco-server/mods/Galosphere-1.19.2-1.3.0-Forge.jar with languages [LanguageSpec[languageName=javafml, acceptedVersions=[39,)]]
[04Apr2026 15:23:58.655] [main/DEBUG] [net.minecraftforge.fml.loading.moddiscovery.ModFileParser/LOADING]: Considering mod file candidate /home/sylein/cisco-server/mods/towntalk-1.19.2-1.0.1.jar
[04Apr2026 15:23:58.656] [main/DEBUG] [net.minecraftforge.fml.loading.moddiscovery.ModFileInfo/LOADING]: Found valid mod file towntalk-1.19.2-1.0.1.jar with {towntalk} mods - versions {1.0.1}
[04Apr2026 15:23:58.656] [main/DEBUG] [net.minecraftforge.fml.loading.moddiscovery.ModFile/LOADING]: Loading mod file /home/sylein/cisco-server/mods/towntalk-1.19.2-1.0.1.jar with languages [LanguageSpec[languageName=javafml, acceptedVersions=[40,)]]
[04Apr2026 15:23:58.656] [main/DEBUG] [net.minecraftforge.fml.loading.moddiscovery.ModFileParser/LOADING]: Considering mod file candidate /home/sylein/cisco-server/mods/YungsBetterOceanMonuments-1.19.2-Forge-2.1.1.jar
[04Apr2026 15:23:58.657] [main/DEBUG] [net.minecraftforge.fml.loading.moddiscovery.ModFileInfo/LOADING]: Found valid mod file YungsBetterOceanMonuments-1.19.2-Forge-2.1.1.jar with {betteroceanmonuments} mods - versions {1.19.2-Forge-2.1.1}
[04Apr2026 15:23:58.657] [main/DEBUG] [net.minecraftforge.fml.loading.moddiscovery.ModFile/LOADING]: Loading mod file /home/sylein/cisco-server/mods/YungsBetterOceanMonuments-1.19.2-Forge-2.1.1.jar with languages [LanguageSpec[languageName=javafml, acceptedVersions=[43,)]]
[04Apr2026 15:23:58.657] [main/DEBUG] [net.minecraftforge.fml.loading.moddiscovery.ModFileParser/LOADING]: Considering mod file candidate /home/sylein/cisco-server/mods/connectivity-1.19.2-4.6.jar
[04Apr2026 15:23:58.658] [main/DEBUG] [net.minecraftforge.fml.loading.moddiscovery.ModFileInfo/LOADING]: Found valid mod file connectivity-1.19.2-4.6.jar with {connectivity} mods - versions {1.19.2-4.6}
[04Apr2026 15:23:58.658] [main/DEBUG] [net.minecraftforge.fml.loading.moddiscovery.ModFile/LOADING]: Loading mod file /home/sylein/cisco-server/mods/connectivity-1.19.2-4.6.jar with languages [LanguageSpec[languageName=javafml, acceptedVersions=[28,)]]
[04Apr2026 15:23:58.658] [main/DEBUG] [net.minecraftforge.fml.loading.moddiscovery.ModFileParser/LOADING]: Considering mod file candidate /home/sylein/cisco-server/mods/Incendium_1.19.3_v5.1.6.jar
[04Apr2026 15:23:58.658] [main/DEBUG] [net.minecraftforge.fml.loading.moddiscovery.ModFileInfo/LOADING]: Found valid mod file Incendium_1.19.3_v5.1.6.jar with {incendium} mods - versions {5.1.6}
[04Apr2026 15:23:58.659] [main/DEBUG] [net.minecraftforge.fml.loading.moddiscovery.ModFile/LOADING]: Loading mod file /home/sylein/cisco-server/mods/Incendium_1.19.3_v5.1.6.jar with languages [LanguageSpec[languageName=javafml, acceptedVersions=[40,)]]
[04Apr2026 15:23:58.659] [main/DEBUG] [net.minecraftforge.fml.loading.moddiscovery.ModFileParser/LOADING]: Considering mod file candidate /home/sylein/cisco-server/mods/gpumemleakfix-1.19.2-1.6.jar
[04Apr2026 15:23:58.659] [main/DEBUG] [net.minecraftforge.fml.loading.moddiscovery.ModFileInfo/LOADING]: Found valid mod file gpumemleakfix-1.19.2-1.6.jar with {gpumemleakfix} mods - versions {1.19.2-1.6}
[04Apr2026 15:23:58.659] [main/DEBUG] [net.minecraftforge.fml.loading.moddiscovery.ModFile/LOADING]: Loading mod file /home/sylein/cisco-server/mods/gpumemleakfix-1.19.2-1.6.jar with languages [LanguageSpec[languageName=javafml, acceptedVersions=[36,)]]
[04Apr2026 15:23:58.660] [main/DEBUG] [net.minecraftforge.fml.loading.moddiscovery.ModFileParser/LOADING]: Considering mod file candidate /home/sylein/cisco-server/mods/sophisticatedcore-1.19.2-0.6.4.730.jar
[04Apr2026 15:23:58.660] [main/DEBUG] [net.minecraftforge.fml.loading.moddiscovery.ModFileInfo/LOADING]: Found valid mod file sophisticatedcore-1.19.2-0.6.4.730.jar with {sophisticatedcore} mods - versions {1.19.2-0.6.4.730}
[04Apr2026 15:23:58.660] [main/DEBUG] [net.minecraftforge.fml.loading.moddiscovery.ModFile/LOADING]: Loading mod file /home/sylein/cisco-server/mods/sophisticatedcore-1.19.2-0.6.4.730.jar with languages [LanguageSpec[languageName=javafml, acceptedVersions=[18,)]]
[04Apr2026 15:23:58.660] [main/DEBUG] [net.minecraftforge.fml.loading.moddiscovery.ModFileParser/LOADING]: Considering mod file candidate /home/sylein/cisco-server/mods/InsaneLib-1.7.5-mc1.19.2.jar
[04Apr2026 15:23:58.661] [main/DEBUG] [net.minecraftforge.fml.loading.moddiscovery.ModFileInfo/LOADING]: Found valid mod file InsaneLib-1.7.5-mc1.19.2.jar with {insanelib} mods - versions {1.7.5}
[04Apr2026 15:23:58.661] [main/DEBUG] [net.minecraftforge.fml.loading.moddiscovery.ModFile/LOADING]: Loading mod file /home/sylein/cisco-server/mods/InsaneLib-1.7.5-mc1.19.2.jar with languages [LanguageSpec[languageName=javafml, acceptedVersions=[42,)]]
[04Apr2026 15:23:58.661] [main/DEBUG] [net.minecraftforge.fml.loading.moddiscovery.ModFileParser/LOADING]: Considering mod file candidate /home/sylein/cisco-server/mods/structureessentials-1.19.2-3.2.jar
[04Apr2026 15:23:58.662] [main/DEBUG] [net.minecraftforge.fml.loading.moddiscovery.ModFileInfo/LOADING]: Found valid mod file structureessentials-1.19.2-3.2.jar with {structureessentials} mods - versions {1.19.2-3.2}
[04Apr2026 15:23:58.662] [main/DEBUG] [net.minecraftforge.fml.loading.moddiscovery.ModFile/LOADING]: Loading mod file /home/sylein/cisco-server/mods/structureessentials-1.19.2-3.2.jar with languages [LanguageSpec[languageName=javafml, acceptedVersions=[36,)]]
[04Apr2026 15:23:58.662] [main/DEBUG] [net.minecraftforge.fml.loading.moddiscovery.ModFileParser/LOADING]: Considering mod file candidate /home/sylein/cisco-server/mods/Controlling-forge-1.19.2-10.0+7.jar
[04Apr2026 15:23:58.663] [main/DEBUG] [net.minecraftforge.fml.loading.moddiscovery.ModFileInfo/LOADING]: Found valid mod file Controlling-forge-1.19.2-10.0+7.jar with {controlling} mods - versions {10.0+7}
[04Apr2026 15:23:58.663] [main/DEBUG] [net.minecraftforge.fml.loading.moddiscovery.ModFile/LOADING]: Loading mod file /home/sylein/cisco-server/mods/Controlling-forge-1.19.2-10.0+7.jar with languages [LanguageSpec[languageName=javafml, acceptedVersions=[41,)]]
[04Apr2026 15:23:58.663] [main/DEBUG] [net.minecraftforge.fml.loading.moddiscovery.ModFileParser/LOADING]: Considering mod file candidate /home/sylein/cisco-server/mods/XaerosWorldMap_1.39.12_Forge_1.19.1.jar
[04Apr2026 15:23:58.664] [main/DEBUG] [net.minecraftforge.fml.loading.moddiscovery.ModFileInfo/LOADING]: Found valid mod file XaerosWorldMap_1.39.12_Forge_1.19.1.jar with {xaeroworldmap} mods - versions {1.39.12}
[04Apr2026 15:23:58.664] [main/DEBUG] [net.minecraftforge.fml.loading.moddiscovery.ModFile/LOADING]: Loading mod file /home/sylein/cisco-server/mods/XaerosWorldMap_1.39.12_Forge_1.19.1.jar with languages [LanguageSpec[languageName=javafml, acceptedVersions=[42,)]]
[04Apr2026 15:23:58.664] [main/DEBUG] [net.minecraftforge.fml.loading.moddiscovery.ModFileParser/LOADING]: Found coremod xaeroworldmap_core with Javascript path META-INF/xaeroworldmap_core.js
[04Apr2026 15:23:58.664] [main/DEBUG] [net.minecraftforge.fml.loading.moddiscovery.ModFile/LOADING]: Found coremod META-INF/xaeroworldmap_core.js
[04Apr2026 15:23:58.664] [main/DEBUG] [net.minecraftforge.fml.loading.moddiscovery.ModFileParser/LOADING]: Considering mod file candidate /home/sylein/cisco-server/mods/citadel-2.1.4-1.19.jar
[04Apr2026 15:23:58.665] [main/DEBUG] [net.minecraftforge.fml.loading.moddiscovery.ModFileInfo/LOADING]: Found valid mod file citadel-2.1.4-1.19.jar with {citadel} mods - versions {2.1.4}
[04Apr2026 15:23:58.665] [main/DEBUG] [net.minecraftforge.fml.loading.moddiscovery.ModFile/LOADING]: Loading mod file /home/sylein/cisco-server/mods/citadel-2.1.4-1.19.jar with languages [LanguageSpec[languageName=javafml, acceptedVersions=[41,)]]
[04Apr2026 15:23:58.665] [main/DEBUG] [net.minecraftforge.fml.loading.moddiscovery.ModFileParser/LOADING]: Considering mod file candidate /home/sylein/cisco-server/mods/Placebo-1.19.2-7.4.1.jar
[04Apr2026 15:23:58.665] [main/DEBUG] [net.minecraftforge.fml.loading.moddiscovery.ModFileInfo/LOADING]: Found valid mod file Placebo-1.19.2-7.4.1.jar with {placebo} mods - versions {7.4.1}
[04Apr2026 15:23:58.665] [main/DEBUG] [net.minecraftforge.fml.loading.moddiscovery.ModFile/LOADING]: Loading mod file /home/sylein/cisco-server/mods/Placebo-1.19.2-7.4.1.jar with languages [LanguageSpec[languageName=javafml, acceptedVersions=[32,)]]
[04Apr2026 15:23:58.666] [main/DEBUG] [net.minecraftforge.fml.loading.moddiscovery.ModFileParser/LOADING]: Found coremod placebo_get_ench_level_event with Javascript path coremods/get_ench_level_event.js
[04Apr2026 15:23:58.666] [main/DEBUG] [net.minecraftforge.fml.loading.moddiscovery.ModFileParser/LOADING]: Found coremod placebo_get_ench_level_event_specific with Javascript path coremods/get_ench_level_event_specific.js
[04Apr2026 15:23:58.666] [main/DEBUG] [net.minecraftforge.fml.loading.moddiscovery.ModFile/LOADING]: Found coremod coremods/get_ench_level_event.js
[04Apr2026 15:23:58.666] [main/DEBUG] [net.minecraftforge.fml.loading.moddiscovery.ModFile/LOADING]: Found coremod coremods/get_ench_level_event_specific.js
[04Apr2026 15:23:58.666] [main/DEBUG] [net.minecraftforge.fml.loading.moddiscovery.ModFileParser/LOADING]: Considering mod file candidate /home/sylein/cisco-server/mods/Prism-1.19.1-1.0.2.jar
[04Apr2026 15:23:58.667] [main/DEBUG] [net.minecraftforge.fml.loading.moddiscovery.ModFileInfo/LOADING]: Found valid mod file Prism-1.19.1-1.0.2.jar with {prism} mods - versions {1.0.2}
[04Apr2026 15:23:58.667] [main/DEBUG] [net.minecraftforge.fml.loading.moddiscovery.ModFile/LOADING]: Loading mod file /home/sylein/cisco-server/mods/Prism-1.19.1-1.0.2.jar with languages [LanguageSpec[languageName=javafml, acceptedVersions=[41,)]]
[04Apr2026 15:23:58.667] [main/DEBUG] [net.minecraftforge.fml.loading.moddiscovery.ModFileParser/LOADING]: Considering mod file candidate /home/sylein/cisco-server/mods/lootintegrations-1.19.2-4.7.jar
[04Apr2026 15:23:58.668] [main/DEBUG] [net.minecraftforge.fml.loading.moddiscovery.ModFileInfo/LOADING]: Found valid mod file lootintegrations-1.19.2-4.7.jar with {lootintegrations} mods - versions {1.19.2-4.7}
[04Apr2026 15:23:58.668] [main/DEBUG] [net.minecraftforge.fml.loading.moddiscovery.ModFile/LOADING]: Loading mod file /home/sylein/cisco-server/mods/lootintegrations-1.19.2-4.7.jar with languages [LanguageSpec[languageName=javafml, acceptedVersions=[36,)]]
[04Apr2026 15:23:58.668] [main/DEBUG] [net.minecraftforge.fml.loading.moddiscovery.ModFileParser/LOADING]: Considering mod file candidate /home/sylein/cisco-server/mods/Item_Obliterator-FORGE-MC1.19.2-1.6.2.jar
[04Apr2026 15:23:58.668] [main/DEBUG] [net.minecraftforge.fml.loading.moddiscovery.ModFileInfo/LOADING]: Found valid mod file Item_Obliterator-FORGE-MC1.19.2-1.6.2.jar with {item_obliterator} mods - versions {1.6.2}
[04Apr2026 15:23:58.669] [main/DEBUG] [net.minecraftforge.fml.loading.moddiscovery.ModFile/LOADING]: Loading mod file /home/sylein/cisco-server/mods/Item_Obliterator-FORGE-MC1.19.2-1.6.2.jar with languages [LanguageSpec[languageName=javafml, acceptedVersions=[43,)]]
[04Apr2026 15:23:58.669] [main/DEBUG] [net.minecraftforge.fml.loading.moddiscovery.ModFileParser/LOADING]: Considering mod file candidate /home/sylein/cisco-server/mods/letsdo-bakery-forge-1.0.6.jar
[04Apr2026 15:23:58.669] [main/DEBUG] [net.minecraftforge.fml.loading.moddiscovery.ModFileInfo/LOADING]: Found valid mod file letsdo-bakery-forge-1.0.6.jar with {bakery} mods - versions {1.0.6}
[04Apr2026 15:23:58.669] [main/DEBUG] [net.minecraftforge.fml.loading.moddiscovery.ModFile/LOADING]: Loading mod file /home/sylein/cisco-server/mods/letsdo-bakery-forge-1.0.6.jar with languages [LanguageSpec[languageName=javafml, acceptedVersions=[43,)]]
[04Apr2026 15:23:58.669] [main/DEBUG] [net.minecraftforge.fml.loading.moddiscovery.ModFileParser/LOADING]: Considering mod file candidate /home/sylein/cisco-server/mods/Bookshelf-Forge-1.19.2-16.3.20.jar
[04Apr2026 15:23:58.670] [main/DEBUG] [net.minecraftforge.fml.loading.moddiscovery.ModFileInfo/LOADING]: Found valid mod file Bookshelf-Forge-1.19.2-16.3.20.jar with {bookshelf} mods - versions {16.3.20}
[04Apr2026 15:23:58.670] [main/DEBUG] [net.minecraftforge.fml.loading.moddiscovery.ModFile/LOADING]: Loading mod file /home/sylein/cisco-server/mods/Bookshelf-Forge-1.19.2-16.3.20.jar with languages [LanguageSpec[languageName=javafml, acceptedVersions=[43,)]]
[04Apr2026 15:23:58.670] [main/DEBUG] [net.minecraftforge.fml.loading.moddiscovery.ModFileParser/LOADING]: Considering mod file candidate /home/sylein/cisco-server/mods/sophisticatedbackpacks-1.19.2-3.20.2.1035.jar
[04Apr2026 15:23:58.671] [main/DEBUG] [net.minecraftforge.fml.loading.moddiscovery.ModFileInfo/LOADING]: Found valid mod file sophisticatedbackpacks-1.19.2-3.20.2.1035.jar with {sophisticatedbackpacks} mods - versions {1.19.2-3.20.2.1035}
[04Apr2026 15:23:58.671] [main/DEBUG] [net.minecraftforge.fml.loading.moddiscovery.ModFile/LOADING]: Loading mod file /home/sylein/cisco-server/mods/sophisticatedbackpacks-1.19.2-3.20.2.1035.jar with languages [LanguageSpec[languageName=javafml, acceptedVersions=[18,)]]
[04Apr2026 15:23:58.671] [main/DEBUG] [net.minecraftforge.fml.loading.moddiscovery.ModFileParser/LOADING]: Considering mod file candidate /home/sylein/cisco-server/mods/royal_variations_[Forge]_1.19.2_1.0.jar
[04Apr2026 15:23:58.672] [main/DEBUG] [net.minecraftforge.fml.loading.moddiscovery.ModFileInfo/LOADING]: Found valid mod file royal_variations_[Forge]_1.19.2_1.0.jar with {royalvariations} mods - versions {1.0.0}
[04Apr2026 15:23:58.672] [main/DEBUG] [net.minecraftforge.fml.loading.moddiscovery.ModFile/LOADING]: Loading mod file /home/sylein/cisco-server/mods/royal_variations_[Forge]_1.19.2_1.0.jar with languages [LanguageSpec[languageName=javafml, acceptedVersions=[43,)]]
[04Apr2026 15:23:58.672] [main/DEBUG] [net.minecraftforge.fml.loading.moddiscovery.ModFileParser/LOADING]: Considering mod file candidate /home/sylein/cisco-server/mods/twigs-forge-1.19.2-3.0.1.jar
[04Apr2026 15:23:58.673] [main/DEBUG] [net.minecraftforge.fml.loading.moddiscovery.ModFileInfo/LOADING]: Found valid mod file twigs-forge-1.19.2-3.0.1.jar with {twigs} mods - versions {1.19.2-3.0.1}
[04Apr2026 15:23:58.673] [main/DEBUG] [net.minecraftforge.fml.loading.moddiscovery.ModFile/LOADING]: Loading mod file /home/sylein/cisco-server/mods/twigs-forge-1.19.2-3.0.1.jar with languages [LanguageSpec[languageName=javafml, acceptedVersions=[39,)]]
[04Apr2026 15:23:58.673] [main/DEBUG] [net.minecraftforge.fml.loading.moddiscovery.ModFileParser/LOADING]: Considering mod file candidate /home/sylein/cisco-server/mods/relics-1.19.2-0.6.2.5.jar
[04Apr2026 15:23:58.673] [main/DEBUG] [net.minecraftforge.fml.loading.moddiscovery.ModFileInfo/LOADING]: Found valid mod file relics-1.19.2-0.6.2.5.jar with {relics} mods - versions {0.6.2.5}
[04Apr2026 15:23:58.673] [main/DEBUG] [net.minecraftforge.fml.loading.moddiscovery.ModFile/LOADING]: Loading mod file /home/sylein/cisco-server/mods/relics-1.19.2-0.6.2.5.jar with languages [LanguageSpec[languageName=javafml, acceptedVersions=[35,)]]
[04Apr2026 15:23:58.673] [main/DEBUG] [net.minecraftforge.fml.loading.moddiscovery.ModFileParser/LOADING]: Considering mod file candidate /home/sylein/cisco-server/mods/ProgressiveBosses-3.7.6-mc1.19.2.jar
[04Apr2026 15:23:58.674] [main/DEBUG] [net.minecraftforge.fml.loading.moddiscovery.ModFileInfo/LOADING]: Found valid mod file ProgressiveBosses-3.7.6-mc1.19.2.jar with {progressivebosses} mods - versions {3.7.6}
[04Apr2026 15:23:58.674] [main/DEBUG] [net.minecraftforge.fml.loading.moddiscovery.ModFile/LOADING]: Loading mod file /home/sylein/cisco-server/mods/ProgressiveBosses-3.7.6-mc1.19.2.jar with languages [LanguageSpec[languageName=javafml, acceptedVersions=[41,)]]
[04Apr2026 15:23:58.674] [main/DEBUG] [net.minecraftforge.fml.loading.moddiscovery.ModFileParser/LOADING]: Considering mod file candidate /home/sylein/cisco-server/mods/takesapillage-1.0.3-1.19.2.jar
[04Apr2026 15:23:58.674] [main/DEBUG] [net.minecraftforge.fml.loading.moddiscovery.ModFileInfo/LOADING]: Found valid mod file takesapillage-1.0.3-1.19.2.jar with {takesapillage} mods - versions {1.0.3}
[04Apr2026 15:23:58.674] [main/DEBUG] [net.minecraftforge.fml.loading.moddiscovery.ModFile/LOADING]: Loading mod file /home/sylein/cisco-server/mods/takesapillage-1.0.3-1.19.2.jar with languages [LanguageSpec[languageName=javafml, acceptedVersions=[42,)]]
[04Apr2026 15:23:58.675] [main/DEBUG] [net.minecraftforge.fml.loading.moddiscovery.ModFileParser/LOADING]: Considering mod file candidate /home/sylein/cisco-server/mods/bygonenether-1.3.2-1.19.2.jar
[04Apr2026 15:23:58.675] [main/DEBUG] [net.minecraftforge.fml.loading.moddiscovery.ModFileInfo/LOADING]: Found valid mod file bygonenether-1.3.2-1.19.2.jar with {bygonenether} mods - versions {1.3.2}
[04Apr2026 15:23:58.675] [main/DEBUG] [net.minecraftforge.fml.loading.moddiscovery.ModFile/LOADING]: Loading mod file /home/sylein/cisco-server/mods/bygonenether-1.3.2-1.19.2.jar with languages [LanguageSpec[languageName=javafml, acceptedVersions=[42,)]]
[04Apr2026 15:23:58.675] [main/DEBUG] [net.minecraftforge.fml.loading.moddiscovery.ModFileParser/LOADING]: Considering mod file candidate /home/sylein/cisco-server/mods/carryon-forge-1.19.2-2.1.2.23.jar
[04Apr2026 15:23:58.676] [main/DEBUG] [net.minecraftforge.fml.loading.moddiscovery.ModFileInfo/LOADING]: Found valid mod file carryon-forge-1.19.2-2.1.2.23.jar with {carryon} mods - versions {2.1.2.23}
[04Apr2026 15:23:58.676] [main/DEBUG] [net.minecraftforge.fml.loading.moddiscovery.ModFile/LOADING]: Loading mod file /home/sylein/cisco-server/mods/carryon-forge-1.19.2-2.1.2.23.jar with languages [LanguageSpec[languageName=javafml, acceptedVersions=[43,)]]
[04Apr2026 15:23:58.676] [main/DEBUG] [net.minecraftforge.fml.loading.moddiscovery.ModFileParser/LOADING]: Considering mod file candidate /home/sylein/cisco-server/mods/melody_forge_1.0.1_MC_1.19.2.jar
[04Apr2026 15:23:58.677] [main/DEBUG] [net.minecraftforge.fml.loading.moddiscovery.ModFileInfo/LOADING]: Found valid mod file melody_forge_1.0.1_MC_1.19.2.jar with {melody} mods - versions {1.0.1}
[04Apr2026 15:23:58.677] [main/DEBUG] [net.minecraftforge.fml.loading.moddiscovery.ModFile/LOADING]: Loading mod file /home/sylein/cisco-server/mods/melody_forge_1.0.1_MC_1.19.2.jar with languages [LanguageSpec[languageName=javafml, acceptedVersions=[43,)]]
[04Apr2026 15:23:58.677] [main/DEBUG] [net.minecraftforge.fml.loading.moddiscovery.ModFileParser/LOADING]: Considering mod file candidate /home/sylein/cisco-server/mods/ftb-teams-forge-1902.2.14-build.123.jar
[04Apr2026 15:23:58.678] [main/DEBUG] [net.minecraftforge.fml.loading.moddiscovery.ModFileInfo/LOADING]: Found valid mod file ftb-teams-forge-1902.2.14-build.123.jar with {ftbteams} mods - versions {1902.2.14-build.123}
[04Apr2026 15:23:58.678] [main/DEBUG] [net.minecraftforge.fml.loading.moddiscovery.ModFile/LOADING]: Loading mod file /home/sylein/cisco-server/mods/ftb-teams-forge-1902.2.14-build.123.jar with languages [LanguageSpec[languageName=javafml, acceptedVersions=[43,)]]
[04Apr2026 15:23:58.678] [main/DEBUG] [net.minecraftforge.fml.loading.moddiscovery.ModFileParser/LOADING]: Considering mod file candidate /home/sylein/cisco-server/mods/dragonmounts-1.19.2-1.2.3-beta.jar
[04Apr2026 15:23:58.678] [main/DEBUG] [net.minecraftforge.fml.loading.moddiscovery.ModFileInfo/LOADING]: Found valid mod file dragonmounts-1.19.2-1.2.3-beta.jar with {dragonmounts} mods - versions {1.2.3-beta}
[04Apr2026 15:23:58.678] [main/DEBUG] [net.minecraftforge.fml.loading.moddiscovery.ModFile/LOADING]: Loading mod file /home/sylein/cisco-server/mods/dragonmounts-1.19.2-1.2.3-beta.jar with languages [LanguageSpec[languageName=javafml, acceptedVersions=[43,)]]
[04Apr2026 15:23:58.679] [main/DEBUG] [net.minecraftforge.fml.loading.moddiscovery.ModFileParser/LOADING]: Considering mod file candidate /home/sylein/cisco-server/mods/dummmmmmy-1.19.2-1.7.1.jar
[04Apr2026 15:23:58.679] [main/DEBUG] [net.minecraftforge.fml.loading.moddiscovery.ModFileInfo/LOADING]: Found valid mod file dummmmmmy-1.19.2-1.7.1.jar with {dummmmmmy} mods - versions {1.19.2-1.7.1}
[04Apr2026 15:23:58.680] [main/DEBUG] [net.minecraftforge.fml.loading.moddiscovery.ModFile/LOADING]: Loading mod file /home/sylein/cisco-server/mods/dummmmmmy-1.19.2-1.7.1.jar with languages [LanguageSpec[languageName=javafml, acceptedVersions=[40,)]]
[04Apr2026 15:23:58.680] [main/DEBUG] [net.minecraftforge.fml.loading.moddiscovery.ModFileParser/LOADING]: Considering mod file candidate /home/sylein/cisco-server/mods/twilightforest-1.19.2-4.2.1518-universal.jar
[04Apr2026 15:23:58.681] [main/DEBUG] [net.minecraftforge.fml.loading.moddiscovery.ModFileInfo/LOADING]: Found valid mod file twilightforest-1.19.2-4.2.1518-universal.jar with {twilightforest} mods - versions {4.2.1518}
[04Apr2026 15:23:58.682] [main/DEBUG] [net.minecraftforge.fml.loading.moddiscovery.ModFile/LOADING]: Loading mod file /home/sylein/cisco-server/mods/twilightforest-1.19.2-4.2.1518-universal.jar with languages [LanguageSpec[languageName=javafml, acceptedVersions=[43,)]]
[04Apr2026 15:23:58.683] [main/DEBUG] [net.minecraftforge.fml.loading.moddiscovery.ModFileParser/LOADING]: Found coremod seed with Javascript path META-INF/asm/seed.js
[04Apr2026 15:23:58.683] [main/DEBUG] [net.minecraftforge.fml.loading.moddiscovery.ModFileParser/LOADING]: Found coremod maprendercontext with Javascript path META-INF/asm/maprendercontext.js
[04Apr2026 15:23:58.683] [main/DEBUG] [net.minecraftforge.fml.loading.moddiscovery.ModFileParser/LOADING]: Found coremod music with Javascript path META-INF/asm/music.js
[04Apr2026 15:23:58.684] [main/DEBUG] [net.minecraftforge.fml.loading.moddiscovery.ModFileParser/LOADING]: Found coremod multipart with Javascript path META-INF/asm/multipart.js
[04Apr2026 15:23:58.684] [main/DEBUG] [net.minecraftforge.fml.loading.moddiscovery.ModFileParser/LOADING]: Found coremod foliage with Javascript path META-INF/asm/foliage.js
[04Apr2026 15:23:58.684] [main/DEBUG] [net.minecraftforge.fml.loading.moddiscovery.ModFileParser/LOADING]: Found coremod mount with Javascript path META-INF/asm/mount.js
[04Apr2026 15:23:58.684] [main/DEBUG] [net.minecraftforge.fml.loading.moddiscovery.ModFileParser/LOADING]: Found coremod book with Javascript path META-INF/asm/book.js
[04Apr2026 15:23:58.684] [main/DEBUG] [net.minecraftforge.fml.loading.moddiscovery.ModFile/LOADING]: Found coremod META-INF/asm/seed.js
[04Apr2026 15:23:58.684] [main/DEBUG] [net.minecraftforge.fml.loading.moddiscovery.ModFile/LOADING]: Found coremod META-INF/asm/maprendercontext.js
[04Apr2026 15:23:58.684] [main/DEBUG] [net.minecraftforge.fml.loading.moddiscovery.ModFile/LOADING]: Found coremod META-INF/asm/music.js
[04Apr2026 15:23:58.684] [main/DEBUG] [net.minecraftforge.fml.loading.moddiscovery.ModFile/LOADING]: Found coremod META-INF/asm/multipart.js
[04Apr2026 15:23:58.684] [main/DEBUG] [net.minecraftforge.fml.loading.moddiscovery.ModFile/LOADING]: Found coremod META-INF/asm/foliage.js
[04Apr2026 15:23:58.684] [main/DEBUG] [net.minecraftforge.fml.loading.moddiscovery.ModFile/LOADING]: Found coremod META-INF/asm/mount.js
[04Apr2026 15:23:58.684] [main/DEBUG] [net.minecraftforge.fml.loading.moddiscovery.ModFile/LOADING]: Found coremod META-INF/asm/book.js
[04Apr2026 15:23:58.684] [main/DEBUG] [net.minecraftforge.fml.loading.moddiscovery.ModFileParser/LOADING]: Considering mod file candidate /home/sylein/cisco-server/mods/konkrete_forge_1.8.0_MC_1.19-1.19.2.jar
[04Apr2026 15:23:58.685] [main/DEBUG] [net.minecraftforge.fml.loading.moddiscovery.ModFileInfo/LOADING]: Found valid mod file konkrete_forge_1.8.0_MC_1.19-1.19.2.jar with {konkrete} mods - versions {1.8.0}
[04Apr2026 15:23:58.685] [main/DEBUG] [net.minecraftforge.fml.loading.moddiscovery.ModFile/LOADING]: Loading mod file /home/sylein/cisco-server/mods/konkrete_forge_1.8.0_MC_1.19-1.19.2.jar with languages [LanguageSpec[languageName=javafml, acceptedVersions=[41,)]]
[04Apr2026 15:23:58.685] [main/DEBUG] [net.minecraftforge.fml.loading.moddiscovery.ModFileParser/LOADING]: Considering mod file candidate /home/sylein/cisco-server/mods/enemyexpansion-2.4.0-forge-1.19.2.jar
[04Apr2026 15:23:58.685] [main/DEBUG] [net.minecraftforge.fml.loading.moddiscovery.ModFileInfo/LOADING]: Found valid mod file enemyexpansion-2.4.0-forge-1.19.2.jar with {enemyexpansion} mods - versions {2.4.0}
[04Apr2026 15:23:58.685] [main/DEBUG] [net.minecraftforge.fml.loading.moddiscovery.ModFile/LOADING]: Loading mod file /home/sylein/cisco-server/mods/enemyexpansion-2.4.0-forge-1.19.2.jar with languages [LanguageSpec[languageName=javafml, acceptedVersions=[43,)]]
[04Apr2026 15:23:58.685] [main/DEBUG] [net.minecraftforge.fml.loading.moddiscovery.ModFileParser/LOADING]: Considering mod file candidate /home/sylein/cisco-server/mods/collection-of-singiro-1.19.x-1.1.4.jar
[04Apr2026 15:23:58.686] [main/DEBUG] [net.minecraftforge.fml.loading.moddiscovery.ModFileInfo/LOADING]: Found valid mod file collection-of-singiro-1.19.x-1.1.4.jar with {collectionofsingiro} mods - versions {1.0}
[04Apr2026 15:23:58.686] [main/DEBUG] [net.minecraftforge.fml.loading.moddiscovery.ModFile/LOADING]: Loading mod file /home/sylein/cisco-server/mods/collection-of-singiro-1.19.x-1.1.4.jar with languages [LanguageSpec[languageName=javafml, acceptedVersions=[40,)]]
[04Apr2026 15:23:58.686] [main/DEBUG] [net.minecraftforge.fml.loading.moddiscovery.ModFileParser/LOADING]: Considering mod file candidate /home/sylein/cisco-server/mods/FarmersDelight-1.19.2-1.2.4.jar
[04Apr2026 15:23:58.687] [main/DEBUG] [net.minecraftforge.fml.loading.moddiscovery.ModFileInfo/LOADING]: Found valid mod file FarmersDelight-1.19.2-1.2.4.jar with {farmersdelight} mods - versions {1.19.2-1.2.4}
[04Apr2026 15:23:58.687] [main/DEBUG] [net.minecraftforge.fml.loading.moddiscovery.ModFile/LOADING]: Loading mod file /home/sylein/cisco-server/mods/FarmersDelight-1.19.2-1.2.4.jar with languages [LanguageSpec[languageName=javafml, acceptedVersions=[41,)]]
[04Apr2026 15:23:58.687] [main/DEBUG] [net.minecraftforge.fml.loading.moddiscovery.ModFileParser/LOADING]: Considering mod file candidate /home/sylein/cisco-server/mods/getittogetherdrops-forge-1.19.2-1.3.jar
[04Apr2026 15:23:58.687] [main/DEBUG] [net.minecraftforge.fml.loading.moddiscovery.ModFileInfo/LOADING]: Found valid mod file getittogetherdrops-forge-1.19.2-1.3.jar with {getittogetherdrops} mods - versions {1.3}
[04Apr2026 15:23:58.687] [main/DEBUG] [net.minecraftforge.fml.loading.moddiscovery.ModFile/LOADING]: Loading mod file /home/sylein/cisco-server/mods/getittogetherdrops-forge-1.19.2-1.3.jar with languages [LanguageSpec[languageName=javafml, acceptedVersions=[41,)]]
[04Apr2026 15:23:58.687] [main/DEBUG] [net.minecraftforge.fml.loading.moddiscovery.ModFileParser/LOADING]: Considering mod file candidate /home/sylein/cisco-server/mods/endrem_forge-5.2.1-R-1.19.X.jar
[04Apr2026 15:23:58.688] [main/DEBUG] [net.minecraftforge.fml.loading.moddiscovery.ModFileInfo/LOADING]: Found valid mod file endrem_forge-5.2.1-R-1.19.X.jar with {endrem} mods - versions {5.2.1-R-1.19.2}
[04Apr2026 15:23:58.688] [main/DEBUG] [net.minecraftforge.fml.loading.moddiscovery.ModFile/LOADING]: Loading mod file /home/sylein/cisco-server/mods/endrem_forge-5.2.1-R-1.19.X.jar with languages [LanguageSpec[languageName=javafml, acceptedVersions=[41,)]]
[04Apr2026 15:23:58.688] [main/DEBUG] [net.minecraftforge.fml.loading.moddiscovery.ModFileParser/LOADING]: Considering mod file candidate /home/sylein/cisco-server/mods/LongNbtKiller-Forge-1.19.2-1.0.0.jar
[04Apr2026 15:23:58.688] [main/DEBUG] [net.minecraftforge.fml.loading.moddiscovery.ModFileInfo/LOADING]: Found valid mod file LongNbtKiller-Forge-1.19.2-1.0.0.jar with {longnbtkiller} mods - versions {1.0.0}
[04Apr2026 15:23:58.689] [main/DEBUG] [net.minecraftforge.fml.loading.moddiscovery.ModFile/LOADING]: Loading mod file /home/sylein/cisco-server/mods/LongNbtKiller-Forge-1.19.2-1.0.0.jar with languages [LanguageSpec[languageName=javafml, acceptedVersions=[41,)]]
[04Apr2026 15:23:58.689] [main/DEBUG] [net.minecraftforge.fml.loading.moddiscovery.ModFileParser/LOADING]: Considering mod file candidate /home/sylein/cisco-server/mods/dungeons_enhanced-1.19.2-4.1.jar
[04Apr2026 15:23:58.691] [main/DEBUG] [net.minecraftforge.fml.loading.moddiscovery.ModFileInfo/LOADING]: Found valid mod file dungeons_enhanced-1.19.2-4.1.jar with {dungeons_enhanced} mods - versions {4.1}
[04Apr2026 15:23:58.691] [main/DEBUG] [net.minecraftforge.fml.loading.moddiscovery.ModFile/LOADING]: Loading mod file /home/sylein/cisco-server/mods/dungeons_enhanced-1.19.2-4.1.jar with languages [LanguageSpec[languageName=javafml, acceptedVersions=[43,)]]
[04Apr2026 15:23:58.691] [main/DEBUG] [net.minecraftforge.fml.loading.moddiscovery.ModFileParser/LOADING]: Considering mod file candidate /home/sylein/cisco-server/mods/lionfishapi-1.8.jar
[04Apr2026 15:23:58.692] [main/DEBUG] [net.minecraftforge.fml.loading.moddiscovery.ModFileInfo/LOADING]: Found valid mod file lionfishapi-1.8.jar with {lionfishapi} mods - versions {1.8}
[04Apr2026 15:23:58.692] [main/DEBUG] [net.minecraftforge.fml.loading.moddiscovery.ModFile/LOADING]: Loading mod file /home/sylein/cisco-server/mods/lionfishapi-1.8.jar with languages [LanguageSpec[languageName=javafml, acceptedVersions=[43,)]]
[04Apr2026 15:23:58.692] [main/DEBUG] [net.minecraftforge.fml.loading.moddiscovery.ModFileParser/LOADING]: Considering mod file candidate /home/sylein/cisco-server/mods/L_Enders_Cataclysm-2.46-1.19.2.jar
[04Apr2026 15:23:58.693] [main/DEBUG] [net.minecraftforge.fml.loading.moddiscovery.ModFileInfo/LOADING]: Found valid mod file L_Enders_Cataclysm-2.46-1.19.2.jar with {cataclysm} mods - versions {2.46}
[04Apr2026 15:23:58.693] [main/DEBUG] [net.minecraftforge.fml.loading.moddiscovery.ModFile/LOADING]: Loading mod file /home/sylein/cisco-server/mods/L_Enders_Cataclysm-2.46-1.19.2.jar with languages [LanguageSpec[languageName=javafml, acceptedVersions=[43,)]]
[04Apr2026 15:23:58.693] [main/DEBUG] [net.minecraftforge.fml.loading.moddiscovery.ModFileParser/LOADING]: Considering mod file candidate /home/sylein/cisco-server/mods/memorysettings-1.19.2-5.4.jar
[04Apr2026 15:23:58.694] [main/DEBUG] [net.minecraftforge.fml.loading.moddiscovery.ModFileInfo/LOADING]: Found valid mod file memorysettings-1.19.2-5.4.jar with {memorysettings} mods - versions {1.19.2-5.4}
[04Apr2026 15:23:58.694] [main/DEBUG] [net.minecraftforge.fml.loading.moddiscovery.ModFile/LOADING]: Loading mod file /home/sylein/cisco-server/mods/memorysettings-1.19.2-5.4.jar with languages [LanguageSpec[languageName=javafml, acceptedVersions=[36,)]]
[04Apr2026 15:23:58.694] [main/DEBUG] [net.minecraftforge.fml.loading.moddiscovery.ModFileParser/LOADING]: Considering mod file candidate /home/sylein/cisco-server/mods/blockui-1.19.2-1.0.140-BETA.jar
[04Apr2026 15:23:58.694] [main/DEBUG] [net.minecraftforge.fml.loading.moddiscovery.ModFileInfo/LOADING]: Found valid mod file blockui-1.19.2-1.0.140-BETA.jar with {blockui} mods - versions {1.19.2-1.0.140-BETA}
[04Apr2026 15:23:58.694] [main/DEBUG] [net.minecraftforge.fml.loading.moddiscovery.ModFile/LOADING]: Loading mod file /home/sylein/cisco-server/mods/blockui-1.19.2-1.0.140-BETA.jar with languages [LanguageSpec[languageName=javafml, acceptedVersions=[43,)]]
[04Apr2026 15:23:58.695] [main/DEBUG] [net.minecraftforge.fml.loading.moddiscovery.ModFileParser/LOADING]: Considering mod file candidate /home/sylein/cisco-server/mods/Patchouli-1.19.2-77.jar
[04Apr2026 15:23:58.695] [main/DEBUG] [net.minecraftforge.fml.loading.moddiscovery.ModFileInfo/LOADING]: Found valid mod file Patchouli-1.19.2-77.jar with {patchouli} mods - versions {1.19.2-77}
[04Apr2026 15:23:58.695] [main/DEBUG] [net.minecraftforge.fml.loading.moddiscovery.ModFile/LOADING]: Loading mod file /home/sylein/cisco-server/mods/Patchouli-1.19.2-77.jar with languages [LanguageSpec[languageName=javafml, acceptedVersions=[43,)]]
[04Apr2026 15:23:58.695] [main/DEBUG] [net.minecraftforge.fml.loading.moddiscovery.ModFileParser/LOADING]: Considering mod file candidate /home/sylein/cisco-server/mods/origins-classes-forge-1.2.1.jar
[04Apr2026 15:23:58.695] [main/DEBUG] [net.minecraftforge.fml.loading.moddiscovery.ModFileInfo/LOADING]: Found valid mod file origins-classes-forge-1.2.1.jar with {origins_classes} mods - versions {1.2.1}
[04Apr2026 15:23:58.696] [main/DEBUG] [net.minecraftforge.fml.loading.moddiscovery.ModFile/LOADING]: Loading mod file /home/sylein/cisco-server/mods/origins-classes-forge-1.2.1.jar with languages [LanguageSpec[languageName=javafml, acceptedVersions=[40,)]]
[04Apr2026 15:23:58.696] [main/DEBUG] [net.minecraftforge.fml.loading.moddiscovery.ModFileParser/LOADING]: Considering mod file candidate /home/sylein/cisco-server/mods/DramaticDoors-QuiFabrge-1.19.2-3.2.7.jar
[04Apr2026 15:23:58.696] [main/DEBUG] [net.minecraftforge.fml.loading.moddiscovery.ModFileInfo/LOADING]: Found valid mod file DramaticDoors-QuiFabrge-1.19.2-3.2.7.jar with {dramaticdoors} mods - versions {1.19.2-3.2.7}
[04Apr2026 15:23:58.696] [main/DEBUG] [net.minecraftforge.fml.loading.moddiscovery.ModFile/LOADING]: Loading mod file /home/sylein/cisco-server/mods/DramaticDoors-QuiFabrge-1.19.2-3.2.7.jar with languages [LanguageSpec[languageName=javafml, acceptedVersions=[43,)]]
[04Apr2026 15:23:58.696] [main/DEBUG] [net.minecraftforge.fml.loading.moddiscovery.ModFileParser/LOADING]: Considering mod file candidate /home/sylein/cisco-server/mods/woodworks-1.19.2-2.2.2.jar
[04Apr2026 15:23:58.696] [main/DEBUG] [net.minecraftforge.fml.loading.moddiscovery.ModFileInfo/LOADING]: Found valid mod file woodworks-1.19.2-2.2.2.jar with {woodworks} mods - versions {2.2.2}
[04Apr2026 15:23:58.697] [main/DEBUG] [net.minecraftforge.fml.loading.moddiscovery.ModFile/LOADING]: Loading mod file /home/sylein/cisco-server/mods/woodworks-1.19.2-2.2.2.jar with languages [LanguageSpec[languageName=javafml, acceptedVersions=[32,)]]
[04Apr2026 15:23:58.697] [main/DEBUG] [net.minecraftforge.fml.loading.moddiscovery.ModFileParser/LOADING]: Considering mod file candidate /home/sylein/cisco-server/mods/BetterThirdPerson-Forge-1.19-1.9.0.jar
[04Apr2026 15:23:58.697] [main/DEBUG] [net.minecraftforge.fml.loading.moddiscovery.ModFileInfo/LOADING]: Found valid mod file BetterThirdPerson-Forge-1.19-1.9.0.jar with {betterthirdperson} mods - versions {1.9.0}
[04Apr2026 15:23:58.697] [main/DEBUG] [net.minecraftforge.fml.loading.moddiscovery.ModFile/LOADING]: Loading mod file /home/sylein/cisco-server/mods/BetterThirdPerson-Forge-1.19-1.9.0.jar with languages [LanguageSpec[languageName=javafml, acceptedVersions=[41,)]]
[04Apr2026 15:23:58.697] [main/DEBUG] [net.minecraftforge.fml.loading.moddiscovery.ModFileParser/LOADING]: Considering mod file candidate /home/sylein/cisco-server/mods/ftb-ultimine-forge-1902.4.2-build.14.jar
[04Apr2026 15:23:58.697] [main/DEBUG] [net.minecraftforge.fml.loading.moddiscovery.ModFileInfo/LOADING]: Found valid mod file ftb-ultimine-forge-1902.4.2-build.14.jar with {ftbultimine} mods - versions {1902.4.2-build.14}
[04Apr2026 15:23:58.697] [main/DEBUG] [net.minecraftforge.fml.loading.moddiscovery.ModFile/LOADING]: Loading mod file /home/sylein/cisco-server/mods/ftb-ultimine-forge-1902.4.2-build.14.jar with languages [LanguageSpec[languageName=javafml, acceptedVersions=[43,)]]
[04Apr2026 15:23:58.697] [main/DEBUG] [net.minecraftforge.fml.loading.moddiscovery.ModFileParser/LOADING]: Considering mod file candidate /home/sylein/cisco-server/mods/NightConfigFixes-v4.0.7-1.19.2-Forge.jar
[04Apr2026 15:23:58.698] [main/DEBUG] [net.minecraftforge.fml.loading.moddiscovery.ModFileInfo/LOADING]: Found valid mod file NightConfigFixes-v4.0.7-1.19.2-Forge.jar with {nightconfigfixes} mods - versions {4.0.7}
[04Apr2026 15:23:58.698] [main/DEBUG] [net.minecraftforge.fml.loading.moddiscovery.ModFile/LOADING]: Loading mod file /home/sylein/cisco-server/mods/NightConfigFixes-v4.0.7-1.19.2-Forge.jar with languages [LanguageSpec[languageName=javafml, acceptedVersions=[41,)]]
[04Apr2026 15:23:58.698] [main/DEBUG] [net.minecraftforge.fml.loading.moddiscovery.ModFileParser/LOADING]: Considering mod file candidate /home/sylein/cisco-server/mods/YungsBetterStrongholds-1.19.2-Forge-3.2.0.jar
[04Apr2026 15:23:58.698] [main/DEBUG] [net.minecraftforge.fml.loading.moddiscovery.ModFileInfo/LOADING]: Found valid mod file YungsBetterStrongholds-1.19.2-Forge-3.2.0.jar with {betterstrongholds} mods - versions {1.19.2-Forge-3.2.0}
[04Apr2026 15:23:58.698] [main/DEBUG] [net.minecraftforge.fml.loading.moddiscovery.ModFile/LOADING]: Loading mod file /home/sylein/cisco-server/mods/YungsBetterStrongholds-1.19.2-Forge-3.2.0.jar with languages [LanguageSpec[languageName=javafml, acceptedVersions=[43,)]]
[04Apr2026 15:23:58.698] [main/DEBUG] [net.minecraftforge.fml.loading.moddiscovery.ModFileParser/LOADING]: Considering mod file candidate /home/sylein/cisco-server/mods/EnigmaticLegacy-2.26.5.jar
[04Apr2026 15:23:58.698] [main/DEBUG] [net.minecraftforge.fml.loading.moddiscovery.ModFileInfo/LOADING]: Found valid mod file EnigmaticLegacy-2.26.5.jar with {enigmaticlegacy} mods - versions {2.26.5}
[04Apr2026 15:23:58.698] [main/DEBUG] [net.minecraftforge.fml.loading.moddiscovery.ModFile/LOADING]: Loading mod file /home/sylein/cisco-server/mods/EnigmaticLegacy-2.26.5.jar with languages [LanguageSpec[languageName=javafml, acceptedVersions=[31,)]]
[04Apr2026 15:23:58.698] [main/DEBUG] [net.minecraftforge.fml.loading.moddiscovery.ModFileParser/LOADING]: Considering mod file candidate /home/sylein/cisco-server/mods/architectury-6.6.92-forge.jar
[04Apr2026 15:23:58.699] [main/DEBUG] [net.minecraftforge.fml.loading.moddiscovery.ModFileInfo/LOADING]: Found valid mod file architectury-6.6.92-forge.jar with {architectury} mods - versions {6.6.92}
[04Apr2026 15:23:58.699] [main/DEBUG] [net.minecraftforge.fml.loading.moddiscovery.ModFile/LOADING]: Loading mod file /home/sylein/cisco-server/mods/architectury-6.6.92-forge.jar with languages [LanguageSpec[languageName=javafml, acceptedVersions=[43,)]]
[04Apr2026 15:23:58.699] [main/DEBUG] [net.minecraftforge.fml.loading.moddiscovery.ModFileParser/LOADING]: Considering mod file candidate /home/sylein/cisco-server/mods/deeperdarker-forge-1.19.2-1.2.2.jar
[04Apr2026 15:23:58.699] [main/DEBUG] [net.minecraftforge.fml.loading.moddiscovery.ModFileInfo/LOADING]: Found valid mod file deeperdarker-forge-1.19.2-1.2.2.jar with {deeperdarker} mods - versions {1.2.2}
[04Apr2026 15:23:58.699] [main/DEBUG] [net.minecraftforge.fml.loading.moddiscovery.ModFile/LOADING]: Loading mod file /home/sylein/cisco-server/mods/deeperdarker-forge-1.19.2-1.2.2.jar with languages [LanguageSpec[languageName=javafml, acceptedVersions=[43,44)]]
[04Apr2026 15:23:58.699] [main/DEBUG] [net.minecraftforge.fml.loading.moddiscovery.ModFileParser/LOADING]: Considering mod file candidate /home/sylein/cisco-server/mods/AI-Improvements-1.19.2-0.5.2.jar
[04Apr2026 15:23:58.699] [main/DEBUG] [net.minecraftforge.fml.loading.moddiscovery.ModFileInfo/LOADING]: Found valid mod file AI-Improvements-1.19.2-0.5.2.jar with {aiimprovements} mods - versions {0.5.2}
[04Apr2026 15:23:58.699] [main/DEBUG] [net.minecraftforge.fml.loading.moddiscovery.ModFile/LOADING]: Loading mod file /home/sylein/cisco-server/mods/AI-Improvements-1.19.2-0.5.2.jar with languages [LanguageSpec[languageName=javafml, acceptedVersions=[41,)]]
[04Apr2026 15:23:58.699] [main/DEBUG] [net.minecraftforge.fml.loading.moddiscovery.ModFileParser/LOADING]: Considering mod file candidate /home/sylein/cisco-server/mods/cupboard-1.19.2-2.6.jar
[04Apr2026 15:23:58.700] [main/DEBUG] [net.minecraftforge.fml.loading.moddiscovery.ModFileInfo/LOADING]: Found valid mod file cupboard-1.19.2-2.6.jar with {cupboard} mods - versions {1.19.2-2.6}
[04Apr2026 15:23:58.700] [main/DEBUG] [net.minecraftforge.fml.loading.moddiscovery.ModFile/LOADING]: Loading mod file /home/sylein/cisco-server/mods/cupboard-1.19.2-2.6.jar with languages [LanguageSpec[languageName=javafml, acceptedVersions=[36,)]]
[04Apr2026 15:23:58.700] [main/DEBUG] [net.minecraftforge.fml.loading.moddiscovery.ModFileParser/LOADING]: Considering mod file candidate /home/sylein/cisco-server/mods/smallships-forge-1.19.2-2.0.0-b1.3.1.jar
[04Apr2026 15:23:58.701] [main/DEBUG] [net.minecraftforge.fml.loading.moddiscovery.ModFileInfo/LOADING]: Found valid mod file smallships-forge-1.19.2-2.0.0-b1.3.1.jar with {smallships} mods - versions {2.0.0-b1.3.1}
[04Apr2026 15:23:58.701] [main/DEBUG] [net.minecraftforge.fml.loading.moddiscovery.ModFile/LOADING]: Loading mod file /home/sylein/cisco-server/mods/smallships-forge-1.19.2-2.0.0-b1.3.1.jar with languages [LanguageSpec[languageName=javafml, acceptedVersions=[41,)]]
[04Apr2026 15:23:58.701] [main/DEBUG] [net.minecraftforge.fml.loading.moddiscovery.ModFileParser/LOADING]: Considering mod file candidate /home/sylein/cisco-server/mods/letmedespawn-forge-1.3.2b.jar
[04Apr2026 15:23:58.701] [main/DEBUG] [net.minecraftforge.fml.loading.moddiscovery.ModFileInfo/LOADING]: Found valid mod file letmedespawn-forge-1.3.2b.jar with {letmedespawn} mods - versions {1.3.2b}
[04Apr2026 15:23:58.701] [main/DEBUG] [net.minecraftforge.fml.loading.moddiscovery.ModFile/LOADING]: Loading mod file /home/sylein/cisco-server/mods/letmedespawn-forge-1.3.2b.jar with languages [LanguageSpec[languageName=javafml, acceptedVersions=[43,)]]
[04Apr2026 15:23:58.701] [main/DEBUG] [net.minecraftforge.fml.loading.moddiscovery.ModFileParser/LOADING]: Considering mod file candidate /home/sylein/cisco-server/mods/Towns-and-Towers-v.1.10-_FORGE-1.19.2_.jar
[04Apr2026 15:23:58.701] [main/DEBUG] [net.minecraftforge.fml.loading.moddiscovery.ModFileInfo/LOADING]: Found valid mod file Towns-and-Towers-v.1.10-_FORGE-1.19.2_.jar with {t_and_t} mods - versions {1.10}
[04Apr2026 15:23:58.702] [main/DEBUG] [net.minecraftforge.fml.loading.moddiscovery.ModFile/LOADING]: Loading mod file /home/sylein/cisco-server/mods/Towns-and-Towers-v.1.10-_FORGE-1.19.2_.jar with languages [LanguageSpec[languageName=javafml, acceptedVersions=[43,)]]
[04Apr2026 15:23:58.702] [main/DEBUG] [net.minecraftforge.fml.loading.moddiscovery.ModFileParser/LOADING]: Considering mod file candidate /home/sylein/cisco-server/mods/toomanyglyphs-1.19.2-2.2.376.1564.jar
[04Apr2026 15:23:58.702] [main/DEBUG] [net.minecraftforge.fml.loading.moddiscovery.ModFileInfo/LOADING]: Found valid mod file toomanyglyphs-1.19.2-2.2.376.1564.jar with {toomanyglyphs} mods - versions {2.2.376.1564}
[04Apr2026 15:23:58.702] [main/DEBUG] [net.minecraftforge.fml.loading.moddiscovery.ModFile/LOADING]: Loading mod file /home/sylein/cisco-server/mods/toomanyglyphs-1.19.2-2.2.376.1564.jar with languages [LanguageSpec[languageName=javafml, acceptedVersions=[39,)]]
[04Apr2026 15:23:58.702] [main/DEBUG] [net.minecraftforge.fml.loading.moddiscovery.ModFileParser/LOADING]: Considering mod file candidate /home/sylein/cisco-server/mods/yeetusexperimentus-1.0.1-build.2+mc1.19.1.jar
[04Apr2026 15:23:58.702] [main/DEBUG] [net.minecraftforge.fml.loading.moddiscovery.ModFileInfo/LOADING]: Found valid mod file yeetusexperimentus-1.0.1-build.2+mc1.19.1.jar with {yeetusexperimentus} mods - versions {1.0.1-build.2+mc1.19.1}
[04Apr2026 15:23:58.703] [main/DEBUG] [net.minecraftforge.fml.loading.moddiscovery.ModFile/LOADING]: Loading mod file /home/sylein/cisco-server/mods/yeetusexperimentus-1.0.1-build.2+mc1.19.1.jar with languages [LanguageSpec[languageName=javafml, acceptedVersions=[42,)]]
[04Apr2026 15:23:58.703] [main/DEBUG] [net.minecraftforge.fml.loading.moddiscovery.ModFileParser/LOADING]: Considering mod file candidate /home/sylein/cisco-server/mods/dreadsteel-1.19.2-1.1.6.jar
[04Apr2026 15:23:58.703] [main/DEBUG] [net.minecraftforge.fml.loading.moddiscovery.ModFileInfo/LOADING]: Found valid mod file dreadsteel-1.19.2-1.1.6.jar with {dreadsteel} mods - versions {1.19.2-1.1.6}
[04Apr2026 15:23:58.703] [main/DEBUG] [net.minecraftforge.fml.loading.moddiscovery.ModFile/LOADING]: Loading mod file /home/sylein/cisco-server/mods/dreadsteel-1.19.2-1.1.6.jar with languages [LanguageSpec[languageName=javafml, acceptedVersions=[43,)]]
[04Apr2026 15:23:58.703] [main/DEBUG] [net.minecraftforge.fml.loading.moddiscovery.ModFileParser/LOADING]: Considering mod file candidate /home/sylein/cisco-server/mods/BetterAdvancements-1.19.2-0.2.2.142.jar
[04Apr2026 15:23:58.704] [main/DEBUG] [net.minecraftforge.fml.loading.moddiscovery.ModFileInfo/LOADING]: Found valid mod file BetterAdvancements-1.19.2-0.2.2.142.jar with {betteradvancements} mods - versions {0.2.2.142}
[04Apr2026 15:23:58.704] [main/DEBUG] [net.minecraftforge.fml.loading.moddiscovery.ModFile/LOADING]: Loading mod file /home/sylein/cisco-server/mods/BetterAdvancements-1.19.2-0.2.2.142.jar with languages [LanguageSpec[languageName=javafml, acceptedVersions=[43,)]]
[04Apr2026 15:23:58.704] [main/DEBUG] [net.minecraftforge.fml.loading.moddiscovery.ModFileParser/LOADING]: Considering mod file candidate /home/sylein/cisco-server/mods/majruszs-accessories-forge-1.19.2-1.5.2-backport.2.jar
[04Apr2026 15:23:58.704] [main/DEBUG] [net.minecraftforge.fml.loading.moddiscovery.ModFileInfo/LOADING]: Found valid mod file majruszs-accessories-forge-1.19.2-1.5.2-backport.2.jar with {majruszsaccessories} mods - versions {1.5.2-backport.2}
[04Apr2026 15:23:58.705] [main/DEBUG] [net.minecraftforge.fml.loading.moddiscovery.ModFile/LOADING]: Loading mod file /home/sylein/cisco-server/mods/majruszs-accessories-forge-1.19.2-1.5.2-backport.2.jar with languages [LanguageSpec[languageName=javafml, acceptedVersions=[43,)]]
[04Apr2026 15:23:58.705] [main/DEBUG] [net.minecraftforge.fml.loading.moddiscovery.ModFileParser/LOADING]: Considering mod file candidate /home/sylein/cisco-server/mods/BHMenu-Forge-1.19.2-2.4.2.jar
[04Apr2026 15:23:58.705] [main/DEBUG] [net.minecraftforge.fml.loading.moddiscovery.ModFileInfo/LOADING]: Found valid mod file BHMenu-Forge-1.19.2-2.4.2.jar with {bhmenu} mods - versions {2.4.2}
[04Apr2026 15:23:58.705] [main/DEBUG] [net.minecraftforge.fml.loading.moddiscovery.ModFile/LOADING]: Loading mod file /home/sylein/cisco-server/mods/BHMenu-Forge-1.19.2-2.4.2.jar with languages [LanguageSpec[languageName=javafml, acceptedVersions=[43,)]]
[04Apr2026 15:23:58.705] [main/DEBUG] [net.minecraftforge.fml.loading.moddiscovery.ModFileParser/LOADING]: Considering mod file candidate /home/sylein/cisco-server/mods/rhino-forge-1902.2.3-build.284.jar
[04Apr2026 15:23:58.706] [main/DEBUG] [net.minecraftforge.fml.loading.moddiscovery.ModFileInfo/LOADING]: Found valid mod file rhino-forge-1902.2.3-build.284.jar with {rhino} mods - versions {1902.2.3-build.284}
[04Apr2026 15:23:58.706] [main/DEBUG] [net.minecraftforge.fml.loading.moddiscovery.ModFile/LOADING]: Loading mod file /home/sylein/cisco-server/mods/rhino-forge-1902.2.3-build.284.jar with languages [LanguageSpec[languageName=javafml, acceptedVersions=[38,)]]
[04Apr2026 15:23:58.706] [main/DEBUG] [net.minecraftforge.fml.loading.moddiscovery.ModFileParser/LOADING]: Considering mod file candidate /home/sylein/cisco-server/mods/awesomedungeonend-forge-1.19.2-3.1.1.jar
[04Apr2026 15:23:58.706] [main/DEBUG] [net.minecraftforge.fml.loading.moddiscovery.ModFileInfo/LOADING]: Found valid mod file awesomedungeonend-forge-1.19.2-3.1.1.jar with {awesomedungeonend} mods - versions {3.1.1}
[04Apr2026 15:23:58.706] [main/DEBUG] [net.minecraftforge.fml.loading.moddiscovery.ModFile/LOADING]: Loading mod file /home/sylein/cisco-server/mods/awesomedungeonend-forge-1.19.2-3.1.1.jar with languages [LanguageSpec[languageName=javafml, acceptedVersions=[43,)]]
[04Apr2026 15:23:58.706] [main/DEBUG] [net.minecraftforge.fml.loading.moddiscovery.ModFileParser/LOADING]: Considering mod file candidate /home/sylein/cisco-server/mods/octolib-1.19.2-0.3.jar
[04Apr2026 15:23:58.706] [main/DEBUG] [net.minecraftforge.fml.loading.moddiscovery.ModFileInfo/LOADING]: Found valid mod file octolib-1.19.2-0.3.jar with {octolib} mods - versions {0.3}
[04Apr2026 15:23:58.706] [main/DEBUG] [net.minecraftforge.fml.loading.moddiscovery.ModFile/LOADING]: Loading mod file /home/sylein/cisco-server/mods/octolib-1.19.2-0.3.jar with languages [LanguageSpec[languageName=javafml, acceptedVersions=[43,)]]
[04Apr2026 15:23:58.706] [main/DEBUG] [net.minecraftforge.fml.loading.moddiscovery.ModFileParser/LOADING]: Considering mod file candidate /home/sylein/cisco-server/mods/item-filters-forge-1902.2.9-build.51.jar
[04Apr2026 15:23:58.707] [main/DEBUG] [net.minecraftforge.fml.loading.moddiscovery.ModFileInfo/LOADING]: Found valid mod file item-filters-forge-1902.2.9-build.51.jar with {itemfilters} mods - versions {1902.2.9-build.51}
[04Apr2026 15:23:58.707] [main/DEBUG] [net.minecraftforge.fml.loading.moddiscovery.ModFile/LOADING]: Loading mod file /home/sylein/cisco-server/mods/item-filters-forge-1902.2.9-build.51.jar with languages [LanguageSpec[languageName=javafml, acceptedVersions=[43,)]]
[04Apr2026 15:23:58.707] [main/DEBUG] [net.minecraftforge.fml.loading.moddiscovery.ModFileParser/LOADING]: Considering mod file candidate /home/sylein/cisco-server/mods/SimpleRPC-4.0.4.jar
[04Apr2026 15:23:58.707] [main/DEBUG] [net.minecraftforge.fml.loading.moddiscovery.ModFileInfo/LOADING]: Found valid mod file SimpleRPC-4.0.4.jar with {simplerpc} mods - versions {4.0.4}
[04Apr2026 15:23:58.707] [main/DEBUG] [net.minecraftforge.fml.loading.moddiscovery.ModFile/LOADING]: Loading mod file /home/sylein/cisco-server/mods/SimpleRPC-4.0.4.jar with languages [LanguageSpec[languageName=javafml, acceptedVersions=[1,)]]
[04Apr2026 15:23:58.707] [main/DEBUG] [net.minecraftforge.fml.loading.moddiscovery.ModFileParser/LOADING]: Considering mod file candidate /home/sylein/cisco-server/mods/obscure_api-15.jar
[04Apr2026 15:23:58.707] [main/DEBUG] [net.minecraftforge.fml.loading.moddiscovery.ModFileInfo/LOADING]: Found valid mod file obscure_api-15.jar with {obscure_api} mods - versions {15}
[04Apr2026 15:23:58.707] [main/DEBUG] [net.minecraftforge.fml.loading.moddiscovery.ModFile/LOADING]: Loading mod file /home/sylein/cisco-server/mods/obscure_api-15.jar with languages [LanguageSpec[languageName=javafml, acceptedVersions=[43,)]]
[04Apr2026 15:23:58.707] [main/DEBUG] [net.minecraftforge.fml.loading.moddiscovery.ModFileParser/LOADING]: Considering mod file candidate /home/sylein/cisco-server/mods/Structory_Towers_1.19.3_v1.0.2.jar
[04Apr2026 15:23:58.708] [main/DEBUG] [net.minecraftforge.fml.loading.moddiscovery.ModFileInfo/LOADING]: Found valid mod file Structory_Towers_1.19.3_v1.0.2.jar with {structorytowers} mods - versions {1.0.2}
[04Apr2026 15:23:58.708] [main/DEBUG] [net.minecraftforge.fml.loading.moddiscovery.ModFile/LOADING]: Loading mod file /home/sylein/cisco-server/mods/Structory_Towers_1.19.3_v1.0.2.jar with languages [LanguageSpec[languageName=javafml, acceptedVersions=[40,)]]
[04Apr2026 15:23:58.708] [main/DEBUG] [net.minecraftforge.fml.loading.moddiscovery.ModFileParser/LOADING]: Considering mod file candidate /home/sylein/cisco-server/mods/waystones-forge-1.19.2-11.4.2.jar
[04Apr2026 15:23:58.708] [main/DEBUG] [net.minecraftforge.fml.loading.moddiscovery.ModFileInfo/LOADING]: Found valid mod file waystones-forge-1.19.2-11.4.2.jar with {waystones} mods - versions {11.4.2}
[04Apr2026 15:23:58.708] [main/DEBUG] [net.minecraftforge.fml.loading.moddiscovery.ModFile/LOADING]: Loading mod file /home/sylein/cisco-server/mods/waystones-forge-1.19.2-11.4.2.jar with languages [LanguageSpec[languageName=javafml, acceptedVersions=[41,)]]
[04Apr2026 15:23:58.708] [main/DEBUG] [net.minecraftforge.fml.loading.moddiscovery.ModFileParser/LOADING]: Considering mod file candidate /home/sylein/cisco-server/mods/fantasyfurniture-1.19.2-6.7.0.jar
[04Apr2026 15:23:58.709] [main/DEBUG] [net.minecraftforge.fml.loading.moddiscovery.ModFileInfo/LOADING]: Found valid mod file fantasyfurniture-1.19.2-6.7.0.jar with {fantasyfurniture} mods - versions {6.7.0}
[04Apr2026 15:23:58.709] [main/DEBUG] [net.minecraftforge.fml.loading.moddiscovery.ModFile/LOADING]: Loading mod file /home/sylein/cisco-server/mods/fantasyfurniture-1.19.2-6.7.0.jar with languages [LanguageSpec[languageName=javafml, acceptedVersions=[43,)]]
[04Apr2026 15:23:58.709] [main/DEBUG] [net.minecraftforge.fml.loading.moddiscovery.ModFileParser/LOADING]: Considering mod file candidate /home/sylein/cisco-server/mods/Clumps-forge-1.19.2-9.0.0+14.jar
[04Apr2026 15:23:58.709] [main/DEBUG] [net.minecraftforge.fml.loading.moddiscovery.ModFileInfo/LOADING]: Found valid mod file Clumps-forge-1.19.2-9.0.0+14.jar with {clumps} mods - versions {9.0.0+14}
[04Apr2026 15:23:58.709] [main/DEBUG] [net.minecraftforge.fml.loading.moddiscovery.ModFile/LOADING]: Loading mod file /home/sylein/cisco-server/mods/Clumps-forge-1.19.2-9.0.0+14.jar with languages [LanguageSpec[languageName=javafml, acceptedVersions=[41,)]]
[04Apr2026 15:23:58.709] [main/DEBUG] [net.minecraftforge.fml.loading.moddiscovery.ModFileParser/LOADING]: Considering mod file candidate /home/sylein/cisco-server/mods/Structory_1.19.3_v1.3.1a.jar
[04Apr2026 15:23:58.710] [main/DEBUG] [net.minecraftforge.fml.loading.moddiscovery.ModFileInfo/LOADING]: Found valid mod file Structory_1.19.3_v1.3.1a.jar with {structory} mods - versions {1.3.1a}
[04Apr2026 15:23:58.710] [main/DEBUG] [net.minecraftforge.fml.loading.moddiscovery.ModFile/LOADING]: Loading mod file /home/sylein/cisco-server/mods/Structory_1.19.3_v1.3.1a.jar with languages [LanguageSpec[languageName=javafml, acceptedVersions=[40,)]]
[04Apr2026 15:23:58.710] [main/DEBUG] [net.minecraftforge.fml.loading.moddiscovery.ModFileParser/LOADING]: Considering mod file candidate /home/sylein/cisco-server/mods/comforts-forge-6.0.7+1.19.2.jar
[04Apr2026 15:23:58.710] [main/DEBUG] [net.minecraftforge.fml.loading.moddiscovery.ModFileInfo/LOADING]: Found valid mod file comforts-forge-6.0.7+1.19.2.jar with {comforts} mods - versions {6.0.7+1.19.2}
[04Apr2026 15:23:58.710] [main/DEBUG] [net.minecraftforge.fml.loading.moddiscovery.ModFile/LOADING]: Loading mod file /home/sylein/cisco-server/mods/comforts-forge-6.0.7+1.19.2.jar with languages [LanguageSpec[languageName=javafml, acceptedVersions=[41,)]]
[04Apr2026 15:23:58.710] [main/DEBUG] [net.minecraftforge.fml.loading.moddiscovery.ModFileParser/LOADING]: Considering mod file candidate /home/sylein/cisco-server/mods/Decorative Blocks-forge-1.19.2-3.0.0.jar
[04Apr2026 15:23:58.711] [main/DEBUG] [net.minecraftforge.fml.loading.moddiscovery.ModFileInfo/LOADING]: Found valid mod file Decorative Blocks-forge-1.19.2-3.0.0.jar with {decorative_blocks} mods - versions {3.0.0}
[04Apr2026 15:23:58.711] [main/DEBUG] [net.minecraftforge.fml.loading.moddiscovery.ModFile/LOADING]: Loading mod file /home/sylein/cisco-server/mods/Decorative Blocks-forge-1.19.2-3.0.0.jar with languages [LanguageSpec[languageName=javafml, acceptedVersions=[41,)]]
[04Apr2026 15:23:58.711] [main/DEBUG] [net.minecraftforge.fml.loading.moddiscovery.ModFileParser/LOADING]: Considering mod file candidate /home/sylein/cisco-server/mods/enigmaticaddons-1.19.2-1.2.2.jar
[04Apr2026 15:23:58.711] [main/DEBUG] [net.minecraftforge.fml.loading.moddiscovery.ModFileInfo/LOADING]: Found valid mod file enigmaticaddons-1.19.2-1.2.2.jar with {enigmaticaddons} mods - versions {1.19.2-1.2.2}
[04Apr2026 15:23:58.711] [main/DEBUG] [net.minecraftforge.fml.loading.moddiscovery.ModFile/LOADING]: Loading mod file /home/sylein/cisco-server/mods/enigmaticaddons-1.19.2-1.2.2.jar with languages [LanguageSpec[languageName=javafml, acceptedVersions=[43,)]]
[04Apr2026 15:23:58.711] [main/DEBUG] [net.minecraftforge.fml.loading.moddiscovery.ModFileParser/LOADING]: Considering mod file candidate /home/sylein/cisco-server/mods/MyServerIsCompatible-1.19-1.0.jar
[04Apr2026 15:23:58.712] [main/DEBUG] [net.minecraftforge.fml.loading.moddiscovery.ModFileInfo/LOADING]: Found valid mod file MyServerIsCompatible-1.19-1.0.jar with {myserveriscompatible} mods - versions {1.0}
[04Apr2026 15:23:58.712] [main/DEBUG] [net.minecraftforge.fml.loading.moddiscovery.ModFile/LOADING]: Loading mod file /home/sylein/cisco-server/mods/MyServerIsCompatible-1.19-1.0.jar with languages [LanguageSpec[languageName=javafml, acceptedVersions=[41,)]]
[04Apr2026 15:23:58.712] [main/DEBUG] [net.minecraftforge.fml.loading.moddiscovery.ModFileParser/LOADING]: Considering mod file candidate /home/sylein/cisco-server/mods/DungeonCrawl-1.19-2.3.12.jar
[04Apr2026 15:23:58.712] [main/DEBUG] [net.minecraftforge.fml.loading.moddiscovery.ModFileInfo/LOADING]: Found valid mod file DungeonCrawl-1.19-2.3.12.jar with {dungeoncrawl} mods - versions {2.3.12}
[04Apr2026 15:23:58.712] [main/DEBUG] [net.minecraftforge.fml.loading.moddiscovery.ModFile/LOADING]: Loading mod file /home/sylein/cisco-server/mods/DungeonCrawl-1.19-2.3.12.jar with languages [LanguageSpec[languageName=javafml, acceptedVersions=[41,)]]
[04Apr2026 15:23:58.712] [main/DEBUG] [net.minecraftforge.fml.loading.moddiscovery.ModFileParser/LOADING]: Considering mod file candidate /home/sylein/cisco-server/mods/BadMobs-1.19.2-16.1.3.jar
[04Apr2026 15:23:58.713] [main/DEBUG] [net.minecraftforge.fml.loading.moddiscovery.ModFileInfo/LOADING]: Found valid mod file BadMobs-1.19.2-16.1.3.jar with {badmobs} mods - versions {16.1.3}
[04Apr2026 15:23:58.713] [main/DEBUG] [net.minecraftforge.fml.loading.moddiscovery.ModFile/LOADING]: Loading mod file /home/sylein/cisco-server/mods/BadMobs-1.19.2-16.1.3.jar with languages [LanguageSpec[languageName=javafml, acceptedVersions=[43,]]]
[04Apr2026 15:23:58.713] [main/DEBUG] [net.minecraftforge.fml.loading.moddiscovery.ModFileParser/LOADING]: Considering mod file candidate /home/sylein/cisco-server/mods/knightlib-forge-1.19.2-1.2.0.jar
[04Apr2026 15:23:58.713] [main/DEBUG] [net.minecraftforge.fml.loading.moddiscovery.ModFileInfo/LOADING]: Found valid mod file knightlib-forge-1.19.2-1.2.0.jar with {knightlib} mods - versions {1.2.0}
[04Apr2026 15:23:58.713] [main/DEBUG] [net.minecraftforge.fml.loading.moddiscovery.ModFile/LOADING]: Loading mod file /home/sylein/cisco-server/mods/knightlib-forge-1.19.2-1.2.0.jar with languages [LanguageSpec[languageName=javafml, acceptedVersions=[43,)]]
[04Apr2026 15:23:58.714] [main/DEBUG] [net.minecraftforge.fml.loading.moddiscovery.ModFileParser/LOADING]: Considering mod file candidate /home/sylein/cisco-server/mods/lazydfu-1.19-1.0.2.jar
[04Apr2026 15:23:58.714] [main/DEBUG] [net.minecraftforge.fml.loading.moddiscovery.ModFileInfo/LOADING]: Found valid mod file lazydfu-1.19-1.0.2.jar with {lazydfu} mods - versions {0.1.3}
[04Apr2026 15:23:58.714] [main/DEBUG] [net.minecraftforge.fml.loading.moddiscovery.ModFile/LOADING]: Loading mod file /home/sylein/cisco-server/mods/lazydfu-1.19-1.0.2.jar with languages [LanguageSpec[languageName=javafml, acceptedVersions=[33,)]]
[04Apr2026 15:23:58.714] [main/DEBUG] [net.minecraftforge.fml.loading.moddiscovery.ModFileParser/LOADING]: Considering mod file candidate /home/sylein/cisco-server/mods/ExplorersCompass-1.19.2-1.3.0-forge.jar
[04Apr2026 15:23:58.714] [main/DEBUG] [net.minecraftforge.fml.loading.moddiscovery.ModFileInfo/LOADING]: Found valid mod file ExplorersCompass-1.19.2-1.3.0-forge.jar with {explorerscompass} mods - versions {1.19.2-1.3.0-forge}
[04Apr2026 15:23:58.714] [main/DEBUG] [net.minecraftforge.fml.loading.moddiscovery.ModFile/LOADING]: Loading mod file /home/sylein/cisco-server/mods/ExplorersCompass-1.19.2-1.3.0-forge.jar with languages [LanguageSpec[languageName=javafml, acceptedVersions=[43,)]]
[04Apr2026 15:23:58.714] [main/DEBUG] [net.minecraftforge.fml.loading.moddiscovery.ModFileParser/LOADING]: Considering mod file candidate /home/sylein/cisco-server/mods/YungsBetterDesertTemples-1.19.2-Forge-2.2.2.jar
[04Apr2026 15:23:58.715] [main/DEBUG] [net.minecraftforge.fml.loading.moddiscovery.ModFileInfo/LOADING]: Found valid mod file YungsBetterDesertTemples-1.19.2-Forge-2.2.2.jar with {betterdeserttemples} mods - versions {1.19.2-Forge-2.2.2}
[04Apr2026 15:23:58.715] [main/DEBUG] [net.minecraftforge.fml.loading.moddiscovery.ModFile/LOADING]: Loading mod file /home/sylein/cisco-server/mods/YungsBetterDesertTemples-1.19.2-Forge-2.2.2.jar with languages [LanguageSpec[languageName=javafml, acceptedVersions=[43,)]]
[04Apr2026 15:23:58.715] [main/DEBUG] [net.minecraftforge.fml.loading.moddiscovery.ModFileParser/LOADING]: Considering mod file candidate /home/sylein/cisco-server/mods/BOMD-Forge-1.19.2-1.0.6.jar
[04Apr2026 15:23:58.715] [main/DEBUG] [net.minecraftforge.fml.loading.moddiscovery.ModFileInfo/LOADING]: Found valid mod file BOMD-Forge-1.19.2-1.0.6.jar with {bosses_of_mass_destruction} mods - versions {1.0.6}
[04Apr2026 15:23:58.715] [main/DEBUG] [net.minecraftforge.fml.loading.moddiscovery.ModFile/LOADING]: Loading mod file /home/sylein/cisco-server/mods/BOMD-Forge-1.19.2-1.0.6.jar with languages [LanguageSpec[languageName=javafml, acceptedVersions=[43,)]]
[04Apr2026 15:23:58.715] [main/DEBUG] [net.minecraftforge.fml.loading.moddiscovery.ModFileParser/LOADING]: Considering mod file candidate /home/sylein/cisco-server/mods/blueprint-1.19.2-6.2.0.jar
[04Apr2026 15:23:58.716] [main/DEBUG] [net.minecraftforge.fml.loading.moddiscovery.ModFileInfo/LOADING]: Found valid mod file blueprint-1.19.2-6.2.0.jar with {blueprint} mods - versions {6.2.0}
[04Apr2026 15:23:58.716] [main/DEBUG] [net.minecraftforge.fml.loading.moddiscovery.ModFile/LOADING]: Loading mod file /home/sylein/cisco-server/mods/blueprint-1.19.2-6.2.0.jar with languages [LanguageSpec[languageName=javafml, acceptedVersions=[32,)]]
[04Apr2026 15:23:58.716] [main/DEBUG] [net.minecraftforge.fml.loading.moddiscovery.ModFileParser/LOADING]: Considering mod file candidate /home/sylein/cisco-server/mods/azurelib-forge-1.19.2-3.2.1.jar
[04Apr2026 15:23:58.716] [main/DEBUG] [net.minecraftforge.fml.loading.moddiscovery.ModFileInfo/LOADING]: Found valid mod file azurelib-forge-1.19.2-3.2.1.jar with {azurelib} mods - versions {3.2.1}
[04Apr2026 15:23:58.716] [main/DEBUG] [net.minecraftforge.fml.loading.moddiscovery.ModFile/LOADING]: Loading mod file /home/sylein/cisco-server/mods/azurelib-forge-1.19.2-3.2.1.jar with languages [LanguageSpec[languageName=javafml, acceptedVersions=[43,)]]
[04Apr2026 15:23:58.717] [main/DEBUG] [net.minecraftforge.fml.loading.moddiscovery.ModFileParser/LOADING]: Considering mod file candidate /home/sylein/cisco-server/mods/dungeons-and-taverns-2.0.2 forge.jar
[04Apr2026 15:23:58.718] [main/DEBUG] [net.minecraftforge.fml.loading.moddiscovery.ModFileInfo/LOADING]: Found valid mod file dungeons-and-taverns-2.0.2 forge.jar with {dungeons_andtaverns_mr} mods - versions {2.0.2}
[04Apr2026 15:23:58.718] [main/DEBUG] [net.minecraftforge.fml.loading.moddiscovery.ModFile/LOADING]: Loading mod file /home/sylein/cisco-server/mods/dungeons-and-taverns-2.0.2 forge.jar with languages [LanguageSpec[languageName=lowcodefml, acceptedVersions=[40,)]]
[04Apr2026 15:23:58.718] [main/DEBUG] [net.minecraftforge.fml.loading.moddiscovery.ModFileParser/LOADING]: Considering mod file candidate /home/sylein/cisco-server/mods/ftb-chunks-forge-1902.4.7-build.420.jar
[04Apr2026 15:23:58.718] [main/DEBUG] [net.minecraftforge.fml.loading.moddiscovery.ModFileInfo/LOADING]: Found valid mod file ftb-chunks-forge-1902.4.7-build.420.jar with {ftbchunks} mods - versions {1902.4.7-build.420}
[04Apr2026 15:23:58.718] [main/DEBUG] [net.minecraftforge.fml.loading.moddiscovery.ModFile/LOADING]: Loading mod file /home/sylein/cisco-server/mods/ftb-chunks-forge-1902.4.7-build.420.jar with languages [LanguageSpec[languageName=javafml, acceptedVersions=[43,)]]
[04Apr2026 15:23:58.718] [main/DEBUG] [net.minecraftforge.fml.loading.moddiscovery.ModFileParser/LOADING]: Considering mod file candidate /home/sylein/cisco-server/mods/TravelersTitles-1.19.2-Forge-3.1.2.jar
[04Apr2026 15:23:58.719] [main/DEBUG] [net.minecraftforge.fml.loading.moddiscovery.ModFileInfo/LOADING]: Found valid mod file TravelersTitles-1.19.2-Forge-3.1.2.jar with {travelerstitles} mods - versions {1.19.2-Forge-3.1.2}
[04Apr2026 15:23:58.719] [main/DEBUG] [net.minecraftforge.fml.loading.moddiscovery.ModFile/LOADING]: Loading mod file /home/sylein/cisco-server/mods/TravelersTitles-1.19.2-Forge-3.1.2.jar with languages [LanguageSpec[languageName=javafml, acceptedVersions=[43,)]]
[04Apr2026 15:23:58.719] [main/DEBUG] [net.minecraftforge.fml.loading.moddiscovery.ModFileParser/LOADING]: Considering mod file candidate /home/sylein/cisco-server/mods/toofast-1.19-0.2.2.4.jar
[04Apr2026 15:23:58.719] [main/DEBUG] [net.minecraftforge.fml.loading.moddiscovery.ModFileInfo/LOADING]: Found valid mod file toofast-1.19-0.2.2.4.jar with {toofast} mods - versions {0.2.2.4}
[04Apr2026 15:23:58.719] [main/DEBUG] [net.minecraftforge.fml.loading.moddiscovery.ModFile/LOADING]: Loading mod file /home/sylein/cisco-server/mods/toofast-1.19-0.2.2.4.jar with languages [LanguageSpec[languageName=javafml, acceptedVersions=[38,)]]
[04Apr2026 15:23:58.719] [main/DEBUG] [net.minecraftforge.fml.loading.moddiscovery.ModFileParser/LOADING]: Considering mod file candidate /home/sylein/cisco-server/mods/Raided-1.19.2-0.1.6.jar
[04Apr2026 15:23:58.719] [main/DEBUG] [net.minecraftforge.fml.loading.moddiscovery.ModFileInfo/LOADING]: Found valid mod file Raided-1.19.2-0.1.6.jar with {raided} mods - versions {0.1.6}
[04Apr2026 15:23:58.719] [main/DEBUG] [net.minecraftforge.fml.loading.moddiscovery.ModFile/LOADING]: Loading mod file /home/sylein/cisco-server/mods/Raided-1.19.2-0.1.6.jar with languages [LanguageSpec[languageName=javafml, acceptedVersions=[41,)]]
[04Apr2026 15:23:58.719] [main/DEBUG] [net.minecraftforge.fml.loading.moddiscovery.ModFileParser/LOADING]: Considering mod file candidate /home/sylein/cisco-server/mods/meetyourfight-1.19.2-1.3.4.jar
[04Apr2026 15:23:58.719] [main/DEBUG] [net.minecraftforge.fml.loading.moddiscovery.ModFileInfo/LOADING]: Found valid mod file meetyourfight-1.19.2-1.3.4.jar with {meetyourfight} mods - versions {1.19.2-1.3.4}
[04Apr2026 15:23:58.720] [main/DEBUG] [net.minecraftforge.fml.loading.moddiscovery.ModFile/LOADING]: Loading mod file /home/sylein/cisco-server/mods/meetyourfight-1.19.2-1.3.4.jar with languages [LanguageSpec[languageName=javafml, acceptedVersions=[42,)]]
[04Apr2026 15:23:58.720] [main/DEBUG] [net.minecraftforge.fml.loading.moddiscovery.ModFileParser/LOADING]: Considering mod file candidate /home/sylein/cisco-server/mods/EnchantmentDescriptions-Forge-1.19.2-13.0.14.jar
[04Apr2026 15:23:58.720] [main/DEBUG] [net.minecraftforge.fml.loading.moddiscovery.ModFileInfo/LOADING]: Found valid mod file EnchantmentDescriptions-Forge-1.19.2-13.0.14.jar with {enchdesc} mods - versions {13.0.14}
[04Apr2026 15:23:58.720] [main/DEBUG] [net.minecraftforge.fml.loading.moddiscovery.ModFile/LOADING]: Loading mod file /home/sylein/cisco-server/mods/EnchantmentDescriptions-Forge-1.19.2-13.0.14.jar with languages [LanguageSpec[languageName=javafml, acceptedVersions=[43,)]]
[04Apr2026 15:23:58.720] [main/DEBUG] [net.minecraftforge.fml.loading.moddiscovery.ModFileParser/LOADING]: Considering mod file candidate /home/sylein/cisco-server/mods/simplyswords-forge-1.47.0-1.19.2.jar
[04Apr2026 15:23:58.720] [main/DEBUG] [net.minecraftforge.fml.loading.moddiscovery.ModFileInfo/LOADING]: Found valid mod file simplyswords-forge-1.47.0-1.19.2.jar with {simplyswords} mods - versions {1.47.0-1.19.2}
[04Apr2026 15:23:58.720] [main/DEBUG] [net.minecraftforge.fml.loading.moddiscovery.ModFile/LOADING]: Loading mod file /home/sylein/cisco-server/mods/simplyswords-forge-1.47.0-1.19.2.jar with languages [LanguageSpec[languageName=javafml, acceptedVersions=[41,)]]
[04Apr2026 15:23:58.720] [main/DEBUG] [net.minecraftforge.fml.loading.moddiscovery.ModFileParser/LOADING]: Considering mod file candidate /home/sylein/cisco-server/mods/moonlight-1.19.2-2.3.7-forge.jar
[04Apr2026 15:23:58.721] [main/DEBUG] [net.minecraftforge.fml.loading.moddiscovery.ModFileInfo/LOADING]: Found valid mod file moonlight-1.19.2-2.3.7-forge.jar with {moonlight} mods - versions {1.19.2-2.3.7}
[04Apr2026 15:23:58.721] [main/DEBUG] [net.minecraftforge.fml.loading.moddiscovery.ModFile/LOADING]: Loading mod file /home/sylein/cisco-server/mods/moonlight-1.19.2-2.3.7-forge.jar with languages [LanguageSpec[languageName=javafml, acceptedVersions=[40,)]]
[04Apr2026 15:23:58.721] [main/DEBUG] [net.minecraftforge.fml.loading.moddiscovery.ModFileParser/LOADING]: Considering mod file candidate /home/sylein/cisco-server/mods/eccentrictome-1.19.2-1.10.2.jar
[04Apr2026 15:23:58.721] [main/DEBUG] [net.minecraftforge.fml.loading.moddiscovery.ModFileInfo/LOADING]: Found valid mod file eccentrictome-1.19.2-1.10.2.jar with {eccentrictome} mods - versions {1.19.2-1.10.2}
[04Apr2026 15:23:58.721] [main/DEBUG] [net.minecraftforge.fml.loading.moddiscovery.ModFile/LOADING]: Loading mod file /home/sylein/cisco-server/mods/eccentrictome-1.19.2-1.10.2.jar with languages [LanguageSpec[languageName=javafml, acceptedVersions=[43,)]]
[04Apr2026 15:23:58.721] [main/DEBUG] [net.minecraftforge.fml.loading.moddiscovery.ModFileParser/LOADING]: Considering mod file candidate /home/sylein/cisco-server/mods/ItemStages-Forge-1.19.2-5.1.4.jar
[04Apr2026 15:23:58.722] [main/DEBUG] [net.minecraftforge.fml.loading.moddiscovery.ModFileInfo/LOADING]: Found valid mod file ItemStages-Forge-1.19.2-5.1.4.jar with {itemstages} mods - versions {5.1.4}
[04Apr2026 15:23:58.722] [main/DEBUG] [net.minecraftforge.fml.loading.moddiscovery.ModFile/LOADING]: Loading mod file /home/sylein/cisco-server/mods/ItemStages-Forge-1.19.2-5.1.4.jar with languages [LanguageSpec[languageName=javafml, acceptedVersions=[43,]]]
[04Apr2026 15:23:58.722] [main/DEBUG] [net.minecraftforge.fml.loading.moddiscovery.ModFileParser/LOADING]: Considering mod file candidate /home/sylein/cisco-server/mods/Jade-1.19.1-forge-8.9.2.jar
[04Apr2026 15:23:58.722] [main/DEBUG] [net.minecraftforge.fml.loading.moddiscovery.ModFileInfo/LOADING]: Found valid mod file Jade-1.19.1-forge-8.9.2.jar with {jade} mods - versions {8.9.2}
[04Apr2026 15:23:58.722] [main/DEBUG] [net.minecraftforge.fml.loading.moddiscovery.ModFile/LOADING]: Loading mod file /home/sylein/cisco-server/mods/Jade-1.19.1-forge-8.9.2.jar with languages [LanguageSpec[languageName=javafml, acceptedVersions=[42,)]]
[04Apr2026 15:23:58.722] [main/DEBUG] [net.minecraftforge.fml.loading.moddiscovery.ModFileParser/LOADING]: Considering mod file candidate /home/sylein/cisco-server/mods/cisco_mod_9.5.jar
[04Apr2026 15:23:58.723] [main/DEBUG] [net.minecraftforge.fml.loading.moddiscovery.ModFileInfo/LOADING]: Found valid mod file cisco_mod_9.5.jar with {cisco_mod} mods - versions {5.7}
[04Apr2026 15:23:58.723] [main/DEBUG] [net.minecraftforge.fml.loading.moddiscovery.ModFile/LOADING]: Loading mod file /home/sylein/cisco-server/mods/cisco_mod_9.5.jar with languages [LanguageSpec[languageName=javafml, acceptedVersions=[43,)]]
[04Apr2026 15:23:58.723] [main/DEBUG] [net.minecraftforge.fml.loading.moddiscovery.ModFileParser/LOADING]: Considering mod file candidate /home/sylein/cisco-server/mods/CullLessLeaves-Reforged-1.0.5.jar
[04Apr2026 15:23:58.724] [main/DEBUG] [net.minecraftforge.fml.loading.moddiscovery.ModFileInfo/LOADING]: Found valid mod file CullLessLeaves-Reforged-1.0.5.jar with {culllessleaves} mods - versions {1.0.5}
[04Apr2026 15:23:58.724] [main/DEBUG] [net.minecraftforge.fml.loading.moddiscovery.ModFile/LOADING]: Loading mod file /home/sylein/cisco-server/mods/CullLessLeaves-Reforged-1.0.5.jar with languages [LanguageSpec[languageName=javafml, acceptedVersions=[43,)]]
[04Apr2026 15:23:58.724] [main/DEBUG] [net.minecraftforge.fml.loading.moddiscovery.ModFileParser/LOADING]: Considering mod file candidate /home/sylein/cisco-server/mods/HopoBetterRuinedPortals-[1.19-1.19.3]-1.3.3b.jar
[04Apr2026 15:23:58.724] [main/DEBUG] [net.minecraftforge.fml.loading.moddiscovery.ModFileInfo/LOADING]: Found valid mod file HopoBetterRuinedPortals-[1.19-1.19.3]-1.3.3b.jar with {hoporp} mods - versions {1.3.3}
[04Apr2026 15:23:58.724] [main/DEBUG] [net.minecraftforge.fml.loading.moddiscovery.ModFile/LOADING]: Loading mod file /home/sylein/cisco-server/mods/HopoBetterRuinedPortals-[1.19-1.19.3]-1.3.3b.jar with languages [LanguageSpec[languageName=javafml, acceptedVersions=[38,)]]
[04Apr2026 15:23:58.724] [main/DEBUG] [net.minecraftforge.fml.loading.moddiscovery.ModFileParser/LOADING]: Considering mod file candidate /home/sylein/cisco-server/mods/forbidden_arcanus-1.19.2-2.1.5.jar
[04Apr2026 15:23:58.725] [main/DEBUG] [net.minecraftforge.fml.loading.moddiscovery.ModFileInfo/LOADING]: Found valid mod file forbidden_arcanus-1.19.2-2.1.5.jar with {forbidden_arcanus} mods - versions {1.19.2-2.1.5}
[04Apr2026 15:23:58.725] [main/DEBUG] [net.minecraftforge.fml.loading.moddiscovery.ModFile/LOADING]: Loading mod file /home/sylein/cisco-server/mods/forbidden_arcanus-1.19.2-2.1.5.jar with languages [LanguageSpec[languageName=javafml, acceptedVersions=[43,)]]
[04Apr2026 15:23:58.725] [main/DEBUG] [net.minecraftforge.fml.loading.moddiscovery.ModFileParser/LOADING]: Considering mod file candidate /home/sylein/cisco-server/mods/NethersDelight-1.19-3.1.jar
[04Apr2026 15:23:58.725] [main/DEBUG] [net.minecraftforge.fml.loading.moddiscovery.ModFileInfo/LOADING]: Found valid mod file NethersDelight-1.19-3.1.jar with {nethersdelight} mods - versions {1.19-3.1}
[04Apr2026 15:23:58.726] [main/DEBUG] [net.minecraftforge.fml.loading.moddiscovery.ModFile/LOADING]: Loading mod file /home/sylein/cisco-server/mods/NethersDelight-1.19-3.1.jar with languages [LanguageSpec[languageName=javafml, acceptedVersions=[41,)]]
[04Apr2026 15:23:58.726] [main/DEBUG] [net.minecraftforge.fml.loading.moddiscovery.ModFileParser/LOADING]: Considering mod file candidate /home/sylein/cisco-server/mods/smoothboot(reloaded)-mc1.19.2-0.0.4.jar
[04Apr2026 15:23:58.726] [main/DEBUG] [net.minecraftforge.fml.loading.moddiscovery.ModFileInfo/LOADING]: Found valid mod file smoothboot(reloaded)-mc1.19.2-0.0.4.jar with {smoothboot} mods - versions {0.0.4}
[04Apr2026 15:23:58.726] [main/DEBUG] [net.minecraftforge.fml.loading.moddiscovery.ModFile/LOADING]: Loading mod file /home/sylein/cisco-server/mods/smoothboot(reloaded)-mc1.19.2-0.0.4.jar with languages [LanguageSpec[languageName=javafml, acceptedVersions=[43,)]]
[04Apr2026 15:23:58.726] [main/DEBUG] [net.minecraftforge.fml.loading.moddiscovery.ModFileParser/LOADING]: Considering mod file candidate /home/sylein/cisco-server/mods/PassiveSkillTree-1.19.2-BETA-0.6.14b-all.jar
[04Apr2026 15:23:58.727] [main/DEBUG] [net.minecraftforge.fml.loading.moddiscovery.ModFileInfo/LOADING]: Found valid mod file PassiveSkillTree-1.19.2-BETA-0.6.14b-all.jar with {skilltree} mods - versions {0.6.14b}
[04Apr2026 15:23:58.727] [main/DEBUG] [net.minecraftforge.fml.loading.moddiscovery.ModFile/LOADING]: Loading mod file /home/sylein/cisco-server/mods/PassiveSkillTree-1.19.2-BETA-0.6.14b-all.jar with languages [LanguageSpec[languageName=javafml, acceptedVersions=[43,)]]
[04Apr2026 15:23:58.727] [main/DEBUG] [net.minecraftforge.fml.loading.moddiscovery.ModFileParser/LOADING]: Considering mod file candidate /home/sylein/cisco-server/mods/atmospheric-1.19.2-5.1.2.jar
[04Apr2026 15:23:58.727] [main/DEBUG] [net.minecraftforge.fml.loading.moddiscovery.ModFileInfo/LOADING]: Found valid mod file atmospheric-1.19.2-5.1.2.jar with {atmospheric} mods - versions {5.1.2}
[04Apr2026 15:23:58.728] [main/DEBUG] [net.minecraftforge.fml.loading.moddiscovery.ModFile/LOADING]: Loading mod file /home/sylein/cisco-server/mods/atmospheric-1.19.2-5.1.2.jar with languages [LanguageSpec[languageName=javafml, acceptedVersions=[32,)]]
[04Apr2026 15:23:58.728] [main/DEBUG] [net.minecraftforge.fml.loading.moddiscovery.ModFileParser/LOADING]: Considering mod file candidate /home/sylein/cisco-server/mods/easy-villagers-forge-1.19.2-1.1.23.jar
[04Apr2026 15:23:58.728] [main/DEBUG] [net.minecraftforge.fml.loading.moddiscovery.ModFileInfo/LOADING]: Found valid mod file easy-villagers-forge-1.19.2-1.1.23.jar with {easy_villagers} mods - versions {1.19.2-1.1.23}
[04Apr2026 15:23:58.728] [main/DEBUG] [net.minecraftforge.fml.loading.moddiscovery.ModFile/LOADING]: Loading mod file /home/sylein/cisco-server/mods/easy-villagers-forge-1.19.2-1.1.23.jar with languages [LanguageSpec[languageName=javafml, acceptedVersions=*]]
[04Apr2026 15:23:58.728] [main/DEBUG] [net.minecraftforge.fml.loading.moddiscovery.ModFileParser/LOADING]: Considering mod file candidate /home/sylein/cisco-server/mods/Iceberg-1.19.2-forge-1.1.4.jar
[04Apr2026 15:23:58.729] [main/DEBUG] [net.minecraftforge.fml.loading.moddiscovery.ModFileInfo/LOADING]: Found valid mod file Iceberg-1.19.2-forge-1.1.4.jar with {iceberg} mods - versions {1.1.4}
[04Apr2026 15:23:58.729] [main/DEBUG] [net.minecraftforge.fml.loading.moddiscovery.ModFile/LOADING]: Loading mod file /home/sylein/cisco-server/mods/Iceberg-1.19.2-forge-1.1.4.jar with languages [LanguageSpec[languageName=javafml, acceptedVersions=[41,)]]
[04Apr2026 15:23:58.729] [main/DEBUG] [net.minecraftforge.fml.loading.moddiscovery.ModFileParser/LOADING]: Considering mod file candidate /home/sylein/cisco-server/mods/brutalbosses-1.19.2-6.8.jar
[04Apr2026 15:23:58.729] [main/DEBUG] [net.minecraftforge.fml.loading.moddiscovery.ModFileInfo/LOADING]: Found valid mod file brutalbosses-1.19.2-6.8.jar with {brutalbosses} mods - versions {1.19.2-6.8}
[04Apr2026 15:23:58.729] [main/DEBUG] [net.minecraftforge.fml.loading.moddiscovery.ModFile/LOADING]: Loading mod file /home/sylein/cisco-server/mods/brutalbosses-1.19.2-6.8.jar with languages [LanguageSpec[languageName=javafml, acceptedVersions=[36,)]]
[04Apr2026 15:23:58.729] [main/DEBUG] [net.minecraftforge.fml.loading.moddiscovery.ModFileParser/LOADING]: Considering mod file candidate /home/sylein/cisco-server/mods/Quark-3.4-418.jar
[04Apr2026 15:23:58.730] [main/DEBUG] [net.minecraftforge.fml.loading.moddiscovery.ModFileInfo/LOADING]: Found valid mod file Quark-3.4-418.jar with {quark} mods - versions {3.4-418}
[04Apr2026 15:23:58.730] [main/DEBUG] [net.minecraftforge.fml.loading.moddiscovery.ModFile/LOADING]: Loading mod file /home/sylein/cisco-server/mods/Quark-3.4-418.jar with languages [LanguageSpec[languageName=javafml, acceptedVersions=[41,)]]
[04Apr2026 15:23:58.730] [main/DEBUG] [net.minecraftforge.fml.loading.moddiscovery.ModFileParser/LOADING]: Considering mod file candidate /home/sylein/cisco-server/mods/ars_elemental-1.19.2-0.5.9.4.1.jar
[04Apr2026 15:23:58.730] [main/DEBUG] [net.minecraftforge.fml.loading.moddiscovery.ModFileInfo/LOADING]: Found valid mod file ars_elemental-1.19.2-0.5.9.4.1.jar with {ars_elemental} mods - versions {1.19.2-0.5.9.4.1}
[04Apr2026 15:23:58.731] [main/DEBUG] [net.minecraftforge.fml.loading.moddiscovery.ModFile/LOADING]: Loading mod file /home/sylein/cisco-server/mods/ars_elemental-1.19.2-0.5.9.4.1.jar with languages [LanguageSpec[languageName=javafml, acceptedVersions=[41,)]]
[04Apr2026 15:23:58.731] [main/DEBUG] [net.minecraftforge.fml.loading.moddiscovery.ModFileParser/LOADING]: Considering mod file candidate /home/sylein/cisco-server/mods/StorageDrawers-1.19.2-11.4.1.jar
[04Apr2026 15:23:58.731] [main/DEBUG] [net.minecraftforge.fml.loading.moddiscovery.ModFileInfo/LOADING]: Found valid mod file StorageDrawers-1.19.2-11.4.1.jar with {storagedrawers} mods - versions {11.4.1}
[04Apr2026 15:23:58.731] [main/DEBUG] [net.minecraftforge.fml.loading.moddiscovery.ModFile/LOADING]: Loading mod file /home/sylein/cisco-server/mods/StorageDrawers-1.19.2-11.4.1.jar with languages [LanguageSpec[languageName=javafml, acceptedVersions=[43,)]]
[04Apr2026 15:23:58.731] [main/DEBUG] [net.minecraftforge.fml.loading.moddiscovery.ModFileParser/LOADING]: Considering mod file candidate /home/sylein/cisco-server/mods/immersive_paintings-0.6.7+1.19.2-forge.jar
[04Apr2026 15:23:58.731] [main/DEBUG] [net.minecraftforge.fml.loading.moddiscovery.ModFileInfo/LOADING]: Found valid mod file immersive_paintings-0.6.7+1.19.2-forge.jar with {immersive_paintings} mods - versions {0.6.7+1.19.2}
[04Apr2026 15:23:58.731] [main/DEBUG] [net.minecraftforge.fml.loading.moddiscovery.ModFile/LOADING]: Loading mod file /home/sylein/cisco-server/mods/immersive_paintings-0.6.7+1.19.2-forge.jar with languages [LanguageSpec[languageName=javafml, acceptedVersions=[43,)]]
[04Apr2026 15:23:58.731] [main/DEBUG] [net.minecraftforge.fml.loading.moddiscovery.ModFileParser/LOADING]: Considering mod file candidate /home/sylein/cisco-server/mods/irons_spellbooks-1.19.2-3.4.0.jar
[04Apr2026 15:23:58.731] [main/DEBUG] [net.minecraftforge.fml.loading.moddiscovery.ModFileInfo/LOADING]: Found valid mod file irons_spellbooks-1.19.2-3.4.0.jar with {irons_spellbooks} mods - versions {1.19.2-3.4.0}
[04Apr2026 15:23:58.732] [main/DEBUG] [net.minecraftforge.fml.loading.moddiscovery.ModFile/LOADING]: Loading mod file /home/sylein/cisco-server/mods/irons_spellbooks-1.19.2-3.4.0.jar with languages [LanguageSpec[languageName=javafml, acceptedVersions=[43,)]]
[04Apr2026 15:23:58.732] [main/DEBUG] [net.minecraftforge.fml.loading.moddiscovery.ModFileParser/LOADING]: Considering mod file candidate /home/sylein/cisco-server/mods/doespotatotick-1.19.2-5.3.4.jar
[04Apr2026 15:23:58.732] [main/DEBUG] [net.minecraftforge.fml.loading.moddiscovery.ModFileInfo/LOADING]: Found valid mod file doespotatotick-1.19.2-5.3.4.jar with {doespotatotick} mods - versions {1.19.2-5.3.4}
[04Apr2026 15:23:58.732] [main/DEBUG] [net.minecraftforge.fml.loading.moddiscovery.ModFile/LOADING]: Loading mod file /home/sylein/cisco-server/mods/doespotatotick-1.19.2-5.3.4.jar with languages [LanguageSpec[languageName=javafml, acceptedVersions=[36,)]]
[04Apr2026 15:23:58.732] [main/DEBUG] [net.minecraftforge.fml.loading.moddiscovery.ModFileParser/LOADING]: Considering mod file candidate /home/sylein/cisco-server/mods/EndlessBiomes 1.4s - 1.19.2 (Server-friendly).jar
[04Apr2026 15:23:58.732] [main/DEBUG] [net.minecraftforge.fml.loading.moddiscovery.ModFileInfo/LOADING]: Found valid mod file EndlessBiomes 1.4s - 1.19.2 (Server-friendly).jar with {endlessbiomes} mods - versions {1.0.0}
[04Apr2026 15:23:58.732] [main/DEBUG] [net.minecraftforge.fml.loading.moddiscovery.ModFile/LOADING]: Loading mod file /home/sylein/cisco-server/mods/EndlessBiomes 1.4s - 1.19.2 (Server-friendly).jar with languages [LanguageSpec[languageName=javafml, acceptedVersions=[43,)]]
[04Apr2026 15:23:58.732] [main/DEBUG] [net.minecraftforge.fml.loading.moddiscovery.ModFileParser/LOADING]: Considering mod file candidate /home/sylein/cisco-server/mods/upgradedcore-1.19.2-4.1.0.1-release.jar
[04Apr2026 15:23:58.732] [main/DEBUG] [net.minecraftforge.fml.loading.moddiscovery.ModFileInfo/LOADING]: Found valid mod file upgradedcore-1.19.2-4.1.0.1-release.jar with {upgradedcore} mods - versions {1.19.2-4.1.0.1-release}
[04Apr2026 15:23:58.733] [main/DEBUG] [net.minecraftforge.fml.loading.moddiscovery.ModFile/LOADING]: Loading mod file /home/sylein/cisco-server/mods/upgradedcore-1.19.2-4.1.0.1-release.jar with languages [LanguageSpec[languageName=javafml, acceptedVersions=[43,)]]
[04Apr2026 15:23:58.733] [main/DEBUG] [net.minecraftforge.fml.loading.moddiscovery.ModFileParser/LOADING]: Considering mod file candidate /home/sylein/cisco-server/mods/minecolonies-1.19.2-1.1.516-BETA.jar
[04Apr2026 15:23:58.733] [main/DEBUG] [net.minecraftforge.fml.loading.moddiscovery.ModFileInfo/LOADING]: Found valid mod file minecolonies-1.19.2-1.1.516-BETA.jar with {minecolonies} mods - versions {1.19.2-1.1.516-BETA}
[04Apr2026 15:23:58.733] [main/DEBUG] [net.minecraftforge.fml.loading.moddiscovery.ModFile/LOADING]: Loading mod file /home/sylein/cisco-server/mods/minecolonies-1.19.2-1.1.516-BETA.jar with languages [LanguageSpec[languageName=javafml, acceptedVersions=[38,)]]
[04Apr2026 15:23:58.733] [main/DEBUG] [net.minecraftforge.fml.loading.moddiscovery.ModFileParser/LOADING]: Considering mod file candidate /home/sylein/cisco-server/mods/Wabi-Sabi-Structures-1.2.0-1.19-Forge.jar
[04Apr2026 15:23:58.734] [main/DEBUG] [net.minecraftforge.fml.loading.moddiscovery.ModFileInfo/LOADING]: Found valid mod file Wabi-Sabi-Structures-1.2.0-1.19-Forge.jar with {wabi_sabi_structures} mods - versions {1.2.0-1.19}
[04Apr2026 15:23:58.734] [main/DEBUG] [net.minecraftforge.fml.loading.moddiscovery.ModFile/LOADING]: Loading mod file /home/sylein/cisco-server/mods/Wabi-Sabi-Structures-1.2.0-1.19-Forge.jar with languages [LanguageSpec[languageName=javafml, acceptedVersions=[41,)]]
[04Apr2026 15:23:58.734] [main/DEBUG] [net.minecraftforge.fml.loading.moddiscovery.ModFileParser/LOADING]: Considering mod file candidate /home/sylein/cisco-server/mods/alexsdelight-1.4.1.jar
[04Apr2026 15:23:58.734] [main/DEBUG] [net.minecraftforge.fml.loading.moddiscovery.ModFileInfo/LOADING]: Found valid mod file alexsdelight-1.4.1.jar with {alexsdelight} mods - versions {1.4.1}
[04Apr2026 15:23:58.735] [main/DEBUG] [net.minecraftforge.fml.loading.moddiscovery.ModFile/LOADING]: Loading mod file /home/sylein/cisco-server/mods/alexsdelight-1.4.1.jar with languages [LanguageSpec[languageName=javafml, acceptedVersions=[43,)]]
[04Apr2026 15:23:58.735] [main/DEBUG] [net.minecraftforge.fml.loading.moddiscovery.ModFileParser/LOADING]: Considering mod file candidate /home/sylein/cisco-server/mods/ferritecore-5.0.3-forge.jar
[04Apr2026 15:23:58.735] [main/DEBUG] [net.minecraftforge.fml.loading.moddiscovery.ModFileInfo/LOADING]: Found valid mod file ferritecore-5.0.3-forge.jar with {ferritecore} mods - versions {5.0.3}
[04Apr2026 15:23:58.735] [main/DEBUG] [net.minecraftforge.fml.loading.moddiscovery.ModFile/LOADING]: Loading mod file /home/sylein/cisco-server/mods/ferritecore-5.0.3-forge.jar with languages [LanguageSpec[languageName=javafml, acceptedVersions=[28,)]]
[04Apr2026 15:23:58.735] [main/DEBUG] [net.minecraftforge.fml.loading.moddiscovery.ModFileParser/LOADING]: Considering mod file candidate 
[04Apr2026 15:23:58.735] [main/DEBUG] [net.minecraftforge.fml.loading.moddiscovery.ModFileInfo/LOADING]: Found valid mod file apexcore-1.19.2-7.3.1.jar with {apexcore} mods - versions {7.3.1}
[04Apr2026 15:23:58.736] [main/DEBUG] [net.minecraftforge.fml.loading.moddiscovery.ModFile/LOADING]: Loading mod file  with languages [LanguageSpec[languageName=javafml, acceptedVersions=[43,)]]
[04Apr2026 15:23:58.736] [main/DEBUG] [net.minecraftforge.fml.loading.moddiscovery.ModFileParser/LOADING]: Considering mod file candidate /home/sylein/cisco-server/mods/majruszs-enchantments-forge-1.19.2-1.10.7-backport.1.jar
[04Apr2026 15:23:58.736] [main/DEBUG] [net.minecraftforge.fml.loading.moddiscovery.ModFileInfo/LOADING]: Found valid mod file majruszs-enchantments-forge-1.19.2-1.10.7-backport.1.jar with {majruszsenchantments} mods - versions {1.10.7-backport.1}
[04Apr2026 15:23:58.736] [main/DEBUG] [net.minecraftforge.fml.loading.moddiscovery.ModFile/LOADING]: Loading mod file /home/sylein/cisco-server/mods/majruszs-enchantments-forge-1.19.2-1.10.7-backport.1.jar with languages [LanguageSpec[languageName=javafml, acceptedVersions=[43,)]]
[04Apr2026 15:23:58.736] [main/DEBUG] [net.minecraftforge.fml.loading.moddiscovery.ModFileParser/LOADING]: Considering mod file candidate /home/sylein/cisco-server/mods/BadOptimizations-2.1.4-1.19.1-19.2.jar
[04Apr2026 15:23:58.736] [main/DEBUG] [net.minecraftforge.fml.loading.moddiscovery.ModFileInfo/LOADING]: Found valid mod file BadOptimizations-2.1.4-1.19.1-19.2.jar with {badoptimizations} mods - versions {2.1.4}
[04Apr2026 15:23:58.737] [main/DEBUG] [net.minecraftforge.fml.loading.moddiscovery.ModFile/LOADING]: Loading mod file /home/sylein/cisco-server/mods/BadOptimizations-2.1.4-1.19.1-19.2.jar with languages [LanguageSpec[languageName=lowcodefml, acceptedVersions=[38,)]]
[04Apr2026 15:23:58.737] [main/DEBUG] [net.minecraftforge.fml.loading.moddiscovery.ModFileParser/LOADING]: Considering mod file candidate /home/sylein/cisco-server/mods/packetfixer-3.1.4-1.18-1.20.4-merged.jar
[04Apr2026 15:23:58.737] [main/DEBUG] [net.minecraftforge.fml.loading.moddiscovery.ModFileInfo/LOADING]: Found valid mod file packetfixer-3.1.4-1.18-1.20.4-merged.jar with {packetfixer} mods - versions {3.1.4}
[04Apr2026 15:23:58.737] [main/DEBUG] [net.minecraftforge.fml.loading.moddiscovery.ModFile/LOADING]: Loading mod file /home/sylein/cisco-server/mods/packetfixer-3.1.4-1.18-1.20.4-merged.jar with languages [LanguageSpec[languageName=javafml, acceptedVersions=[0,)]]
[04Apr2026 15:23:58.737] [main/DEBUG] [net.minecraftforge.fml.loading.moddiscovery.ModFileParser/LOADING]: Considering mod file candidate /home/sylein/cisco-server/mods/valhelsia_core-forge-1.19.2-0.5.0.jar
[04Apr2026 15:23:58.737] [main/DEBUG] [net.minecraftforge.fml.loading.moddiscovery.ModFileInfo/LOADING]: Found valid mod file valhelsia_core-forge-1.19.2-0.5.0.jar with {valhelsia_core} mods - versions {1.19.2-0.5.0}
[04Apr2026 15:23:58.738] [main/DEBUG] [net.minecraftforge.fml.loading.moddiscovery.ModFile/LOADING]: Loading mod file /home/sylein/cisco-server/mods/valhelsia_core-forge-1.19.2-0.5.0.jar with languages [LanguageSpec[languageName=javafml, acceptedVersions=[43,)]]
[04Apr2026 15:23:58.738] [main/DEBUG] [net.minecraftforge.fml.loading.moddiscovery.ModFileParser/LOADING]: Considering mod file candidate /home/sylein/cisco-server/mods/OverflowingBars-v4.0.1-1.19.2-Forge.jar
[04Apr2026 15:23:58.738] [main/DEBUG] [net.minecraftforge.fml.loading.moddiscovery.ModFileInfo/LOADING]: Found valid mod file OverflowingBars-v4.0.1-1.19.2-Forge.jar with {overflowingbars} mods - versions {4.0.1}
[04Apr2026 15:23:58.738] [main/DEBUG] [net.minecraftforge.fml.loading.moddiscovery.ModFile/LOADING]: Loading mod file /home/sylein/cisco-server/mods/OverflowingBars-v4.0.1-1.19.2-Forge.jar with languages [LanguageSpec[languageName=javafml, acceptedVersions=[43,)]]
[04Apr2026 15:23:58.738] [main/DEBUG] [net.minecraftforge.fml.loading.moddiscovery.ModFileParser/LOADING]: Considering mod file candidate /home/sylein/cisco-server/mods/UndeadUnleashed-1.1.1-1.19.2.jar
[04Apr2026 15:23:58.738] [main/DEBUG] [net.minecraftforge.fml.loading.moddiscovery.ModFileInfo/LOADING]: Found valid mod file UndeadUnleashed-1.1.1-1.19.2.jar with {undead_unleashed} mods - versions {1.1.0}
[04Apr2026 15:23:58.738] [main/DEBUG] [net.minecraftforge.fml.loading.moddiscovery.ModFile/LOADING]: Loading mod file /home/sylein/cisco-server/mods/UndeadUnleashed-1.1.1-1.19.2.jar with languages [LanguageSpec[languageName=javafml, acceptedVersions=[43,)]]
[04Apr2026 15:23:58.738] [main/DEBUG] [net.minecraftforge.fml.loading.moddiscovery.ModFile/LOADING]: Loading mod file  with languages []
[04Apr2026 15:23:58.738] [main/DEBUG] [net.minecraftforge.fml.loading.moddiscovery.ModFile/LOADING]: Loading mod file  with languages []
[04Apr2026 15:23:58.739] [main/DEBUG] [net.minecraftforge.fml.loading.moddiscovery.ModFile/LOADING]: Loading mod file  with languages []
[04Apr2026 15:23:58.739] [main/DEBUG] [net.minecraftforge.fml.loading.moddiscovery.ModFileParser/LOADING]: Considering mod file candidate 
[04Apr2026 15:23:58.739] [main/DEBUG] [net.minecraftforge.fml.loading.moddiscovery.ModFileInfo/LOADING]: Found valid mod file mixinextras-forge-0.3.6.jar with {mixinextras} mods - versions {0.3.6}
[04Apr2026 15:23:58.739] [main/DEBUG] [net.minecraftforge.fml.loading.moddiscovery.ModFile/LOADING]: Loading mod file  with languages [LanguageSpec[languageName=javafml, acceptedVersions=*]]
[04Apr2026 15:23:58.739] [main/DEBUG] [net.minecraftforge.fml.loading.moddiscovery.ModFile/LOADING]: Loading mod file  with languages []
[04Apr2026 15:23:58.739] [main/DEBUG] [net.minecraftforge.fml.loading.moddiscovery.ModFile/LOADING]: Loading mod file  with languages []
[04Apr2026 15:23:58.739] [main/DEBUG] [net.minecraftforge.fml.loading.moddiscovery.ModFileParser/LOADING]: Considering mod file candidate 
[04Apr2026 15:23:58.739] [main/DEBUG] [net.minecraftforge.fml.loading.moddiscovery.ModFileInfo/LOADING]: Found valid mod file mixinsquared-forge-0.1.2-beta.6.jar with {mixinsquared} mods - versions {0.1.2-beta.6}
[04Apr2026 15:23:58.739] [main/DEBUG] [net.minecraftforge.fml.loading.moddiscovery.ModFile/LOADING]: Loading mod file  with languages [LanguageSpec[languageName=javafml, acceptedVersions=*]]
[04Apr2026 15:23:58.739] [main/DEBUG] [net.minecraftforge.fml.loading.moddiscovery.ModFile/LOADING]: Loading mod file  with languages []
[04Apr2026 15:23:58.741] [main/DEBUG] [cpw.mods.modlauncher.TransformationServiceDecorator/MODLAUNCHER]: End scan trigger - transformation service fml
[04Apr2026 15:23:58.759] [main/DEBUG] [net.minecraftforge.fml.loading.LanguageLoadingProvider/CORE]: Found 3 language providers
[04Apr2026 15:23:58.760] [main/DEBUG] [net.minecraftforge.fml.loading.LanguageLoadingProvider/CORE]: Found language provider minecraft, version 1.0
[04Apr2026 15:23:58.761] [main/DEBUG] [net.minecraftforge.fml.loading.LanguageLoadingProvider/CORE]: Found language provider lowcodefml, version 43
[04Apr2026 15:23:58.761] [main/DEBUG] [net.minecraftforge.fml.loading.LanguageLoadingProvider/CORE]: Found language provider javafml, version 43
[04Apr2026 15:23:58.772] [main/DEBUG] [net.minecraftforge.fml.loading.ModSorter/]: Configured system mods: [minecraft, forge]
[04Apr2026 15:23:58.773] [main/DEBUG] [net.minecraftforge.fml.loading.ModSorter/]: Found system mod: minecraft
[04Apr2026 15:23:58.773] [main/DEBUG] [net.minecraftforge.fml.loading.ModSorter/]: Found system mod: forge
[04Apr2026 15:23:58.780] [main/DEBUG] [net.minecraftforge.fml.loading.ModSorter/LOADING]: Found 699 mod requirements (612 mandatory, 87 optional)
[04Apr2026 15:23:58.785] [main/DEBUG] [net.minecraftforge.fml.loading.ModSorter/LOADING]: Found 0 mod requirements missing (0 mandatory, 0 optional)
[04Apr2026 15:24:00.280] [main/DEBUG] [cpw.mods.modlauncher.TransformationServicesHandler/MODLAUNCHER]: Transformation services loading transformers
[04Apr2026 15:24:00.281] [main/DEBUG] [cpw.mods.modlauncher.TransformationServiceDecorator/MODLAUNCHER]: Initializing transformers for transformation service mixin
[04Apr2026 15:24:00.281] [main/DEBUG] [cpw.mods.modlauncher.TransformationServiceDecorator/MODLAUNCHER]: Initialized transformers for transformation service mixin
[04Apr2026 15:24:00.282] [main/DEBUG] [cpw.mods.modlauncher.TransformationServiceDecorator/MODLAUNCHER]: Initializing transformers for transformation service redirector
[04Apr2026 15:24:00.282] [main/DEBUG] [cpw.mods.modlauncher.TransformationServiceDecorator/MODLAUNCHER]: Initialized transformers for transformation service redirector
[04Apr2026 15:24:00.282] [main/DEBUG] [cpw.mods.modlauncher.TransformationServiceDecorator/MODLAUNCHER]: Initializing transformers for transformation service fml
[04Apr2026 15:24:00.282] [main/DEBUG] [net.minecraftforge.fml.loading.FMLServiceProvider/CORE]: Loading coremod transformers
[04Apr2026 15:24:00.283] [main/DEBUG] [net.minecraftforge.coremod.CoreModEngine/COREMOD]: Loading CoreMod from coremods/aea_water_speed.js
[04Apr2026 15:24:00.615] [main/DEBUG] [net.minecraftforge.coremod.CoreModEngine/COREMOD]: CoreMod loaded successfully
[04Apr2026 15:24:00.615] [main/DEBUG] [net.minecraftforge.coremod.CoreModEngine/COREMOD]: Loading CoreMod from coremods/apoli.js
[04Apr2026 15:24:00.709] [main/DEBUG] [net.minecraftforge.coremod.CoreModEngine/COREMOD]: CoreMod loaded successfully
[04Apr2026 15:24:00.709] [main/DEBUG] [net.minecraftforge.coremod.CoreModEngine/COREMOD]: Loading CoreMod from coremods/attr/potion_gui_tooltips.js
[04Apr2026 15:24:00.729] [main/DEBUG] [net.minecraftforge.coremod.CoreModEngine/COREMOD]: CoreMod loaded successfully
[04Apr2026 15:24:00.729] [main/DEBUG] [net.minecraftforge.coremod.CoreModEngine/COREMOD]: Loading CoreMod from coremods/ench/ench_info_loot_redirector.js
[04Apr2026 15:24:00.770] [main/DEBUG] [net.minecraftforge.coremod.CoreModEngine/COREMOD]: CoreMod loaded successfully
[04Apr2026 15:24:00.771] [main/DEBUG] [net.minecraftforge.coremod.CoreModEngine/COREMOD]: Loading CoreMod from coremods/ench/ench_info_redirector.js
[04Apr2026 15:24:00.807] [main/DEBUG] [net.minecraftforge.coremod.CoreModEngine/COREMOD]: CoreMod loaded successfully
[04Apr2026 15:24:00.807] [main/DEBUG] [net.minecraftforge.coremod.CoreModEngine/COREMOD]: Loading CoreMod from coremods/ench/fishing_hook.js
[04Apr2026 15:24:00.821] [main/DEBUG] [net.minecraftforge.coremod.CoreModEngine/COREMOD]: CoreMod loaded successfully
[04Apr2026 15:24:00.821] [main/DEBUG] [net.minecraftforge.coremod.CoreModEngine/COREMOD]: Loading CoreMod from coremods/field_to_method.js
[04Apr2026 15:24:00.913] [main/DEBUG] [net.minecraftforge.coremod.CoreModEngine/COREMOD]: CoreMod loaded successfully
[04Apr2026 15:24:00.914] [main/DEBUG] [net.minecraftforge.coremod.CoreModEngine/COREMOD]: Loading CoreMod from coremods/field_to_instanceof.js
[04Apr2026 15:24:01.066] [main/DEBUG] [net.minecraftforge.coremod.CoreModEngine/COREMOD]: CoreMod loaded successfully
[04Apr2026 15:24:01.066] [main/DEBUG] [net.minecraftforge.coremod.CoreModEngine/COREMOD]: Loading CoreMod from coremods/add_bouncer_method.js
[04Apr2026 15:24:01.215] [main/DEBUG] [net.minecraftforge.coremod.CoreModEngine/COREMOD]: CoreMod loaded successfully
[04Apr2026 15:24:01.216] [main/DEBUG] [net.minecraftforge.coremod.CoreModEngine/COREMOD]: Loading CoreMod from coremods/accessors.js
[04Apr2026 15:24:01.273] [main/DEBUG] [net.minecraftforge.coremod.CoreModEngine/COREMOD]: CoreMod loaded successfully
[04Apr2026 15:24:01.274] [main/DEBUG] [net.minecraftforge.coremod.CoreModEngine/COREMOD]: Loading CoreMod from coremods/tooltip.js
[04Apr2026 15:24:01.324] [main/DEBUG] [net.minecraftforge.coremod.CoreModEngine/COREMOD]: CoreMod loaded successfully
[04Apr2026 15:24:01.324] [main/DEBUG] [net.minecraftforge.coremod.CoreModEngine/COREMOD]: Loading CoreMod from META-INF/xaerohud_core.js
[04Apr2026 15:24:01.433] [main/DEBUG] [net.minecraftforge.coremod.CoreModEngine/COREMOD]: CoreMod loaded successfully
[04Apr2026 15:24:01.433] [main/DEBUG] [net.minecraftforge.coremod.CoreModEngine/COREMOD]: Loading CoreMod from META-INF/xaeroworldmap_core.js
[04Apr2026 15:24:01.512] [main/DEBUG] [net.minecraftforge.coremod.CoreModEngine/COREMOD]: CoreMod loaded successfully
[04Apr2026 15:24:01.512] [main/DEBUG] [net.minecraftforge.coremod.CoreModEngine/COREMOD]: Loading CoreMod from coremods/get_ench_level_event.js
[04Apr2026 15:24:01.534] [main/DEBUG] [net.minecraftforge.coremod.CoreModEngine/COREMOD]: CoreMod loaded successfully
[04Apr2026 15:24:01.535] [main/DEBUG] [net.minecraftforge.coremod.CoreModEngine/COREMOD]: Loading CoreMod from coremods/get_ench_level_event_specific.js
[04Apr2026 15:24:01.545] [main/DEBUG] [net.minecraftforge.coremod.CoreModEngine/COREMOD]: CoreMod loaded successfully
[04Apr2026 15:24:01.545] [main/DEBUG] [net.minecraftforge.coremod.CoreModEngine/COREMOD]: Loading CoreMod from META-INF/asm/seed.js
[04Apr2026 15:24:01.559] [main/DEBUG] [net.minecraftforge.coremod.CoreModEngine/COREMOD]: CoreMod loaded successfully
[04Apr2026 15:24:01.559] [main/DEBUG] [net.minecraftforge.coremod.CoreModEngine/COREMOD]: Loading CoreMod from META-INF/asm/maprendercontext.js
[04Apr2026 15:24:01.588] [main/DEBUG] [net.minecraftforge.coremod.CoreModEngine/COREMOD]: CoreMod loaded successfully
[04Apr2026 15:24:01.588] [main/DEBUG] [net.minecraftforge.coremod.CoreModEngine/COREMOD]: Loading CoreMod from META-INF/asm/music.js
[04Apr2026 15:24:01.601] [main/DEBUG] [net.minecraftforge.coremod.CoreModEngine/COREMOD]: CoreMod loaded successfully
[04Apr2026 15:24:01.601] [main/DEBUG] [net.minecraftforge.coremod.CoreModEngine/COREMOD]: Loading CoreMod from META-INF/asm/multipart.js
[04Apr2026 15:24:01.624] [main/DEBUG] [net.minecraftforge.coremod.CoreModEngine/COREMOD]: CoreMod loaded successfully
[04Apr2026 15:24:01.624] [main/DEBUG] [net.minecraftforge.coremod.CoreModEngine/COREMOD]: Loading CoreMod from META-INF/asm/foliage.js
[04Apr2026 15:24:01.637] [main/DEBUG] [net.minecraftforge.coremod.CoreModEngine/COREMOD]: CoreMod loaded successfully
[04Apr2026 15:24:01.638] [main/DEBUG] [net.minecraftforge.coremod.CoreModEngine/COREMOD]: Loading CoreMod from META-INF/asm/mount.js
[04Apr2026 15:24:01.651] [main/DEBUG] [net.minecraftforge.coremod.CoreModEngine/COREMOD]: CoreMod loaded successfully
[04Apr2026 15:24:01.651] [main/DEBUG] [net.minecraftforge.coremod.CoreModEngine/COREMOD]: Loading CoreMod from META-INF/asm/book.js
[04Apr2026 15:24:01.665] [main/DEBUG] [net.minecraftforge.coremod.CoreModEngine/COREMOD]: CoreMod loaded successfully
[04Apr2026 15:24:01.683] [main/DEBUG] [cpw.mods.modlauncher.TransformStore/MODLAUNCHER]: Adding transformer net.minecraftforge.coremod.transformer.CoreModClassTransformer@35010a6b to Target : CLASS {Lnet/minecraft/world/entity/Entity;} {} {V}
[04Apr2026 15:24:01.684] [main/DEBUG] [cpw.mods.modlauncher.TransformStore/MODLAUNCHER]: Adding transformer net.minecraftforge.coremod.transformer.CoreModClassTransformer@6249a08d to Target : CLASS {Lnet/minecraft/world/level/storage/loot/functions/EnchantRandomlyFunction;} {} {V}
[04Apr2026 15:24:01.684] [main/DEBUG] [cpw.mods.modlauncher.TransformStore/MODLAUNCHER]: Adding transformer net.minecraftforge.coremod.transformer.CoreModClassTransformer@6249a08d to Target : CLASS {Lnet/minecraft/world/entity/npc/VillagerTrades$EnchantBookForEmeralds;} {} {V}
[04Apr2026 15:24:01.685] [main/DEBUG] [cpw.mods.modlauncher.TransformStore/MODLAUNCHER]: Adding transformer net.minecraftforge.coremod.transformer.CoreModClassTransformer@36525ab to Target : CLASS {Lcom/mrcrayfish/goblintraders/Hooks;} {} {V}
[04Apr2026 15:24:01.685] [main/DEBUG] [cpw.mods.modlauncher.TransformStore/MODLAUNCHER]: Adding transformer net.minecraftforge.coremod.transformer.CoreModClassTransformer@36525ab to Target : CLASS {Lvazkii/quark/content/tools/item/AncientTomeItem;} {} {V}
[04Apr2026 15:24:01.685] [main/DEBUG] [cpw.mods.modlauncher.TransformStore/MODLAUNCHER]: Adding transformer net.minecraftforge.coremod.transformer.CoreModClassTransformer@36525ab to Target : CLASS {Lnet/minecraft/world/inventory/AnvilMenu;} {} {V}
[04Apr2026 15:24:01.685] [main/DEBUG] [cpw.mods.modlauncher.TransformStore/MODLAUNCHER]: Adding transformer net.minecraftforge.coremod.transformer.CoreModClassTransformer@36525ab to Target : CLASS {Lnet/minecraft/world/item/EnchantedBookItem;} {} {V}
[04Apr2026 15:24:01.685] [main/DEBUG] [cpw.mods.modlauncher.TransformStore/MODLAUNCHER]: Adding transformer net.minecraftforge.coremod.transformer.CoreModClassTransformer@36525ab to Target : CLASS {Lnet/minecraft/server/commands/EnchantCommand;} {} {V}
[04Apr2026 15:24:01.685] [main/DEBUG] [cpw.mods.modlauncher.TransformStore/MODLAUNCHER]: Adding transformer net.minecraftforge.coremod.transformer.CoreModClassTransformer@36525ab to Target : CLASS {Lvazkii/quark/content/tools/module/AncientTomesModule;} {} {V}
[04Apr2026 15:24:01.685] [main/DEBUG] [cpw.mods.modlauncher.TransformStore/MODLAUNCHER]: Adding transformer net.minecraftforge.coremod.transformer.CoreModClassTransformer@27438750 to Target : CLASS {Lnet/minecraft/world/level/biome/Biome;} {} {V}
[04Apr2026 15:24:01.685] [main/DEBUG] [cpw.mods.modlauncher.TransformStore/MODLAUNCHER]: Adding transformer net.minecraftforge.coremod.transformer.CoreModClassTransformer@39851c5 to Target : CLASS {Lnet/minecraft/world/level/levelgen/structure/Structure;} {} {V}
[04Apr2026 15:24:01.685] [main/DEBUG] [cpw.mods.modlauncher.TransformStore/MODLAUNCHER]: Adding transformer net.minecraftforge.coremod.transformer.CoreModClassTransformer@2c7ad4f3 to Target : CLASS {Lnet/minecraft/world/effect/MobEffectInstance;} {} {V}
[04Apr2026 15:24:01.685] [main/DEBUG] [cpw.mods.modlauncher.TransformStore/MODLAUNCHER]: Adding transformer net.minecraftforge.coremod.transformer.CoreModClassTransformer@698f4aa to Target : CLASS {Lnet/minecraft/world/level/block/LiquidBlock;} {} {V}
[04Apr2026 15:24:01.685] [main/DEBUG] [cpw.mods.modlauncher.TransformStore/MODLAUNCHER]: Adding transformer net.minecraftforge.coremod.transformer.CoreModClassTransformer@3dda8a2e to Target : CLASS {Lnet/minecraft/world/item/BucketItem;} {} {V}
[04Apr2026 15:24:01.686] [main/DEBUG] [cpw.mods.modlauncher.TransformStore/MODLAUNCHER]: Adding transformer net.minecraftforge.coremod.transformer.CoreModClassTransformer@7c0de229 to Target : CLASS {Lnet/minecraft/world/level/block/StairBlock;} {} {V}
[04Apr2026 15:24:01.686] [main/DEBUG] [cpw.mods.modlauncher.TransformStore/MODLAUNCHER]: Adding transformer net.minecraftforge.coremod.transformer.CoreModClassTransformer@6aa6c17 to Target : CLASS {Lnet/minecraft/world/level/block/FlowerPotBlock;} {} {V}
[04Apr2026 15:24:01.686] [main/DEBUG] [cpw.mods.modlauncher.TransformStore/MODLAUNCHER]: Adding transformer net.minecraftforge.coremod.transformer.CoreModClassTransformer@4756e5cc to Target : CLASS {Lnet/minecraft/world/item/ItemStack;} {} {V}
[04Apr2026 15:24:01.686] [main/DEBUG] [cpw.mods.modlauncher.TransformStore/MODLAUNCHER]: Adding transformer net.minecraftforge.coremod.transformer.CoreModClassTransformer@2e349cf2 to Target : CLASS {Lnet/minecraft/network/play/client/CClientSettingsPacket;} {} {V}
[04Apr2026 15:24:01.686] [main/DEBUG] [cpw.mods.modlauncher.TransformStore/MODLAUNCHER]: Adding transformer net.minecraftforge.coremod.transformer.CoreModClassTransformer@3dbb3fb7 to Target : CLASS {Lnet/minecraft/world/damagesource/DamageSource;} {} {V}
[04Apr2026 15:24:01.686] [main/DEBUG] [cpw.mods.modlauncher.TransformStore/MODLAUNCHER]: Adding transformer net.minecraftforge.coremod.transformer.CoreModClassTransformer@68a426c3 to Target : CLASS {Lnet/minecraft/client/gui/screens/inventory/AbstractContainerScreen;} {} {V}
[04Apr2026 15:24:01.686] [main/DEBUG] [cpw.mods.modlauncher.TransformStore/MODLAUNCHER]: Adding transformer net.minecraftforge.coremod.transformer.CoreModMethodTransformer@12f51a65 to Target : METHOD {Lnet/minecraftforge/common/extensions/IForgeLivingEntity;} {jumpInFluid} {(Lnet/minecraftforge/fluids/FluidType;)V}
[04Apr2026 15:24:01.686] [main/DEBUG] [cpw.mods.modlauncher.TransformStore/MODLAUNCHER]: Adding transformer net.minecraftforge.coremod.transformer.CoreModMethodTransformer@7657d90b to Target : METHOD {Lnet/minecraftforge/common/extensions/IForgeLivingEntity;} {sinkInFluid} {(Lnet/minecraftforge/fluids/FluidType;)V}
[04Apr2026 15:24:01.686] [main/DEBUG] [cpw.mods.modlauncher.TransformStore/MODLAUNCHER]: Adding transformer net.minecraftforge.coremod.transformer.CoreModMethodTransformer@3f0c6b3c to Target : METHOD {Lnet/minecraftforge/common/extensions/IForgeItemStack;} {canEquip} {(Lnet/minecraft/world/entity/EquipmentSlot;Lnet/minecraft/world/entity/Entity;)Z}
[04Apr2026 15:24:01.686] [main/DEBUG] [cpw.mods.modlauncher.TransformStore/MODLAUNCHER]: Adding transformer net.minecraftforge.coremod.transformer.CoreModMethodTransformer@416a4275 to Target : METHOD {Lnet/minecraftforge/common/extensions/IForgeItemStack;} {getFoodProperties} {(Lnet/minecraft/world/entity/LivingEntity;)Lnet/minecraft/world/food/FoodProperties;}
[04Apr2026 15:24:01.687] [main/DEBUG] [cpw.mods.modlauncher.TransformStore/MODLAUNCHER]: Adding transformer net.minecraftforge.coremod.transformer.CoreModMethodTransformer@7bf65e0f to Target : METHOD {Lnet/minecraftforge/common/extensions/IForgeBlockState;} {getFriction} {(Lnet/minecraft/world/level/LevelReader;Lnet/minecraft/core/BlockPos;Lnet/minecraft/world/entity/Entity;)F}
[04Apr2026 15:24:01.687] [main/DEBUG] [cpw.mods.modlauncher.TransformStore/MODLAUNCHER]: Adding transformer net.minecraftforge.coremod.transformer.CoreModMethodTransformer@33215ffb to Target : METHOD {Lnet/minecraftforge/common/extensions/IForgeBlockState;} {canHarvestBlock} {(Lnet/minecraft/world/level/BlockGetter;Lnet/minecraft/core/BlockPos;Lnet/minecraft/world/entity/player/Player;)Z}
[04Apr2026 15:24:01.687] [main/DEBUG] [cpw.mods.modlauncher.TransformStore/MODLAUNCHER]: Adding transformer net.minecraftforge.coremod.transformer.CoreModMethodTransformer@6f289728 to Target : METHOD {Lnet/minecraft/client/gui/screens/inventory/EffectRenderingInventoryScreen;} {m_194014_} {(Lcom/mojang/blaze3d/vertex/PoseStack;II)V}
[04Apr2026 15:24:01.687] [main/DEBUG] [cpw.mods.modlauncher.TransformStore/MODLAUNCHER]: Adding transformer net.minecraftforge.coremod.transformer.CoreModMethodTransformer@7c421952 to Target : METHOD {Lnet/minecraft/world/entity/projectile/FishingHook;} {m_37145_} {(Lnet/minecraft/core/BlockPos;)V}
[04Apr2026 15:24:01.687] [main/DEBUG] [cpw.mods.modlauncher.TransformStore/MODLAUNCHER]: Adding transformer net.minecraftforge.coremod.transformer.CoreModMethodTransformer@350d26f3 to Target : METHOD {Lnet/minecraftforge/common/extensions/IForgeItemStack;} {getHighlightTip} {(Lnet/minecraft/network/chat/Component;)Lnet/minecraft/network/chat/Component;}
[04Apr2026 15:24:01.687] [main/DEBUG] [cpw.mods.modlauncher.TransformStore/MODLAUNCHER]: Adding transformer net.minecraftforge.coremod.transformer.CoreModMethodTransformer@c6a692e to Target : METHOD {Lnet/minecraft/world/item/ItemStack;} {m_41787_} {()V}
[04Apr2026 15:24:01.687] [main/DEBUG] [cpw.mods.modlauncher.TransformStore/MODLAUNCHER]: Adding transformer net.minecraftforge.coremod.transformer.CoreModMethodTransformer@27502e5c to Target : METHOD {Lnet/minecraft/client/ToggleKeyMapping;} {m_90857_} {()Z}
[04Apr2026 15:24:01.687] [main/DEBUG] [cpw.mods.modlauncher.TransformStore/MODLAUNCHER]: Adding transformer net.minecraftforge.coremod.transformer.CoreModMethodTransformer@4b343b6d to Target : METHOD {Lnet/minecraftforge/common/extensions/IForgeItemStack;} {getAllEnchantments} {()Ljava/util/Map;}
[04Apr2026 15:24:01.687] [main/DEBUG] [cpw.mods.modlauncher.TransformStore/MODLAUNCHER]: Adding transformer net.minecraftforge.coremod.transformer.CoreModMethodTransformer@17d2b646 to Target : METHOD {Lnet/minecraftforge/common/extensions/IForgeItemStack;} {getEnchantmentLevel} {(Lnet/minecraft/world/item/enchantment/Enchantment;)I}
[04Apr2026 15:24:01.687] [main/DEBUG] [cpw.mods.modlauncher.TransformStore/MODLAUNCHER]: Adding transformer net.minecraftforge.coremod.transformer.CoreModMethodTransformer@48ae9e8b to Target : METHOD {Lnet/minecraft/world/level/levelgen/WorldGenSettings;} {<init>} {(JZZLnet/minecraft/core/Registry;Ljava/util/Optional;)V}
[04Apr2026 15:24:01.688] [main/DEBUG] [cpw.mods.modlauncher.TransformStore/MODLAUNCHER]: Adding transformer net.minecraftforge.coremod.transformer.CoreModMethodTransformer@6eaa6b0c to Target : METHOD {Lnet/minecraft/world/level/storage/LevelStorageSource;} {m_78204_} {(Lcom/mojang/serialization/Dynamic;Lcom/mojang/datafixers/DataFixer;I)Lcom/mojang/datafixers/util/Pair;}
[04Apr2026 15:24:01.688] [main/DEBUG] [cpw.mods.modlauncher.TransformStore/MODLAUNCHER]: Adding transformer net.minecraftforge.coremod.transformer.CoreModMethodTransformer@4afcae7 to Target : METHOD {Lnet/minecraft/client/gui/MapRenderer$MapInstance;} {m_93291_} {(Lcom/mojang/blaze3d/vertex/PoseStack;Lnet/minecraft/client/renderer/MultiBufferSource;ZI)V}
[04Apr2026 15:24:01.688] [main/DEBUG] [cpw.mods.modlauncher.TransformStore/MODLAUNCHER]: Adding transformer net.minecraftforge.coremod.transformer.CoreModMethodTransformer@6cd2cb2 to Target : METHOD {Lnet/minecraft/client/renderer/ItemInHandRenderer;} {m_109371_} {(Lnet/minecraft/client/player/AbstractClientPlayer;FFLnet/minecraft/world/InteractionHand;FLnet/minecraft/world/item/ItemStack;FLcom/mojang/blaze3d/vertex/PoseStack;Lnet/minecraft/client/renderer/MultiBufferSource;I)V}
[04Apr2026 15:24:01.688] [main/DEBUG] [cpw.mods.modlauncher.TransformStore/MODLAUNCHER]: Adding transformer net.minecraftforge.coremod.transformer.CoreModMethodTransformer@3a2bb026 to Target : METHOD {Lnet/minecraft/world/entity/decoration/ItemFrame;} {m_218868_} {()Ljava/util/OptionalInt;}
[04Apr2026 15:24:01.688] [main/DEBUG] [cpw.mods.modlauncher.TransformStore/MODLAUNCHER]: Adding transformer net.minecraftforge.coremod.transformer.CoreModMethodTransformer@7645e64 to Target : METHOD {Lnet/minecraft/client/renderer/ItemInHandRenderer;} {m_109366_} {(Lcom/mojang/blaze3d/vertex/PoseStack;Lnet/minecraft/client/renderer/MultiBufferSource;ILnet/minecraft/world/item/ItemStack;)V}
[04Apr2026 15:24:01.688] [main/DEBUG] [cpw.mods.modlauncher.TransformStore/MODLAUNCHER]: Adding transformer net.minecraftforge.coremod.transformer.CoreModMethodTransformer@7de6549d to Target : METHOD {Lnet/minecraft/world/item/MapItem;} {m_7373_} {(Lnet/minecraft/world/item/ItemStack;Lnet/minecraft/world/level/Level;Ljava/util/List;Lnet/minecraft/world/item/TooltipFlag;)V}
[04Apr2026 15:24:01.688] [main/DEBUG] [cpw.mods.modlauncher.TransformStore/MODLAUNCHER]: Adding transformer net.minecraftforge.coremod.transformer.CoreModMethodTransformer@12214f2f to Target : METHOD {Lnet/minecraft/client/sounds/MusicManager;} {m_120183_} {()V}
[04Apr2026 15:24:01.689] [main/DEBUG] [cpw.mods.modlauncher.TransformStore/MODLAUNCHER]: Adding transformer net.minecraftforge.coremod.transformer.CoreModMethodTransformer@756c67cd to Target : METHOD {Lnet/minecraft/server/level/ServerEntity;} {m_8543_} {()V}
[04Apr2026 15:24:01.689] [main/DEBUG] [cpw.mods.modlauncher.TransformStore/MODLAUNCHER]: Adding transformer net.minecraftforge.coremod.transformer.CoreModMethodTransformer@50de907a to Target : METHOD {Lnet/minecraft/client/renderer/entity/EntityRenderDispatcher;} {m_6213_} {(Lnet/minecraft/server/packs/resources/ResourceManager;)V}
[04Apr2026 15:24:01.689] [main/DEBUG] [cpw.mods.modlauncher.TransformStore/MODLAUNCHER]: Adding transformer net.minecraftforge.coremod.transformer.CoreModMethodTransformer@1fd37440 to Target : METHOD {Lnet/minecraft/client/renderer/entity/EntityRenderDispatcher;} {m_114382_} {(Lnet/minecraft/world/entity/Entity;)Lnet/minecraft/client/renderer/entity/EntityRenderer;}
[04Apr2026 15:24:01.689] [main/DEBUG] [cpw.mods.modlauncher.TransformStore/MODLAUNCHER]: Adding transformer net.minecraftforge.coremod.transformer.CoreModMethodTransformer@79308a2 to Target : METHOD {Lnet/minecraft/client/renderer/LevelRenderer;} {m_109599_} {(Lcom/mojang/blaze3d/vertex/PoseStack;FJZLnet/minecraft/client/Camera;Lnet/minecraft/client/renderer/GameRenderer;Lnet/minecraft/client/renderer/LightTexture;Lcom/mojang/math/Matrix4f;)V}
[04Apr2026 15:24:01.689] [main/DEBUG] [cpw.mods.modlauncher.TransformStore/MODLAUNCHER]: Adding transformer net.minecraftforge.coremod.transformer.CoreModMethodTransformer@11574592 to Target : METHOD {Lnet/minecraft/client/renderer/BiomeColors;} {m_108807_} {(Lnet/minecraft/world/level/biome/Biome;DD)I}
[04Apr2026 15:24:01.689] [main/DEBUG] [cpw.mods.modlauncher.TransformStore/MODLAUNCHER]: Adding transformer net.minecraftforge.coremod.transformer.CoreModMethodTransformer@352e5a82 to Target : METHOD {Lnet/minecraft/client/player/LocalPlayer;} {m_6083_} {()V}
[04Apr2026 15:24:01.690] [main/DEBUG] [cpw.mods.modlauncher.TransformStore/MODLAUNCHER]: Adding transformer net.minecraftforge.coremod.transformer.CoreModMethodTransformer@315b5913 to Target : METHOD {Lnet/minecraft/world/item/WrittenBookItem;} {m_7626_} {(Lnet/minecraft/world/item/ItemStack;)Lnet/minecraft/network/chat/Component;}
[04Apr2026 15:24:01.690] [main/DEBUG] [cpw.mods.modlauncher.TransformationServiceDecorator/MODLAUNCHER]: Initialized transformers for transformation service fml
[04Apr2026 15:24:08.613] [main/DEBUG] [mixin/]: Processing prepare() for PlatformAgent[MixinPlatformAgentDefault:ModLauncher Root Container(ModLauncher:4f56a0a2)]
[04Apr2026 15:24:08.613] [main/DEBUG] [mixin/]: Processing launch tasks for PlatformAgent[MixinPlatformAgentDefault:ModLauncher Root Container(ModLauncher:4f56a0a2)]
[04Apr2026 15:24:08.614] [main/DEBUG] [mixin/]: Adding mixin platform agents for container SecureJarResource(saturn)
[04Apr2026 15:24:08.614] [main/DEBUG] [mixin/]: Instancing new MixinPlatformAgentMinecraftForge for SecureJarResource(saturn)
[04Apr2026 15:24:08.614] [main/DEBUG] [mixin/]: MixinPlatformAgentMinecraftForge rejected container SecureJarResource(saturn)
[04Apr2026 15:24:08.614] [main/DEBUG] [mixin/]: Instancing new MixinPlatformAgentDefault for SecureJarResource(saturn)
[04Apr2026 15:24:08.614] [main/DEBUG] [mixin/]: MixinPlatformAgentDefault accepted container SecureJarResource(saturn)
[04Apr2026 15:24:08.614] [main/DEBUG] [mixin/]: Processing prepare() for PlatformAgent[MixinPlatformAgentDefault:SecureJarResource(saturn)]
[04Apr2026 15:24:08.614] [main/DEBUG] [mixin/]: Registering mixin config: saturn.mixins.json
[04Apr2026 15:24:08.636] [main/DEBUG] [mixin/]: Compatibility level JAVA_17 specified by saturn.mixins.json is higher than the maximum level supported by this version of mixin (JAVA_13).
[04Apr2026 15:24:08.643] [main/INFO] [mixin/]: Compatibility level set to JAVA_17
[04Apr2026 15:24:08.644] [main/DEBUG] [mixin/]: Adding mixin platform agents for container SecureJarResource(kubejs)
[04Apr2026 15:24:08.644] [main/DEBUG] [mixin/]: Instancing new MixinPlatformAgentMinecraftForge for SecureJarResource(kubejs)
[04Apr2026 15:24:08.644] [main/DEBUG] [mixin/]: MixinPlatformAgentMinecraftForge rejected container SecureJarResource(kubejs)
[04Apr2026 15:24:08.644] [main/DEBUG] [mixin/]: Instancing new MixinPlatformAgentDefault for SecureJarResource(kubejs)
[04Apr2026 15:24:08.644] [main/DEBUG] [mixin/]: MixinPlatformAgentDefault accepted container SecureJarResource(kubejs)
[04Apr2026 15:24:08.645] [main/DEBUG] [mixin/]: Processing prepare() for PlatformAgent[MixinPlatformAgentDefault:SecureJarResource(kubejs)]
[04Apr2026 15:24:08.645] [main/DEBUG] [mixin/]: Registering mixin config: kubejs-forge.mixins.json
[04Apr2026 15:24:08.647] [main/DEBUG] [mixin/]: Registering mixin config: kubejs-common.mixins.json
[04Apr2026 15:24:08.650] [main/DEBUG] [mixin/]: Adding mixin platform agents for container SecureJarResource(betterdungeons)
[04Apr2026 15:24:08.650] [main/DEBUG] [mixin/]: Instancing new MixinPlatformAgentMinecraftForge for SecureJarResource(betterdungeons)
[04Apr2026 15:24:08.650] [main/DEBUG] [mixin/]: MixinPlatformAgentMinecraftForge rejected container SecureJarResource(betterdungeons)
[04Apr2026 15:24:08.650] [main/DEBUG] [mixin/]: Instancing new MixinPlatformAgentDefault for SecureJarResource(betterdungeons)
[04Apr2026 15:24:08.650] [main/DEBUG] [mixin/]: MixinPlatformAgentDefault accepted container SecureJarResource(betterdungeons)
[04Apr2026 15:24:08.650] [main/DEBUG] [mixin/]: Processing prepare() for PlatformAgent[MixinPlatformAgentDefault:SecureJarResource(betterdungeons)]
[04Apr2026 15:24:08.650] [main/DEBUG] [mixin/]: Registering mixin config: betterdungeons.mixins.json
[04Apr2026 15:24:08.661] [main/DEBUG] [mixin/]: Registering mixin config: betterdungeons_forge.mixins.json
[04Apr2026 15:24:08.663] [main/DEBUG] [mixin/]: Adding mixin platform agents for container SecureJarResource(alexsmobs)
[04Apr2026 15:24:08.663] [main/DEBUG] [mixin/]: Instancing new MixinPlatformAgentMinecraftForge for SecureJarResource(alexsmobs)
[04Apr2026 15:24:08.663] [main/DEBUG] [mixin/]: MixinPlatformAgentMinecraftForge rejected container SecureJarResource(alexsmobs)
[04Apr2026 15:24:08.663] [main/DEBUG] [mixin/]: Instancing new MixinPlatformAgentDefault for SecureJarResource(alexsmobs)
[04Apr2026 15:24:08.663] [main/DEBUG] [mixin/]: MixinPlatformAgentDefault accepted container SecureJarResource(alexsmobs)
[04Apr2026 15:24:08.663] [main/DEBUG] [mixin/]: Processing prepare() for PlatformAgent[MixinPlatformAgentDefault:SecureJarResource(alexsmobs)]
[04Apr2026 15:24:08.663] [main/DEBUG] [mixin/]: Adding mixin platform agents for container SecureJarResource(additionalentityattributes)
[04Apr2026 15:24:08.663] [main/DEBUG] [mixin/]: Instancing new MixinPlatformAgentMinecraftForge for SecureJarResource(additionalentityattributes)
[04Apr2026 15:24:08.663] [main/DEBUG] [mixin/]: MixinPlatformAgentMinecraftForge rejected container SecureJarResource(additionalentityattributes)
[04Apr2026 15:24:08.663] [main/DEBUG] [mixin/]: Instancing new MixinPlatformAgentDefault for SecureJarResource(additionalentityattributes)
[04Apr2026 15:24:08.663] [main/DEBUG] [mixin/]: MixinPlatformAgentDefault accepted container SecureJarResource(additionalentityattributes)
[04Apr2026 15:24:08.663] [main/DEBUG] [mixin/]: Processing prepare() for PlatformAgent[MixinPlatformAgentDefault:SecureJarResource(additionalentityattributes)]
[04Apr2026 15:24:08.663] [main/DEBUG] [mixin/]: Registering mixin config: additionalentityattributes.mixins.json
[04Apr2026 15:24:08.674] [main/DEBUG] [mixin/]: Adding mixin platform agents for container SecureJarResource(oriacs)
[04Apr2026 15:24:08.674] [main/DEBUG] [mixin/]: Instancing new MixinPlatformAgentMinecraftForge for SecureJarResource(oriacs)
[04Apr2026 15:24:08.674] [main/DEBUG] [mixin/]: MixinPlatformAgentMinecraftForge rejected container SecureJarResource(oriacs)
[04Apr2026 15:24:08.674] [main/DEBUG] [mixin/]: Instancing new MixinPlatformAgentDefault for SecureJarResource(oriacs)
[04Apr2026 15:24:08.674] [main/DEBUG] [mixin/]: MixinPlatformAgentDefault accepted container SecureJarResource(oriacs)
[04Apr2026 15:24:08.674] [main/DEBUG] [mixin/]: Processing prepare() for PlatformAgent[MixinPlatformAgentDefault:SecureJarResource(oriacs)]
[04Apr2026 15:24:08.675] [main/DEBUG] [mixin/]: Registering mixin config: oriacs.mixins.json
[04Apr2026 15:24:08.677] [main/DEBUG] [mixin/]: Adding mixin platform agents for container SecureJarResource(playeranimator)
[04Apr2026 15:24:08.677] [main/DEBUG] [mixin/]: Instancing new MixinPlatformAgentMinecraftForge for SecureJarResource(playeranimator)
[04Apr2026 15:24:08.677] [main/DEBUG] [mixin/]: MixinPlatformAgentMinecraftForge rejected container SecureJarResource(playeranimator)
[04Apr2026 15:24:08.677] [main/DEBUG] [mixin/]: Instancing new MixinPlatformAgentDefault for SecureJarResource(playeranimator)
[04Apr2026 15:24:08.677] [main/DEBUG] [mixin/]: MixinPlatformAgentDefault accepted container SecureJarResource(playeranimator)
[04Apr2026 15:24:08.677] [main/DEBUG] [mixin/]: Processing prepare() for PlatformAgent[MixinPlatformAgentDefault:SecureJarResource(playeranimator)]
[04Apr2026 15:24:08.677] [main/DEBUG] [mixin/]: Registering mixin config: playerAnimator-common.mixins.json
[04Apr2026 15:24:08.680] [main/DEBUG] [mixin/]: Compatibility level JAVA_16 specified by playerAnimator-common.mixins.json is higher than the maximum level supported by this version of mixin (JAVA_13).
[04Apr2026 15:24:08.680] [main/DEBUG] [mixin/]: Adding mixin platform agents for container SecureJarResource(majruszsdifficulty)
[04Apr2026 15:24:08.681] [main/DEBUG] [mixin/]: Instancing new MixinPlatformAgentMinecraftForge for SecureJarResource(majruszsdifficulty)
[04Apr2026 15:24:08.681] [main/DEBUG] [mixin/]: MixinPlatformAgentMinecraftForge rejected container SecureJarResource(majruszsdifficulty)
[04Apr2026 15:24:08.681] [main/DEBUG] [mixin/]: Instancing new MixinPlatformAgentDefault for SecureJarResource(majruszsdifficulty)
[04Apr2026 15:24:08.681] [main/DEBUG] [mixin/]: MixinPlatformAgentDefault accepted container SecureJarResource(majruszsdifficulty)
[04Apr2026 15:24:08.681] [main/DEBUG] [mixin/]: Processing prepare() for PlatformAgent[MixinPlatformAgentDefault:SecureJarResource(majruszsdifficulty)]
[04Apr2026 15:24:08.681] [main/DEBUG] [mixin/]: Registering mixin config: majruszsdifficulty-common.mixins.json
[04Apr2026 15:24:08.684] [main/DEBUG] [mixin/]: Registering mixin config: majruszsdifficulty-forge.mixins.json
[04Apr2026 15:24:08.686] [main/DEBUG] [mixin/]: Adding mixin platform agents for container SecureJarResource(entitycollisionfpsfix)
[04Apr2026 15:24:08.686] [main/DEBUG] [mixin/]: Instancing new MixinPlatformAgentMinecraftForge for SecureJarResource(entitycollisionfpsfix)
[04Apr2026 15:24:08.686] [main/DEBUG] [mixin/]: MixinPlatformAgentMinecraftForge rejected container SecureJarResource(entitycollisionfpsfix)
[04Apr2026 15:24:08.686] [main/DEBUG] [mixin/]: Instancing new MixinPlatformAgentDefault for SecureJarResource(entitycollisionfpsfix)
[04Apr2026 15:24:08.687] [main/DEBUG] [mixin/]: MixinPlatformAgentDefault accepted container SecureJarResource(entitycollisionfpsfix)
[04Apr2026 15:24:08.687] [main/DEBUG] [mixin/]: Processing prepare() for PlatformAgent[MixinPlatformAgentDefault:SecureJarResource(entitycollisionfpsfix)]
[04Apr2026 15:24:08.687] [main/DEBUG] [mixin/]: Registering mixin config: entitycollisionfpsfix.mixins.json
[04Apr2026 15:24:08.689] [main/DEBUG] [mixin/]: Registering mixin config: entitycollisionfpsfix.forge.mixins.json
[04Apr2026 15:24:08.691] [main/DEBUG] [mixin/]: Adding mixin platform agents for container SecureJarResource(nerb)
[04Apr2026 15:24:08.691] [main/DEBUG] [mixin/]: Instancing new MixinPlatformAgentMinecraftForge for SecureJarResource(nerb)
[04Apr2026 15:24:08.691] [main/DEBUG] [mixin/]: MixinPlatformAgentMinecraftForge rejected container SecureJarResource(nerb)
[04Apr2026 15:24:08.691] [main/DEBUG] [mixin/]: Instancing new MixinPlatformAgentDefault for SecureJarResource(nerb)
[04Apr2026 15:24:08.692] [main/DEBUG] [mixin/]: MixinPlatformAgentDefault accepted container SecureJarResource(nerb)
[04Apr2026 15:24:08.692] [main/DEBUG] [mixin/]: Processing prepare() for PlatformAgent[MixinPlatformAgentDefault:SecureJarResource(nerb)]
[04Apr2026 15:24:08.692] [main/DEBUG] [mixin/]: Registering mixin config: nerb-common.mixins.json
[04Apr2026 15:24:08.695] [main/DEBUG] [mixin/]: Registering mixin config: nerb.mixins.json
[04Apr2026 15:24:08.696] [main/DEBUG] [mixin/]: Adding mixin platform agents for container SecureJarResource(apoli)
[04Apr2026 15:24:08.697] [main/DEBUG] [mixin/]: Instancing new MixinPlatformAgentMinecraftForge for SecureJarResource(apoli)
[04Apr2026 15:24:08.697] [main/DEBUG] [mixin/]: MixinPlatformAgentMinecraftForge rejected container SecureJarResource(apoli)
[04Apr2026 15:24:08.697] [main/DEBUG] [mixin/]: Instancing new MixinPlatformAgentDefault for SecureJarResource(apoli)
[04Apr2026 15:24:08.697] [main/DEBUG] [mixin/]: MixinPlatformAgentDefault accepted container SecureJarResource(apoli)
[04Apr2026 15:24:08.697] [main/DEBUG] [mixin/]: Processing prepare() for PlatformAgent[MixinPlatformAgentDefault:SecureJarResource(apoli)]
[04Apr2026 15:24:08.698] [main/DEBUG] [mixin/]: Registering mixin config: apoli.mixins.json
[04Apr2026 15:24:08.700] [main/DEBUG] [mixin/]: Adding mixin platform agents for container SecureJarResource(stalwart_dungeons)
[04Apr2026 15:24:08.700] [main/DEBUG] [mixin/]: Instancing new MixinPlatformAgentMinecraftForge for SecureJarResource(stalwart_dungeons)
[04Apr2026 15:24:08.700] [main/DEBUG] [mixin/]: MixinPlatformAgentMinecraftForge rejected container SecureJarResource(stalwart_dungeons)
[04Apr2026 15:24:08.701] [main/DEBUG] [mixin/]: Instancing new MixinPlatformAgentDefault for SecureJarResource(stalwart_dungeons)
[04Apr2026 15:24:08.701] [main/DEBUG] [mixin/]: MixinPlatformAgentDefault accepted container SecureJarResource(stalwart_dungeons)
[04Apr2026 15:24:08.701] [main/DEBUG] [mixin/]: Processing prepare() for PlatformAgent[MixinPlatformAgentDefault:SecureJarResource(stalwart_dungeons)]
[04Apr2026 15:24:08.701] [main/DEBUG] [mixin/]: Adding mixin platform agents for container SecureJarResource(rubidium)
[04Apr2026 15:24:08.701] [main/DEBUG] [mixin/]: Instancing new MixinPlatformAgentMinecraftForge for SecureJarResource(rubidium)
[04Apr2026 15:24:08.701] [main/DEBUG] [mixin/]: MixinPlatformAgentMinecraftForge rejected container SecureJarResource(rubidium)
[04Apr2026 15:24:08.702] [main/DEBUG] [mixin/]: Instancing new MixinPlatformAgentDefault for SecureJarResource(rubidium)
[04Apr2026 15:24:08.702] [main/DEBUG] [mixin/]: MixinPlatformAgentDefault accepted container SecureJarResource(rubidium)
[04Apr2026 15:24:08.702] [main/DEBUG] [mixin/]: Processing prepare() for PlatformAgent[MixinPlatformAgentDefault:SecureJarResource(rubidium)]
[04Apr2026 15:24:08.702] [main/DEBUG] [mixin/]: Registering mixin config: rubidium.mixins.json
[04Apr2026 15:24:08.705] [main/DEBUG] [mixin/]: Registering mixin config: rubidium.compat.mixins.json
[04Apr2026 15:24:08.708] [main/DEBUG] [mixin/]: Compatibility level JAVA_8 specified by rubidium.compat.mixins.json is lower than the default level supported by the current mixin service (JAVA_16).
[04Apr2026 15:24:08.708] [main/DEBUG] [mixin/]: Adding mixin platform agents for container SecureJarResource(doapi)
[04Apr2026 15:24:08.708] [main/DEBUG] [mixin/]: Instancing new MixinPlatformAgentMinecraftForge for SecureJarResource(doapi)
[04Apr2026 15:24:08.708] [main/DEBUG] [mixin/]: MixinPlatformAgentMinecraftForge rejected container SecureJarResource(doapi)
[04Apr2026 15:24:08.709] [main/DEBUG] [mixin/]: Instancing new MixinPlatformAgentDefault for SecureJarResource(doapi)
[04Apr2026 15:24:08.709] [main/DEBUG] [mixin/]: MixinPlatformAgentDefault accepted container SecureJarResource(doapi)
[04Apr2026 15:24:08.709] [main/DEBUG] [mixin/]: Processing prepare() for PlatformAgent[MixinPlatformAgentDefault:SecureJarResource(doapi)]
[04Apr2026 15:24:08.709] [main/DEBUG] [mixin/]: Registering mixin config: doapi-common.mixins.json
[04Apr2026 15:24:08.710] [main/DEBUG] [mixin/]: Registering mixin config: doapi.mixins.json
[04Apr2026 15:24:08.713] [main/DEBUG] [mixin/]: Adding mixin platform agents for container SecureJarResource(modernfix)
[04Apr2026 15:24:08.713] [main/DEBUG] [mixin/]: Instancing new MixinPlatformAgentMinecraftForge for SecureJarResource(modernfix)
[04Apr2026 15:24:08.713] [main/DEBUG] [mixin/]: MixinPlatformAgentMinecraftForge rejected container SecureJarResource(modernfix)
[04Apr2026 15:24:08.713] [main/DEBUG] [mixin/]: Instancing new MixinPlatformAgentDefault for SecureJarResource(modernfix)
[04Apr2026 15:24:08.713] [main/DEBUG] [mixin/]: MixinPlatformAgentDefault accepted container SecureJarResource(modernfix)
[04Apr2026 15:24:08.713] [main/DEBUG] [mixin/]: Processing prepare() for PlatformAgent[MixinPlatformAgentDefault:SecureJarResource(modernfix)]
[04Apr2026 15:24:08.713] [main/DEBUG] [mixin/]: Registering mixin config: modernfix-common.mixins.json
[04Apr2026 15:24:08.716] [main/DEBUG] [mixin/]: Registering mixin config: modernfix-forge.mixins.json
[04Apr2026 15:24:08.718] [main/DEBUG] [mixin/]: Adding mixin platform agents for container SecureJarResource(armordamagelimit)
[04Apr2026 15:24:08.718] [main/DEBUG] [mixin/]: Instancing new MixinPlatformAgentMinecraftForge for SecureJarResource(armordamagelimit)
[04Apr2026 15:24:08.718] [main/DEBUG] [mixin/]: MixinPlatformAgentMinecraftForge rejected container SecureJarResource(armordamagelimit)
[04Apr2026 15:24:08.718] [main/DEBUG] [mixin/]: Instancing new MixinPlatformAgentDefault for SecureJarResource(armordamagelimit)
[04Apr2026 15:24:08.718] [main/DEBUG] [mixin/]: MixinPlatformAgentDefault accepted container SecureJarResource(armordamagelimit)
[04Apr2026 15:24:08.718] [main/DEBUG] [mixin/]: Processing prepare() for PlatformAgent[MixinPlatformAgentDefault:SecureJarResource(armordamagelimit)]
[04Apr2026 15:24:08.718] [main/DEBUG] [mixin/]: Registering mixin config: armordamagelimit.mixins.json
[04Apr2026 15:24:08.720] [main/DEBUG] [mixin/]: Adding mixin platform agents for container SecureJarResource(gateways)
[04Apr2026 15:24:08.720] [main/DEBUG] [mixin/]: Instancing new MixinPlatformAgentMinecraftForge for SecureJarResource(gateways)
[04Apr2026 15:24:08.720] [main/DEBUG] [mixin/]: MixinPlatformAgentMinecraftForge rejected container SecureJarResource(gateways)
[04Apr2026 15:24:08.720] [main/DEBUG] [mixin/]: Instancing new MixinPlatformAgentDefault for SecureJarResource(gateways)
[04Apr2026 15:24:08.720] [main/DEBUG] [mixin/]: MixinPlatformAgentDefault accepted container SecureJarResource(gateways)
[04Apr2026 15:24:08.720] [main/DEBUG] [mixin/]: Processing prepare() for PlatformAgent[MixinPlatformAgentDefault:SecureJarResource(gateways)]
[04Apr2026 15:24:08.720] [main/DEBUG] [mixin/]: Adding mixin platform agents for container SecureJarResource(yungsapi)
[04Apr2026 15:24:08.720] [main/DEBUG] [mixin/]: Instancing new MixinPlatformAgentMinecraftForge for SecureJarResource(yungsapi)
[04Apr2026 15:24:08.721] [main/DEBUG] [mixin/]: MixinPlatformAgentMinecraftForge rejected container SecureJarResource(yungsapi)
[04Apr2026 15:24:08.721] [main/DEBUG] [mixin/]: Instancing new MixinPlatformAgentDefault for SecureJarResource(yungsapi)
[04Apr2026 15:24:08.721] [main/DEBUG] [mixin/]: MixinPlatformAgentDefault accepted container SecureJarResource(yungsapi)
[04Apr2026 15:24:08.721] [main/DEBUG] [mixin/]: Processing prepare() for PlatformAgent[MixinPlatformAgentDefault:SecureJarResource(yungsapi)]
[04Apr2026 15:24:08.721] [main/DEBUG] [mixin/]: Registering mixin config: yungsapi.mixins.json
[04Apr2026 15:24:08.722] [main/DEBUG] [mixin/]: Registering mixin config: yungsapi_forge.mixins.json
[04Apr2026 15:24:08.725] [main/DEBUG] [mixin/]: Adding mixin platform agents for container SecureJarResource(maxhealthfix)
[04Apr2026 15:24:08.725] [main/DEBUG] [mixin/]: Instancing new MixinPlatformAgentMinecraftForge for SecureJarResource(maxhealthfix)
[04Apr2026 15:24:08.725] [main/DEBUG] [mixin/]: MixinPlatformAgentMinecraftForge rejected container SecureJarResource(maxhealthfix)
[04Apr2026 15:24:08.725] [main/DEBUG] [mixin/]: Instancing new MixinPlatformAgentDefault for SecureJarResource(maxhealthfix)
[04Apr2026 15:24:08.725] [main/DEBUG] [mixin/]: MixinPlatformAgentDefault accepted container SecureJarResource(maxhealthfix)
[04Apr2026 15:24:08.725] [main/DEBUG] [mixin/]: Processing prepare() for PlatformAgent[MixinPlatformAgentDefault:SecureJarResource(maxhealthfix)]
[04Apr2026 15:24:08.725] [main/DEBUG] [mixin/]: Registering mixin config: maxhealthfix.common.mixins.json
[04Apr2026 15:24:08.726] [main/DEBUG] [mixin/]: Registering mixin config: maxhealthfix.forge.mixins.json
[04Apr2026 15:24:08.728] [main/DEBUG] [mixin/]: Adding mixin platform agents for container SecureJarResource(upgradednetherite_items)
[04Apr2026 15:24:08.728] [main/DEBUG] [mixin/]: Instancing new MixinPlatformAgentMinecraftForge for SecureJarResource(upgradednetherite_items)
[04Apr2026 15:24:08.729] [main/DEBUG] [mixin/]: MixinPlatformAgentMinecraftForge rejected container SecureJarResource(upgradednetherite_items)
[04Apr2026 15:24:08.729] [main/DEBUG] [mixin/]: Instancing new MixinPlatformAgentDefault for SecureJarResource(upgradednetherite_items)
[04Apr2026 15:24:08.729] [main/DEBUG] [mixin/]: MixinPlatformAgentDefault accepted container SecureJarResource(upgradednetherite_items)
[04Apr2026 15:24:08.729] [main/DEBUG] [mixin/]: Processing prepare() for PlatformAgent[MixinPlatformAgentDefault:SecureJarResource(upgradednetherite_items)]
[04Apr2026 15:24:08.729] [main/DEBUG] [mixin/]: Adding mixin platform agents for container SecureJarResource(vinery)
[04Apr2026 15:24:08.729] [main/DEBUG] [mixin/]: Instancing new MixinPlatformAgentMinecraftForge for SecureJarResource(vinery)
[04Apr2026 15:24:08.729] [main/DEBUG] [mixin/]: MixinPlatformAgentMinecraftForge rejected container SecureJarResource(vinery)
[04Apr2026 15:24:08.730] [main/DEBUG] [mixin/]: Instancing new MixinPlatformAgentDefault for SecureJarResource(vinery)
[04Apr2026 15:24:08.730] [main/DEBUG] [mixin/]: MixinPlatformAgentDefault accepted container SecureJarResource(vinery)
[04Apr2026 15:24:08.730] [main/DEBUG] [mixin/]: Processing prepare() for PlatformAgent[MixinPlatformAgentDefault:SecureJarResource(vinery)]
[04Apr2026 15:24:08.730] [main/DEBUG] [mixin/]: Registering mixin config: vinery-common.mixins.json
[04Apr2026 15:24:08.731] [main/DEBUG] [mixin/]: Registering mixin config: vinery.mixins.json
[04Apr2026 15:24:08.746] [main/DEBUG] [mixin/]: Adding mixin platform agents for container SecureJarResource(apotheosis)
[04Apr2026 15:24:08.747] [main/DEBUG] [mixin/]: Instancing new MixinPlatformAgentMinecraftForge for SecureJarResource(apotheosis)
[04Apr2026 15:24:08.747] [main/DEBUG] [mixin/]: MixinPlatformAgentMinecraftForge rejected container SecureJarResource(apotheosis)
[04Apr2026 15:24:08.747] [main/DEBUG] [mixin/]: Instancing new MixinPlatformAgentDefault for SecureJarResource(apotheosis)
[04Apr2026 15:24:08.747] [main/DEBUG] [mixin/]: MixinPlatformAgentDefault accepted container SecureJarResource(apotheosis)
[04Apr2026 15:24:08.748] [main/DEBUG] [mixin/]: Processing prepare() for PlatformAgent[MixinPlatformAgentDefault:SecureJarResource(apotheosis)]
[04Apr2026 15:24:08.748] [main/DEBUG] [mixin/]: Registering mixin config: apotheosis.mixins.json
[04Apr2026 15:24:08.753] [main/DEBUG] [mixin/]: Adding mixin platform agents for container SecureJarResource(savage_and_ravage)
[04Apr2026 15:24:08.753] [main/DEBUG] [mixin/]: Instancing new MixinPlatformAgentMinecraftForge for SecureJarResource(savage_and_ravage)
[04Apr2026 15:24:08.753] [main/DEBUG] [mixin/]: MixinPlatformAgentMinecraftForge rejected container SecureJarResource(savage_and_ravage)
[04Apr2026 15:24:08.753] [main/DEBUG] [mixin/]: Instancing new MixinPlatformAgentDefault for SecureJarResource(savage_and_ravage)
[04Apr2026 15:24:08.753] [main/DEBUG] [mixin/]: MixinPlatformAgentDefault accepted container SecureJarResource(savage_and_ravage)
[04Apr2026 15:24:08.753] [main/DEBUG] [mixin/]: Processing prepare() for PlatformAgent[MixinPlatformAgentDefault:SecureJarResource(savage_and_ravage)]
[04Apr2026 15:24:08.753] [main/DEBUG] [mixin/]: Registering mixin config: savage_and_ravage.mixins.json
[04Apr2026 15:24:08.757] [main/DEBUG] [mixin/]: Adding mixin platform agents for container SecureJarResource(clayworks)
[04Apr2026 15:24:08.757] [main/DEBUG] [mixin/]: Instancing new MixinPlatformAgentMinecraftForge for SecureJarResource(clayworks)
[04Apr2026 15:24:08.757] [main/DEBUG] [mixin/]: MixinPlatformAgentMinecraftForge rejected container SecureJarResource(clayworks)
[04Apr2026 15:24:08.757] [main/DEBUG] [mixin/]: Instancing new MixinPlatformAgentDefault for SecureJarResource(clayworks)
[04Apr2026 15:24:08.757] [main/DEBUG] [mixin/]: MixinPlatformAgentDefault accepted container SecureJarResource(clayworks)
[04Apr2026 15:24:08.757] [main/DEBUG] [mixin/]: Processing prepare() for PlatformAgent[MixinPlatformAgentDefault:SecureJarResource(clayworks)]
[04Apr2026 15:24:08.757] [main/DEBUG] [mixin/]: Adding mixin platform agents for container SecureJarResource(balm)
[04Apr2026 15:24:08.757] [main/DEBUG] [mixin/]: Instancing new MixinPlatformAgentMinecraftForge for SecureJarResource(balm)
[04Apr2026 15:24:08.758] [main/DEBUG] [mixin/]: MixinPlatformAgentMinecraftForge rejected container SecureJarResource(balm)
[04Apr2026 15:24:08.758] [main/DEBUG] [mixin/]: Instancing new MixinPlatformAgentDefault for SecureJarResource(balm)
[04Apr2026 15:24:08.758] [main/DEBUG] [mixin/]: MixinPlatformAgentDefault accepted container SecureJarResource(balm)
[04Apr2026 15:24:08.758] [main/DEBUG] [mixin/]: Processing prepare() for PlatformAgent[MixinPlatformAgentDefault:SecureJarResource(balm)]
[04Apr2026 15:24:08.758] [main/DEBUG] [mixin/]: Registering mixin config: balm.mixins.json
[04Apr2026 15:24:08.771] [main/DEBUG] [mixin/]: Adding mixin platform agents for container SecureJarResource(immersive_armors)
[04Apr2026 15:24:08.771] [main/DEBUG] [mixin/]: Instancing new MixinPlatformAgentMinecraftForge for SecureJarResource(immersive_armors)
[04Apr2026 15:24:08.771] [main/DEBUG] [mixin/]: MixinPlatformAgentMinecraftForge rejected container SecureJarResource(immersive_armors)
[04Apr2026 15:24:08.771] [main/DEBUG] [mixin/]: Instancing new MixinPlatformAgentDefault for SecureJarResource(immersive_armors)
[04Apr2026 15:24:08.771] [main/DEBUG] [mixin/]: MixinPlatformAgentDefault accepted container SecureJarResource(immersive_armors)
[04Apr2026 15:24:08.771] [main/DEBUG] [mixin/]: Processing prepare() for PlatformAgent[MixinPlatformAgentDefault:SecureJarResource(immersive_armors)]
[04Apr2026 15:24:08.771] [main/DEBUG] [mixin/]: Registering mixin config: immersive_armors.mixins.json
[04Apr2026 15:24:08.773] [main/DEBUG] [mixin/]: Adding mixin platform agents for container SecureJarResource(jeresources)
[04Apr2026 15:24:08.773] [main/DEBUG] [mixin/]: Instancing new MixinPlatformAgentMinecraftForge for SecureJarResource(jeresources)
[04Apr2026 15:24:08.773] [main/DEBUG] [mixin/]: MixinPlatformAgentMinecraftForge rejected container SecureJarResource(jeresources)
[04Apr2026 15:24:08.773] [main/DEBUG] [mixin/]: Instancing new MixinPlatformAgentDefault for SecureJarResource(jeresources)
[04Apr2026 15:24:08.773] [main/DEBUG] [mixin/]: MixinPlatformAgentDefault accepted container SecureJarResource(jeresources)
[04Apr2026 15:24:08.773] [main/DEBUG] [mixin/]: Processing prepare() for PlatformAgent[MixinPlatformAgentDefault:SecureJarResource(jeresources)]
[04Apr2026 15:24:08.774] [main/DEBUG] [mixin/]: Adding mixin platform agents for container SecureJarResource(cloth_config)
[04Apr2026 15:24:08.774] [main/DEBUG] [mixin/]: Instancing new MixinPlatformAgentMinecraftForge for SecureJarResource(cloth_config)
[04Apr2026 15:24:08.774] [main/DEBUG] [mixin/]: MixinPlatformAgentMinecraftForge rejected container SecureJarResource(cloth_config)
[04Apr2026 15:24:08.774] [main/DEBUG] [mixin/]: Instancing new MixinPlatformAgentDefault for SecureJarResource(cloth_config)
[04Apr2026 15:24:08.774] [main/DEBUG] [mixin/]: MixinPlatformAgentDefault accepted container SecureJarResource(cloth_config)
[04Apr2026 15:24:08.774] [main/DEBUG] [mixin/]: Processing prepare() for PlatformAgent[MixinPlatformAgentDefault:SecureJarResource(cloth_config)]
[04Apr2026 15:24:08.774] [main/DEBUG] [mixin/]: Adding mixin platform agents for container SecureJarResource(betterfortresses)
[04Apr2026 15:24:08.774] [main/DEBUG] [mixin/]: Instancing new MixinPlatformAgentMinecraftForge for SecureJarResource(betterfortresses)
[04Apr2026 15:24:08.774] [main/DEBUG] [mixin/]: MixinPlatformAgentMinecraftForge rejected container SecureJarResource(betterfortresses)
[04Apr2026 15:24:08.774] [main/DEBUG] [mixin/]: Instancing new MixinPlatformAgentDefault for SecureJarResource(betterfortresses)
[04Apr2026 15:24:08.774] [main/DEBUG] [mixin/]: MixinPlatformAgentDefault accepted container SecureJarResource(betterfortresses)
[04Apr2026 15:24:08.774] [main/DEBUG] [mixin/]: Processing prepare() for PlatformAgent[MixinPlatformAgentDefault:SecureJarResource(betterfortresses)]
[04Apr2026 15:24:08.774] [main/DEBUG] [mixin/]: Registering mixin config: betterfortresses.mixins.json
[04Apr2026 15:24:08.776] [main/DEBUG] [mixin/]: Registering mixin config: betterfortresses_forge.mixins.json
[04Apr2026 15:24:08.786] [main/DEBUG] [mixin/]: Adding mixin platform agents for container SecureJarResource(ctov)
[04Apr2026 15:24:08.787] [main/DEBUG] [mixin/]: Instancing new MixinPlatformAgentMinecraftForge for SecureJarResource(ctov)
[04Apr2026 15:24:08.787] [main/DEBUG] [mixin/]: MixinPlatformAgentMinecraftForge rejected container SecureJarResource(ctov)
[04Apr2026 15:24:08.787] [main/DEBUG] [mixin/]: Instancing new MixinPlatformAgentDefault for SecureJarResource(ctov)
[04Apr2026 15:24:08.787] [main/DEBUG] [mixin/]: MixinPlatformAgentDefault accepted container SecureJarResource(ctov)
[04Apr2026 15:24:08.787] [main/DEBUG] [mixin/]: Processing prepare() for PlatformAgent[MixinPlatformAgentDefault:SecureJarResource(ctov)]
[04Apr2026 15:24:08.787] [main/DEBUG] [mixin/]: Adding mixin platform agents for container SecureJarResource(autoleveling)
[04Apr2026 15:24:08.787] [main/DEBUG] [mixin/]: Instancing new MixinPlatformAgentMinecraftForge for SecureJarResource(autoleveling)
[04Apr2026 15:24:08.787] [main/DEBUG] [mixin/]: MixinPlatformAgentMinecraftForge rejected container SecureJarResource(autoleveling)
[04Apr2026 15:24:08.787] [main/DEBUG] [mixin/]: Instancing new MixinPlatformAgentDefault for SecureJarResource(autoleveling)
[04Apr2026 15:24:08.787] [main/DEBUG] [mixin/]: MixinPlatformAgentDefault accepted container SecureJarResource(autoleveling)
[04Apr2026 15:24:08.787] [main/DEBUG] [mixin/]: Processing prepare() for PlatformAgent[MixinPlatformAgentDefault:SecureJarResource(autoleveling)]
[04Apr2026 15:24:08.787] [main/DEBUG] [mixin/]: Registering mixin config: autoleveling.mixins.json
[04Apr2026 15:24:08.812] [main/DEBUG] [mixin/]: Adding mixin platform agents for container SecureJarResource(leavesbegone)
[04Apr2026 15:24:08.813] [main/DEBUG] [mixin/]: Instancing new MixinPlatformAgentMinecraftForge for SecureJarResource(leavesbegone)
[04Apr2026 15:24:08.814] [main/DEBUG] [mixin/]: MixinPlatformAgentMinecraftForge rejected container SecureJarResource(leavesbegone)
[04Apr2026 15:24:08.814] [main/DEBUG] [mixin/]: Instancing new MixinPlatformAgentDefault for SecureJarResource(leavesbegone)
[04Apr2026 15:24:08.814] [main/DEBUG] [mixin/]: MixinPlatformAgentDefault accepted container SecureJarResource(leavesbegone)
[04Apr2026 15:24:08.814] [main/DEBUG] [mixin/]: Processing prepare() for PlatformAgent[MixinPlatformAgentDefault:SecureJarResource(leavesbegone)]
[04Apr2026 15:24:08.814] [main/DEBUG] [mixin/]: Registering mixin config: leavesbegone.common.mixins.json
[04Apr2026 15:24:08.818] [main/DEBUG] [mixin/]: Adding mixin platform agents for container SecureJarResource(iter_rpg)
[04Apr2026 15:24:08.818] [main/DEBUG] [mixin/]: Instancing new MixinPlatformAgentMinecraftForge for SecureJarResource(iter_rpg)
[04Apr2026 15:24:08.818] [main/DEBUG] [mixin/]: MixinPlatformAgentMinecraftForge rejected container SecureJarResource(iter_rpg)
[04Apr2026 15:24:08.818] [main/DEBUG] [mixin/]: Instancing new MixinPlatformAgentDefault for SecureJarResource(iter_rpg)
[04Apr2026 15:24:08.818] [main/DEBUG] [mixin/]: MixinPlatformAgentDefault accepted container SecureJarResource(iter_rpg)
[04Apr2026 15:24:08.818] [main/DEBUG] [mixin/]: Processing prepare() for PlatformAgent[MixinPlatformAgentDefault:SecureJarResource(iter_rpg)]
[04Apr2026 15:24:08.818] [main/DEBUG] [mixin/]: Adding mixin platform agents for container SecureJarResource(supplementaries)
[04Apr2026 15:24:08.818] [main/DEBUG] [mixin/]: Instancing new MixinPlatformAgentMinecraftForge for SecureJarResource(supplementaries)
[04Apr2026 15:24:08.818] [main/DEBUG] [mixin/]: MixinPlatformAgentMinecraftForge rejected container SecureJarResource(supplementaries)
[04Apr2026 15:24:08.818] [main/DEBUG] [mixin/]: Instancing new MixinPlatformAgentDefault for SecureJarResource(supplementaries)
[04Apr2026 15:24:08.818] [main/DEBUG] [mixin/]: MixinPlatformAgentDefault accepted container SecureJarResource(supplementaries)
[04Apr2026 15:24:08.818] [main/DEBUG] [mixin/]: Processing prepare() for PlatformAgent[MixinPlatformAgentDefault:SecureJarResource(supplementaries)]
[04Apr2026 15:24:08.818] [main/DEBUG] [mixin/]: Registering mixin config: supplementaries-common.mixins.json
[04Apr2026 15:24:08.820] [main/DEBUG] [mixin/]: Registering mixin config: supplementaries.mixins.json
[04Apr2026 15:24:08.826] [main/DEBUG] [mixin/]: Adding mixin platform agents for container SecureJarResource(stylecolonies)
[04Apr2026 15:24:08.826] [main/DEBUG] [mixin/]: Instancing new MixinPlatformAgentMinecraftForge for SecureJarResource(stylecolonies)
[04Apr2026 15:24:08.826] [main/DEBUG] [mixin/]: MixinPlatformAgentMinecraftForge rejected container SecureJarResource(stylecolonies)
[04Apr2026 15:24:08.826] [main/DEBUG] [mixin/]: Instancing new MixinPlatformAgentDefault for SecureJarResource(stylecolonies)
[04Apr2026 15:24:08.827] [main/DEBUG] [mixin/]: MixinPlatformAgentDefault accepted container SecureJarResource(stylecolonies)
[04Apr2026 15:24:08.828] [main/DEBUG] [mixin/]: Processing prepare() for PlatformAgent[MixinPlatformAgentDefault:SecureJarResource(stylecolonies)]
[04Apr2026 15:24:08.828] [main/DEBUG] [mixin/]: Adding mixin platform agents for container SecureJarResource(upgradednetherite)
[04Apr2026 15:24:08.829] [main/DEBUG] [mixin/]: Instancing new MixinPlatformAgentMinecraftForge for SecureJarResource(upgradednetherite)
[04Apr2026 15:24:08.829] [main/DEBUG] [mixin/]: MixinPlatformAgentMinecraftForge rejected container SecureJarResource(upgradednetherite)
[04Apr2026 15:24:08.829] [main/DEBUG] [mixin/]: Instancing new MixinPlatformAgentDefault for SecureJarResource(upgradednetherite)
[04Apr2026 15:24:08.829] [main/DEBUG] [mixin/]: MixinPlatformAgentDefault accepted container SecureJarResource(upgradednetherite)
[04Apr2026 15:24:08.829] [main/DEBUG] [mixin/]: Processing prepare() for PlatformAgent[MixinPlatformAgentDefault:SecureJarResource(upgradednetherite)]
[04Apr2026 15:24:08.829] [main/DEBUG] [mixin/]: Registering mixin config: upgradednetherite.mixins.json
[04Apr2026 15:24:08.836] [main/DEBUG] [mixin/]: Adding mixin platform agents for container SecureJarResource(advancementplaques)
[04Apr2026 15:24:08.836] [main/DEBUG] [mixin/]: Instancing new MixinPlatformAgentMinecraftForge for SecureJarResource(advancementplaques)
[04Apr2026 15:24:08.836] [main/DEBUG] [mixin/]: MixinPlatformAgentMinecraftForge rejected container SecureJarResource(advancementplaques)
[04Apr2026 15:24:08.836] [main/DEBUG] [mixin/]: Instancing new MixinPlatformAgentDefault for SecureJarResource(advancementplaques)
[04Apr2026 15:24:08.836] [main/DEBUG] [mixin/]: MixinPlatformAgentDefault accepted container SecureJarResource(advancementplaques)
[04Apr2026 15:24:08.836] [main/DEBUG] [mixin/]: Processing prepare() for PlatformAgent[MixinPlatformAgentDefault:SecureJarResource(advancementplaques)]
[04Apr2026 15:24:08.837] [main/DEBUG] [mixin/]: Adding mixin platform agents for container SecureJarResource(corpse)
[04Apr2026 15:24:08.837] [main/DEBUG] [mixin/]: Instancing new MixinPlatformAgentMinecraftForge for SecureJarResource(corpse)
[04Apr2026 15:24:08.837] [main/DEBUG] [mixin/]: MixinPlatformAgentMinecraftForge rejected container SecureJarResource(corpse)
[04Apr2026 15:24:08.837] [main/DEBUG] [mixin/]: Instancing new MixinPlatformAgentDefault for SecureJarResource(corpse)
[04Apr2026 15:24:08.837] [main/DEBUG] [mixin/]: MixinPlatformAgentDefault accepted container SecureJarResource(corpse)
[04Apr2026 15:24:08.837] [main/DEBUG] [mixin/]: Processing prepare() for PlatformAgent[MixinPlatformAgentDefault:SecureJarResource(corpse)]
[04Apr2026 15:24:08.837] [main/DEBUG] [mixin/]: Adding mixin platform agents for container SecureJarResource(solapplepie)
[04Apr2026 15:24:08.837] [main/DEBUG] [mixin/]: Instancing new MixinPlatformAgentMinecraftForge for SecureJarResource(solapplepie)
[04Apr2026 15:24:08.837] [main/DEBUG] [mixin/]: MixinPlatformAgentMinecraftForge rejected container SecureJarResource(solapplepie)
[04Apr2026 15:24:08.837] [main/DEBUG] [mixin/]: Instancing new MixinPlatformAgentDefault for SecureJarResource(solapplepie)
[04Apr2026 15:24:08.837] [main/DEBUG] [mixin/]: MixinPlatformAgentDefault accepted container SecureJarResource(solapplepie)
[04Apr2026 15:24:08.837] [main/DEBUG] [mixin/]: Processing prepare() for PlatformAgent[MixinPlatformAgentDefault:SecureJarResource(solapplepie)]
[04Apr2026 15:24:08.837] [main/DEBUG] [mixin/]: Adding mixin platform agents for container SecureJarResource(structure_gel)
[04Apr2026 15:24:08.837] [main/DEBUG] [mixin/]: Instancing new MixinPlatformAgentMinecraftForge for SecureJarResource(structure_gel)
[04Apr2026 15:24:08.837] [main/DEBUG] [mixin/]: MixinPlatformAgentMinecraftForge rejected container SecureJarResource(structure_gel)
[04Apr2026 15:24:08.837] [main/DEBUG] [mixin/]: Instancing new MixinPlatformAgentDefault for SecureJarResource(structure_gel)
[04Apr2026 15:24:08.837] [main/DEBUG] [mixin/]: MixinPlatformAgentDefault accepted container SecureJarResource(structure_gel)
[04Apr2026 15:24:08.837] [main/DEBUG] [mixin/]: Processing prepare() for PlatformAgent[MixinPlatformAgentDefault:SecureJarResource(structure_gel)]
[04Apr2026 15:24:08.837] [main/DEBUG] [mixin/]: Registering mixin config: structure_gel.mixins.json
[04Apr2026 15:24:08.840] [main/DEBUG] [mixin/]: Adding mixin platform agents for container SecureJarResource(ftbxmodcompat)
[04Apr2026 15:24:08.840] [main/DEBUG] [mixin/]: Instancing new MixinPlatformAgentMinecraftForge for SecureJarResource(ftbxmodcompat)
[04Apr2026 15:24:08.840] [main/DEBUG] [mixin/]: MixinPlatformAgentMinecraftForge rejected container SecureJarResource(ftbxmodcompat)
[04Apr2026 15:24:08.840] [main/DEBUG] [mixin/]: Instancing new MixinPlatformAgentDefault for SecureJarResource(ftbxmodcompat)
[04Apr2026 15:24:08.840] [main/DEBUG] [mixin/]: MixinPlatformAgentDefault accepted container SecureJarResource(ftbxmodcompat)
[04Apr2026 15:24:08.840] [main/DEBUG] [mixin/]: Processing prepare() for PlatformAgent[MixinPlatformAgentDefault:SecureJarResource(ftbxmodcompat)]
[04Apr2026 15:24:08.840] [main/DEBUG] [mixin/]: Adding mixin platform agents for container SecureJarResource(combatroll)
[04Apr2026 15:24:08.840] [main/DEBUG] [mixin/]: Instancing new MixinPlatformAgentMinecraftForge for SecureJarResource(combatroll)
[04Apr2026 15:24:08.840] [main/DEBUG] [mixin/]: MixinPlatformAgentMinecraftForge rejected container SecureJarResource(combatroll)
[04Apr2026 15:24:08.840] [main/DEBUG] [mixin/]: Instancing new MixinPlatformAgentDefault for SecureJarResource(combatroll)
[04Apr2026 15:24:08.840] [main/DEBUG] [mixin/]: MixinPlatformAgentDefault accepted container SecureJarResource(combatroll)
[04Apr2026 15:24:08.840] [main/DEBUG] [mixin/]: Processing prepare() for PlatformAgent[MixinPlatformAgentDefault:SecureJarResource(combatroll)]
[04Apr2026 15:24:08.840] [main/DEBUG] [mixin/]: Registering mixin config: combatroll.mixins.json
[04Apr2026 15:24:08.843] [main/DEBUG] [mixin/]: Adding mixin platform agents for container SecureJarResource(morevillagers)
[04Apr2026 15:24:08.843] [main/DEBUG] [mixin/]: Instancing new MixinPlatformAgentMinecraftForge for SecureJarResource(morevillagers)
[04Apr2026 15:24:08.843] [main/DEBUG] [mixin/]: MixinPlatformAgentMinecraftForge rejected container SecureJarResource(morevillagers)
[04Apr2026 15:24:08.844] [main/DEBUG] [mixin/]: Instancing new MixinPlatformAgentDefault for SecureJarResource(morevillagers)
[04Apr2026 15:24:08.844] [main/DEBUG] [mixin/]: MixinPlatformAgentDefault accepted container SecureJarResource(morevillagers)
[04Apr2026 15:24:08.844] [main/DEBUG] [mixin/]: Processing prepare() for PlatformAgent[MixinPlatformAgentDefault:SecureJarResource(morevillagers)]
[04Apr2026 15:24:08.844] [main/DEBUG] [mixin/]: Registering mixin config: morevillagers-common.mixins.json
[04Apr2026 15:24:08.847] [main/DEBUG] [mixin/]: Registering mixin config: morevillagers.mixins.json
[04Apr2026 15:24:08.850] [main/DEBUG] [mixin/]: Adding mixin platform agents for container SecureJarResource(repurposed_structures)
[04Apr2026 15:24:08.850] [main/DEBUG] [mixin/]: Instancing new MixinPlatformAgentMinecraftForge for SecureJarResource(repurposed_structures)
[04Apr2026 15:24:08.850] [main/DEBUG] [mixin/]: MixinPlatformAgentMinecraftForge rejected container SecureJarResource(repurposed_structures)
[04Apr2026 15:24:08.850] [main/DEBUG] [mixin/]: Instancing new MixinPlatformAgentDefault for SecureJarResource(repurposed_structures)
[04Apr2026 15:24:08.850] [main/DEBUG] [mixin/]: MixinPlatformAgentDefault accepted container SecureJarResource(repurposed_structures)
[04Apr2026 15:24:08.850] [main/DEBUG] [mixin/]: Processing prepare() for PlatformAgent[MixinPlatformAgentDefault:SecureJarResource(repurposed_structures)]
[04Apr2026 15:24:08.850] [main/DEBUG] [mixin/]: Registering mixin config: repurposed_structures.mixins.json
[04Apr2026 15:24:08.861] [main/DEBUG] [mixin/]: Adding mixin platform agents for container SecureJarResource(explorify)
[04Apr2026 15:24:08.861] [main/DEBUG] [mixin/]: Instancing new MixinPlatformAgentMinecraftForge for SecureJarResource(explorify)
[04Apr2026 15:24:08.861] [main/DEBUG] [mixin/]: MixinPlatformAgentMinecraftForge rejected container SecureJarResource(explorify)
[04Apr2026 15:24:08.861] [main/DEBUG] [mixin/]: Instancing new MixinPlatformAgentDefault for SecureJarResource(explorify)
[04Apr2026 15:24:08.861] [main/DEBUG] [mixin/]: MixinPlatformAgentDefault accepted container SecureJarResource(explorify)
[04Apr2026 15:24:08.861] [main/DEBUG] [mixin/]: Processing prepare() for PlatformAgent[MixinPlatformAgentDefault:SecureJarResource(explorify)]
[04Apr2026 15:24:08.861] [main/DEBUG] [mixin/]: Adding mixin platform agents for container SecureJarResource(ironfurnaces)
[04Apr2026 15:24:08.861] [main/DEBUG] [mixin/]: Instancing new MixinPlatformAgentMinecraftForge for SecureJarResource(ironfurnaces)
[04Apr2026 15:24:08.861] [main/DEBUG] [mixin/]: MixinPlatformAgentMinecraftForge rejected container SecureJarResource(ironfurnaces)
[04Apr2026 15:24:08.861] [main/DEBUG] [mixin/]: Instancing new MixinPlatformAgentDefault for SecureJarResource(ironfurnaces)
[04Apr2026 15:24:08.861] [main/DEBUG] [mixin/]: MixinPlatformAgentDefault accepted container SecureJarResource(ironfurnaces)
[04Apr2026 15:24:08.861] [main/DEBUG] [mixin/]: Processing prepare() for PlatformAgent[MixinPlatformAgentDefault:SecureJarResource(ironfurnaces)]
[04Apr2026 15:24:08.861] [main/DEBUG] [mixin/]: Adding mixin platform agents for container SecureJarResource(dungeons_plus)
[04Apr2026 15:24:08.861] [main/DEBUG] [mixin/]: Instancing new MixinPlatformAgentMinecraftForge for SecureJarResource(dungeons_plus)
[04Apr2026 15:24:08.861] [main/DEBUG] [mixin/]: MixinPlatformAgentMinecraftForge rejected container SecureJarResource(dungeons_plus)
[04Apr2026 15:24:08.861] [main/DEBUG] [mixin/]: Instancing new MixinPlatformAgentDefault for SecureJarResource(dungeons_plus)
[04Apr2026 15:24:08.861] [main/DEBUG] [mixin/]: MixinPlatformAgentDefault accepted container SecureJarResource(dungeons_plus)
[04Apr2026 15:24:08.861] [main/DEBUG] [mixin/]: Processing prepare() for PlatformAgent[MixinPlatformAgentDefault:SecureJarResource(dungeons_plus)]
[04Apr2026 15:24:08.861] [main/DEBUG] [mixin/]: Registering mixin config: dungeons_plus.mixins.json
[04Apr2026 15:24:08.864] [main/DEBUG] [mixin/]: Adding mixin platform agents for container SecureJarResource(unusualend)
[04Apr2026 15:24:08.864] [main/DEBUG] [mixin/]: Instancing new MixinPlatformAgentMinecraftForge for SecureJarResource(unusualend)
[04Apr2026 15:24:08.864] [main/DEBUG] [mixin/]: MixinPlatformAgentMinecraftForge rejected container SecureJarResource(unusualend)
[04Apr2026 15:24:08.864] [main/DEBUG] [mixin/]: Instancing new MixinPlatformAgentDefault for SecureJarResource(unusualend)
[04Apr2026 15:24:08.864] [main/DEBUG] [mixin/]: MixinPlatformAgentDefault accepted container SecureJarResource(unusualend)
[04Apr2026 15:24:08.864] [main/DEBUG] [mixin/]: Processing prepare() for PlatformAgent[MixinPlatformAgentDefault:SecureJarResource(unusualend)]
[04Apr2026 15:24:08.864] [main/DEBUG] [mixin/]: Adding mixin platform agents for container SecureJarResource(darkerdepths)
[04Apr2026 15:24:08.864] [main/DEBUG] [mixin/]: Instancing new MixinPlatformAgentMinecraftForge for SecureJarResource(darkerdepths)
[04Apr2026 15:24:08.864] [main/DEBUG] [mixin/]: MixinPlatformAgentMinecraftForge rejected container SecureJarResource(darkerdepths)
[04Apr2026 15:24:08.864] [main/DEBUG] [mixin/]: Instancing new MixinPlatformAgentDefault for SecureJarResource(darkerdepths)
[04Apr2026 15:24:08.864] [main/DEBUG] [mixin/]: MixinPlatformAgentDefault accepted container SecureJarResource(darkerdepths)
[04Apr2026 15:24:08.864] [main/DEBUG] [mixin/]: Processing prepare() for PlatformAgent[MixinPlatformAgentDefault:SecureJarResource(darkerdepths)]
[04Apr2026 15:24:08.864] [main/DEBUG] [mixin/]: Registering mixin config: darkerdepths.mixins.json
[04Apr2026 15:24:08.867] [main/DEBUG] [mixin/]: Compatibility level JAVA_8 specified by darkerdepths.mixins.json is lower than the default level supported by the current mixin service (JAVA_16).
[04Apr2026 15:24:08.868] [main/DEBUG] [mixin/]: Adding mixin platform agents for container SecureJarResource(servercore)
[04Apr2026 15:24:08.868] [main/DEBUG] [mixin/]: Instancing new MixinPlatformAgentMinecraftForge for SecureJarResource(servercore)
[04Apr2026 15:24:08.868] [main/DEBUG] [mixin/]: MixinPlatformAgentMinecraftForge rejected container SecureJarResource(servercore)
[04Apr2026 15:24:08.868] [main/DEBUG] [mixin/]: Instancing new MixinPlatformAgentDefault for SecureJarResource(servercore)
[04Apr2026 15:24:08.868] [main/DEBUG] [mixin/]: MixinPlatformAgentDefault accepted container SecureJarResource(servercore)
[04Apr2026 15:24:08.868] [main/DEBUG] [mixin/]: Processing prepare() for PlatformAgent[MixinPlatformAgentDefault:SecureJarResource(servercore)]
[04Apr2026 15:24:08.868] [main/DEBUG] [mixin/]: Registering mixin config: servercore.common.mixins.json
[04Apr2026 15:24:08.871] [main/DEBUG] [mixin/]: Compatibility level JAVA_16 specified by servercore.common.mixins.json is higher than the maximum level supported by this version of mixin (JAVA_13).
[04Apr2026 15:24:08.871] [main/DEBUG] [mixin/]: Adding mixin platform agents for container SecureJarResource(highlighter)
[04Apr2026 15:24:08.871] [main/DEBUG] [mixin/]: Instancing new MixinPlatformAgentMinecraftForge for SecureJarResource(highlighter)
[04Apr2026 15:24:08.872] [main/DEBUG] [mixin/]: MixinPlatformAgentMinecraftForge rejected container SecureJarResource(highlighter)
[04Apr2026 15:24:08.872] [main/DEBUG] [mixin/]: Instancing new MixinPlatformAgentDefault for SecureJarResource(highlighter)
[04Apr2026 15:24:08.872] [main/DEBUG] [mixin/]: MixinPlatformAgentDefault accepted container SecureJarResource(highlighter)
[04Apr2026 15:24:08.872] [main/DEBUG] [mixin/]: Processing prepare() for PlatformAgent[MixinPlatformAgentDefault:SecureJarResource(highlighter)]
[04Apr2026 15:24:08.872] [main/DEBUG] [mixin/]: Registering mixin config: highlighter.mixins.json
[04Apr2026 15:24:08.875] [main/DEBUG] [mixin/]: Adding mixin platform agents for container SecureJarResource(reeses_sodium_options)
[04Apr2026 15:24:08.875] [main/DEBUG] [mixin/]: Instancing new MixinPlatformAgentMinecraftForge for SecureJarResource(reeses_sodium_options)
[04Apr2026 15:24:08.875] [main/DEBUG] [mixin/]: MixinPlatformAgentMinecraftForge rejected container SecureJarResource(reeses_sodium_options)
[04Apr2026 15:24:08.875] [main/DEBUG] [mixin/]: Instancing new MixinPlatformAgentDefault for SecureJarResource(reeses_sodium_options)
[04Apr2026 15:24:08.875] [main/DEBUG] [mixin/]: MixinPlatformAgentDefault accepted container SecureJarResource(reeses_sodium_options)
[04Apr2026 15:24:08.875] [main/DEBUG] [mixin/]: Processing prepare() for PlatformAgent[MixinPlatformAgentDefault:SecureJarResource(reeses_sodium_options)]
[04Apr2026 15:24:08.875] [main/DEBUG] [mixin/]: Registering mixin config: reeses_sodium_options.mixins.json
[04Apr2026 15:24:08.877] [main/DEBUG] [mixin/]: Adding mixin platform agents for container SecureJarResource(mcsa)
[04Apr2026 15:24:08.877] [main/DEBUG] [mixin/]: Instancing new MixinPlatformAgentMinecraftForge for SecureJarResource(mcsa)
[04Apr2026 15:24:08.877] [main/DEBUG] [mixin/]: MixinPlatformAgentMinecraftForge rejected container SecureJarResource(mcsa)
[04Apr2026 15:24:08.877] [main/DEBUG] [mixin/]: Instancing new MixinPlatformAgentDefault for SecureJarResource(mcsa)
[04Apr2026 15:24:08.877] [main/DEBUG] [mixin/]: MixinPlatformAgentDefault accepted container SecureJarResource(mcsa)
[04Apr2026 15:24:08.877] [main/DEBUG] [mixin/]: Processing prepare() for PlatformAgent[MixinPlatformAgentDefault:SecureJarResource(mcsa)]
[04Apr2026 15:24:08.878] [main/DEBUG] [mixin/]: Adding mixin platform agents for container SecureJarResource(curios)
[04Apr2026 15:24:08.878] [main/DEBUG] [mixin/]: Instancing new MixinPlatformAgentMinecraftForge for SecureJarResource(curios)
[04Apr2026 15:24:08.878] [main/DEBUG] [mixin/]: MixinPlatformAgentMinecraftForge rejected container SecureJarResource(curios)
[04Apr2026 15:24:08.878] [main/DEBUG] [mixin/]: Instancing new MixinPlatformAgentDefault for SecureJarResource(curios)
[04Apr2026 15:24:08.878] [main/DEBUG] [mixin/]: MixinPlatformAgentDefault accepted container SecureJarResource(curios)
[04Apr2026 15:24:08.878] [main/DEBUG] [mixin/]: Processing prepare() for PlatformAgent[MixinPlatformAgentDefault:SecureJarResource(curios)]
[04Apr2026 15:24:08.878] [main/DEBUG] [mixin/]: Registering mixin config: curios.mixins.json
[04Apr2026 15:24:08.887] [main/DEBUG] [mixin/]: Adding mixin platform agents for container SecureJarResource(origins)
[04Apr2026 15:24:08.887] [main/DEBUG] [mixin/]: Instancing new MixinPlatformAgentMinecraftForge for SecureJarResource(origins)
[04Apr2026 15:24:08.887] [main/DEBUG] [mixin/]: MixinPlatformAgentMinecraftForge rejected container SecureJarResource(origins)
[04Apr2026 15:24:08.887] [main/DEBUG] [mixin/]: Instancing new MixinPlatformAgentDefault for SecureJarResource(origins)
[04Apr2026 15:24:08.887] [main/DEBUG] [mixin/]: MixinPlatformAgentDefault accepted container SecureJarResource(origins)
[04Apr2026 15:24:08.887] [main/DEBUG] [mixin/]: Processing prepare() for PlatformAgent[MixinPlatformAgentDefault:SecureJarResource(origins)]
[04Apr2026 15:24:08.888] [main/DEBUG] [mixin/]: Registering mixin config: origins.mixins.json
[04Apr2026 15:24:08.890] [main/DEBUG] [mixin/]: Adding mixin platform agents for container SecureJarResource(gamestages)
[04Apr2026 15:24:08.890] [main/DEBUG] [mixin/]: Instancing new MixinPlatformAgentMinecraftForge for SecureJarResource(gamestages)
[04Apr2026 15:24:08.890] [main/DEBUG] [mixin/]: MixinPlatformAgentMinecraftForge rejected container SecureJarResource(gamestages)
[04Apr2026 15:24:08.890] [main/DEBUG] [mixin/]: Instancing new MixinPlatformAgentDefault for SecureJarResource(gamestages)
[04Apr2026 15:24:08.890] [main/DEBUG] [mixin/]: MixinPlatformAgentDefault accepted container SecureJarResource(gamestages)
[04Apr2026 15:24:08.890] [main/DEBUG] [mixin/]: Processing prepare() for PlatformAgent[MixinPlatformAgentDefault:SecureJarResource(gamestages)]
[04Apr2026 15:24:08.890] [main/DEBUG] [mixin/]: Adding mixin platform agents for container SecureJarResource(rightclickharvest)
[04Apr2026 15:24:08.890] [main/DEBUG] [mixin/]: Instancing new MixinPlatformAgentMinecraftForge for SecureJarResource(rightclickharvest)
[04Apr2026 15:24:08.891] [main/DEBUG] [mixin/]: MixinPlatformAgentMinecraftForge rejected container SecureJarResource(rightclickharvest)
[04Apr2026 15:24:08.891] [main/DEBUG] [mixin/]: Instancing new MixinPlatformAgentDefault for SecureJarResource(rightclickharvest)
[04Apr2026 15:24:08.891] [main/DEBUG] [mixin/]: MixinPlatformAgentDefault accepted container SecureJarResource(rightclickharvest)
[04Apr2026 15:24:08.891] [main/DEBUG] [mixin/]: Processing prepare() for PlatformAgent[MixinPlatformAgentDefault:SecureJarResource(rightclickharvest)]
[04Apr2026 15:24:08.891] [main/DEBUG] [mixin/]: Adding mixin platform agents for container SecureJarResource(noisium)
[04Apr2026 15:24:08.891] [main/DEBUG] [mixin/]: Instancing new MixinPlatformAgentMinecraftForge for SecureJarResource(noisium)
[04Apr2026 15:24:08.891] [main/DEBUG] [mixin/]: MixinPlatformAgentMinecraftForge rejected container SecureJarResource(noisium)
[04Apr2026 15:24:08.891] [main/DEBUG] [mixin/]: Instancing new MixinPlatformAgentDefault for SecureJarResource(noisium)
[04Apr2026 15:24:08.891] [main/DEBUG] [mixin/]: MixinPlatformAgentDefault accepted container SecureJarResource(noisium)
[04Apr2026 15:24:08.891] [main/DEBUG] [mixin/]: Processing prepare() for PlatformAgent[MixinPlatformAgentDefault:SecureJarResource(noisium)]
[04Apr2026 15:24:08.891] [main/DEBUG] [mixin/]: Registering mixin config: noisium.mixins.json
[04Apr2026 15:24:08.893] [main/DEBUG] [mixin/]: Adding mixin platform agents for container SecureJarResource(dragonenchants)
[04Apr2026 15:24:08.893] [main/DEBUG] [mixin/]: Instancing new MixinPlatformAgentMinecraftForge for SecureJarResource(dragonenchants)
[04Apr2026 15:24:08.893] [main/DEBUG] [mixin/]: MixinPlatformAgentMinecraftForge rejected container SecureJarResource(dragonenchants)
[04Apr2026 15:24:08.893] [main/DEBUG] [mixin/]: Instancing new MixinPlatformAgentDefault for SecureJarResource(dragonenchants)
[04Apr2026 15:24:08.893] [main/DEBUG] [mixin/]: MixinPlatformAgentDefault accepted container SecureJarResource(dragonenchants)
[04Apr2026 15:24:08.893] [main/DEBUG] [mixin/]: Processing prepare() for PlatformAgent[MixinPlatformAgentDefault:SecureJarResource(dragonenchants)]
[04Apr2026 15:24:08.893] [main/DEBUG] [mixin/]: Adding mixin platform agents for container SecureJarResource(cumulus_menus)
[04Apr2026 15:24:08.893] [main/DEBUG] [mixin/]: Instancing new MixinPlatformAgentMinecraftForge for SecureJarResource(cumulus_menus)
[04Apr2026 15:24:08.893] [main/DEBUG] [mixin/]: MixinPlatformAgentMinecraftForge rejected container SecureJarResource(cumulus_menus)
[04Apr2026 15:24:08.893] [main/DEBUG] [mixin/]: Instancing new MixinPlatformAgentDefault for SecureJarResource(cumulus_menus)
[04Apr2026 15:24:08.893] [main/DEBUG] [mixin/]: MixinPlatformAgentDefault accepted container SecureJarResource(cumulus_menus)
[04Apr2026 15:24:08.893] [main/DEBUG] [mixin/]: Processing prepare() for PlatformAgent[MixinPlatformAgentDefault:SecureJarResource(cumulus_menus)]
[04Apr2026 15:24:08.893] [main/DEBUG] [mixin/]: Registering mixin config: cumulus_menus.mixins.json
[04Apr2026 15:24:08.896] [main/DEBUG] [mixin/]: Adding mixin platform agents for container SecureJarResource(constructionwand)
[04Apr2026 15:24:08.896] [main/DEBUG] [mixin/]: Instancing new MixinPlatformAgentMinecraftForge for SecureJarResource(constructionwand)
[04Apr2026 15:24:08.896] [main/DEBUG] [mixin/]: MixinPlatformAgentMinecraftForge rejected container SecureJarResource(constructionwand)
[04Apr2026 15:24:08.896] [main/DEBUG] [mixin/]: Instancing new MixinPlatformAgentDefault for SecureJarResource(constructionwand)
[04Apr2026 15:24:08.896] [main/DEBUG] [mixin/]: MixinPlatformAgentDefault accepted container SecureJarResource(constructionwand)
[04Apr2026 15:24:08.896] [main/DEBUG] [mixin/]: Processing prepare() for PlatformAgent[MixinPlatformAgentDefault:SecureJarResource(constructionwand)]
[04Apr2026 15:24:08.896] [main/DEBUG] [mixin/]: Adding mixin platform agents for container SecureJarResource(pluto)
[04Apr2026 15:24:08.896] [main/DEBUG] [mixin/]: Instancing new MixinPlatformAgentMinecraftForge for SecureJarResource(pluto)
[04Apr2026 15:24:08.896] [main/DEBUG] [mixin/]: MixinPlatformAgentMinecraftForge rejected container SecureJarResource(pluto)
[04Apr2026 15:24:08.896] [main/DEBUG] [mixin/]: Instancing new MixinPlatformAgentDefault for SecureJarResource(pluto)
[04Apr2026 15:24:08.896] [main/DEBUG] [mixin/]: MixinPlatformAgentDefault accepted container SecureJarResource(pluto)
[04Apr2026 15:24:08.896] [main/DEBUG] [mixin/]: Processing prepare() for PlatformAgent[MixinPlatformAgentDefault:SecureJarResource(pluto)]
[04Apr2026 15:24:08.896] [main/DEBUG] [mixin/]: Registering mixin config: pluto.mixins.json
[04Apr2026 15:24:08.898] [main/DEBUG] [mixin/]: Adding mixin platform agents for container SecureJarResource(apothiccurios)
[04Apr2026 15:24:08.898] [main/DEBUG] [mixin/]: Instancing new MixinPlatformAgentMinecraftForge for SecureJarResource(apothiccurios)
[04Apr2026 15:24:08.898] [main/DEBUG] [mixin/]: MixinPlatformAgentMinecraftForge rejected container SecureJarResource(apothiccurios)
[04Apr2026 15:24:08.898] [main/DEBUG] [mixin/]: Instancing new MixinPlatformAgentDefault for SecureJarResource(apothiccurios)
[04Apr2026 15:24:08.898] [main/DEBUG] [mixin/]: MixinPlatformAgentDefault accepted container SecureJarResource(apothiccurios)
[04Apr2026 15:24:08.898] [main/DEBUG] [mixin/]: Processing prepare() for PlatformAgent[MixinPlatformAgentDefault:SecureJarResource(apothiccurios)]
[04Apr2026 15:24:08.898] [main/DEBUG] [mixin/]: Registering mixin config: apothiccurios.mixins.json
[04Apr2026 15:24:08.906] [main/DEBUG] [mixin/]: Adding mixin platform agents for container SecureJarResource(betterwithminecolonies)
[04Apr2026 15:24:08.906] [main/DEBUG] [mixin/]: Instancing new MixinPlatformAgentMinecraftForge for SecureJarResource(betterwithminecolonies)
[04Apr2026 15:24:08.906] [main/DEBUG] [mixin/]: MixinPlatformAgentMinecraftForge rejected container SecureJarResource(betterwithminecolonies)
[04Apr2026 15:24:08.906] [main/DEBUG] [mixin/]: Instancing new MixinPlatformAgentDefault for SecureJarResource(betterwithminecolonies)
[04Apr2026 15:24:08.906] [main/DEBUG] [mixin/]: MixinPlatformAgentDefault accepted container SecureJarResource(betterwithminecolonies)
[04Apr2026 15:24:08.906] [main/DEBUG] [mixin/]: Processing prepare() for PlatformAgent[MixinPlatformAgentDefault:SecureJarResource(betterwithminecolonies)]
[04Apr2026 15:24:08.907] [main/DEBUG] [mixin/]: Adding mixin platform agents for container SecureJarResource(betterendisland)
[04Apr2026 15:24:08.907] [main/DEBUG] [mixin/]: Instancing new MixinPlatformAgentMinecraftForge for SecureJarResource(betterendisland)
[04Apr2026 15:24:08.907] [main/DEBUG] [mixin/]: MixinPlatformAgentMinecraftForge rejected container SecureJarResource(betterendisland)
[04Apr2026 15:24:08.907] [main/DEBUG] [mixin/]: Instancing new MixinPlatformAgentDefault for SecureJarResource(betterendisland)
[04Apr2026 15:24:08.907] [main/DEBUG] [mixin/]: MixinPlatformAgentDefault accepted container SecureJarResource(betterendisland)
[04Apr2026 15:24:08.907] [main/DEBUG] [mixin/]: Processing prepare() for PlatformAgent[MixinPlatformAgentDefault:SecureJarResource(betterendisland)]
[04Apr2026 15:24:08.907] [main/DEBUG] [mixin/]: Registering mixin config: betterendisland.mixins.json
[04Apr2026 15:24:08.908] [main/DEBUG] [mixin/]: Registering mixin config: betterendisland_forge.mixins.json
[04Apr2026 15:24:08.918] [main/DEBUG] [mixin/]: Adding mixin platform agents for container SecureJarResource(nitrogen_internals)
[04Apr2026 15:24:08.918] [main/DEBUG] [mixin/]: Instancing new MixinPlatformAgentMinecraftForge for SecureJarResource(nitrogen_internals)
[04Apr2026 15:24:08.918] [main/DEBUG] [mixin/]: MixinPlatformAgentMinecraftForge rejected container SecureJarResource(nitrogen_internals)
[04Apr2026 15:24:08.918] [main/DEBUG] [mixin/]: Instancing new MixinPlatformAgentDefault for SecureJarResource(nitrogen_internals)
[04Apr2026 15:24:08.918] [main/DEBUG] [mixin/]: MixinPlatformAgentDefault accepted container SecureJarResource(nitrogen_internals)
[04Apr2026 15:24:08.918] [main/DEBUG] [mixin/]: Processing prepare() for PlatformAgent[MixinPlatformAgentDefault:SecureJarResource(nitrogen_internals)]
[04Apr2026 15:24:08.918] [main/DEBUG] [mixin/]: Registering mixin config: nitrogen_internals.mixins.json
[04Apr2026 15:24:08.920] [main/DEBUG] [mixin/]: Adding mixin platform agents for container SecureJarResource(celestisynth)
[04Apr2026 15:24:08.920] [main/DEBUG] [mixin/]: Instancing new MixinPlatformAgentMinecraftForge for SecureJarResource(celestisynth)
[04Apr2026 15:24:08.920] [main/DEBUG] [mixin/]: MixinPlatformAgentMinecraftForge rejected container SecureJarResource(celestisynth)
[04Apr2026 15:24:08.920] [main/DEBUG] [mixin/]: Instancing new MixinPlatformAgentDefault for SecureJarResource(celestisynth)
[04Apr2026 15:24:08.920] [main/DEBUG] [mixin/]: MixinPlatformAgentDefault accepted container SecureJarResource(celestisynth)
[04Apr2026 15:24:08.920] [main/DEBUG] [mixin/]: Processing prepare() for PlatformAgent[MixinPlatformAgentDefault:SecureJarResource(celestisynth)]
[04Apr2026 15:24:08.920] [main/DEBUG] [mixin/]: Registering mixin config: celestisynth.mixins.json
[04Apr2026 15:24:08.928] [main/ERROR] [mixin/]: Mixin config celestisynth.mixins.json does not specify "minVersion" property
[04Apr2026 15:24:08.930] [main/DEBUG] [mixin/]: Adding mixin platform agents for container SecureJarResource(deep_aether)
[04Apr2026 15:24:08.930] [main/DEBUG] [mixin/]: Instancing new MixinPlatformAgentMinecraftForge for SecureJarResource(deep_aether)
[04Apr2026 15:24:08.930] [main/DEBUG] [mixin/]: MixinPlatformAgentMinecraftForge rejected container SecureJarResource(deep_aether)
[04Apr2026 15:24:08.930] [main/DEBUG] [mixin/]: Instancing new MixinPlatformAgentDefault for SecureJarResource(deep_aether)
[04Apr2026 15:24:08.930] [main/DEBUG] [mixin/]: MixinPlatformAgentDefault accepted container SecureJarResource(deep_aether)
[04Apr2026 15:24:08.930] [main/DEBUG] [mixin/]: Processing prepare() for PlatformAgent[MixinPlatformAgentDefault:SecureJarResource(deep_aether)]
[04Apr2026 15:24:08.930] [main/DEBUG] [mixin/]: Registering mixin config: deep_aether.mixins.json
[04Apr2026 15:24:08.933] [main/DEBUG] [mixin/]: Adding mixin platform agents for container SecureJarResource(toms_storage)
[04Apr2026 15:24:08.933] [main/DEBUG] [mixin/]: Instancing new MixinPlatformAgentMinecraftForge for SecureJarResource(toms_storage)
[04Apr2026 15:24:08.933] [main/DEBUG] [mixin/]: MixinPlatformAgentMinecraftForge rejected container SecureJarResource(toms_storage)
[04Apr2026 15:24:08.933] [main/DEBUG] [mixin/]: Instancing new MixinPlatformAgentDefault for SecureJarResource(toms_storage)
[04Apr2026 15:24:08.933] [main/DEBUG] [mixin/]: MixinPlatformAgentDefault accepted container SecureJarResource(toms_storage)
[04Apr2026 15:24:08.933] [main/DEBUG] [mixin/]: Processing prepare() for PlatformAgent[MixinPlatformAgentDefault:SecureJarResource(toms_storage)]
[04Apr2026 15:24:08.933] [main/DEBUG] [mixin/]: Adding mixin platform agents for container SecureJarResource(bettermineshafts)
[04Apr2026 15:24:08.933] [main/DEBUG] [mixin/]: Instancing new MixinPlatformAgentMinecraftForge for SecureJarResource(bettermineshafts)
[04Apr2026 15:24:08.933] [main/DEBUG] [mixin/]: MixinPlatformAgentMinecraftForge rejected container SecureJarResource(bettermineshafts)
[04Apr2026 15:24:08.933] [main/DEBUG] [mixin/]: Instancing new MixinPlatformAgentDefault for SecureJarResource(bettermineshafts)
[04Apr2026 15:24:08.933] [main/DEBUG] [mixin/]: MixinPlatformAgentDefault accepted container SecureJarResource(bettermineshafts)
[04Apr2026 15:24:08.933] [main/DEBUG] [mixin/]: Processing prepare() for PlatformAgent[MixinPlatformAgentDefault:SecureJarResource(bettermineshafts)]
[04Apr2026 15:24:08.933] [main/DEBUG] [mixin/]: Registering mixin config: bettermineshafts.mixins.json
[04Apr2026 15:24:08.935] [main/DEBUG] [mixin/]: Registering mixin config: bettermineshafts_forge.mixins.json
[04Apr2026 15:24:08.937] [main/DEBUG] [mixin/]: Adding mixin platform agents for container SecureJarResource(geckolib3)
[04Apr2026 15:24:08.937] [main/DEBUG] [mixin/]: Instancing new MixinPlatformAgentMinecraftForge for SecureJarResource(geckolib3)
[04Apr2026 15:24:08.937] [main/DEBUG] [mixin/]: MixinPlatformAgentMinecraftForge rejected container SecureJarResource(geckolib3)
[04Apr2026 15:24:08.937] [main/DEBUG] [mixin/]: Instancing new MixinPlatformAgentDefault for SecureJarResource(geckolib3)
[04Apr2026 15:24:08.937] [main/DEBUG] [mixin/]: MixinPlatformAgentDefault accepted container SecureJarResource(geckolib3)
[04Apr2026 15:24:08.937] [main/DEBUG] [mixin/]: Processing prepare() for PlatformAgent[MixinPlatformAgentDefault:SecureJarResource(geckolib3)]
[04Apr2026 15:24:08.937] [main/DEBUG] [mixin/]: Adding mixin platform agents for container SecureJarResource(majruszlibrary)
[04Apr2026 15:24:08.937] [main/DEBUG] [mixin/]: Instancing new MixinPlatformAgentMinecraftForge for SecureJarResource(majruszlibrary)
[04Apr2026 15:24:08.937] [main/DEBUG] [mixin/]: MixinPlatformAgentMinecraftForge rejected container SecureJarResource(majruszlibrary)
[04Apr2026 15:24:08.937] [main/DEBUG] [mixin/]: Instancing new MixinPlatformAgentDefault for SecureJarResource(majruszlibrary)
[04Apr2026 15:24:08.937] [main/DEBUG] [mixin/]: MixinPlatformAgentDefault accepted container SecureJarResource(majruszlibrary)
[04Apr2026 15:24:08.937] [main/DEBUG] [mixin/]: Processing prepare() for PlatformAgent[MixinPlatformAgentDefault:SecureJarResource(majruszlibrary)]
[04Apr2026 15:24:08.938] [main/DEBUG] [mixin/]: Registering mixin config: majruszlibrary-common.mixins.json
[04Apr2026 15:24:08.939] [main/DEBUG] [mixin/]: Registering mixin config: majruszlibrary-forge.mixins.json
[04Apr2026 15:24:08.941] [main/DEBUG] [mixin/]: Adding mixin platform agents for container SecureJarResource(betterjungletemples)
[04Apr2026 15:24:08.941] [main/DEBUG] [mixin/]: Instancing new MixinPlatformAgentMinecraftForge for SecureJarResource(betterjungletemples)
[04Apr2026 15:24:08.941] [main/DEBUG] [mixin/]: MixinPlatformAgentMinecraftForge rejected container SecureJarResource(betterjungletemples)
[04Apr2026 15:24:08.941] [main/DEBUG] [mixin/]: Instancing new MixinPlatformAgentDefault for SecureJarResource(betterjungletemples)
[04Apr2026 15:24:08.941] [main/DEBUG] [mixin/]: MixinPlatformAgentDefault accepted container SecureJarResource(betterjungletemples)
[04Apr2026 15:24:08.941] [main/DEBUG] [mixin/]: Processing prepare() for PlatformAgent[MixinPlatformAgentDefault:SecureJarResource(betterjungletemples)]
[04Apr2026 15:24:08.941] [main/DEBUG] [mixin/]: Registering mixin config: betterjungletemples.mixins.json
[04Apr2026 15:24:08.943] [main/DEBUG] [mixin/]: Registering mixin config: betterjungletemples_forge.mixins.json
[04Apr2026 15:24:08.944] [main/DEBUG] [mixin/]: Adding mixin platform agents for container SecureJarResource(elytraslot)
[04Apr2026 15:24:08.944] [main/DEBUG] [mixin/]: Instancing new MixinPlatformAgentMinecraftForge for SecureJarResource(elytraslot)
[04Apr2026 15:24:08.945] [main/DEBUG] [mixin/]: MixinPlatformAgentMinecraftForge rejected container SecureJarResource(elytraslot)
[04Apr2026 15:24:08.945] [main/DEBUG] [mixin/]: Instancing new MixinPlatformAgentDefault for SecureJarResource(elytraslot)
[04Apr2026 15:24:08.945] [main/DEBUG] [mixin/]: MixinPlatformAgentDefault accepted container SecureJarResource(elytraslot)
[04Apr2026 15:24:08.945] [main/DEBUG] [mixin/]: Processing prepare() for PlatformAgent[MixinPlatformAgentDefault:SecureJarResource(elytraslot)]
[04Apr2026 15:24:08.945] [main/DEBUG] [mixin/]: Registering mixin config: elytraslot-integrations.mixins.json
[04Apr2026 15:24:08.946] [main/DEBUG] [mixin/]: Compatibility level JAVA_16 specified by elytraslot-integrations.mixins.json is higher than the maximum level supported by this version of mixin (JAVA_13).
[04Apr2026 15:24:08.946] [main/DEBUG] [mixin/]: Adding mixin platform agents for container SecureJarResource(mowziesmobs)
[04Apr2026 15:24:08.946] [main/DEBUG] [mixin/]: Instancing new MixinPlatformAgentMinecraftForge for SecureJarResource(mowziesmobs)
[04Apr2026 15:24:08.947] [main/DEBUG] [mixin/]: MixinPlatformAgentMinecraftForge rejected container SecureJarResource(mowziesmobs)
[04Apr2026 15:24:08.947] [main/DEBUG] [mixin/]: Instancing new MixinPlatformAgentDefault for SecureJarResource(mowziesmobs)
[04Apr2026 15:24:08.947] [main/DEBUG] [mixin/]: MixinPlatformAgentDefault accepted container SecureJarResource(mowziesmobs)
[04Apr2026 15:24:08.947] [main/DEBUG] [mixin/]: Processing prepare() for PlatformAgent[MixinPlatformAgentDefault:SecureJarResource(mowziesmobs)]
[04Apr2026 15:24:08.947] [main/DEBUG] [mixin/]: Adding mixin platform agents for container SecureJarResource(humancompanions)
[04Apr2026 15:24:08.947] [main/DEBUG] [mixin/]: Instancing new MixinPlatformAgentMinecraftForge for SecureJarResource(humancompanions)
[04Apr2026 15:24:08.947] [main/DEBUG] [mixin/]: MixinPlatformAgentMinecraftForge rejected container SecureJarResource(humancompanions)
[04Apr2026 15:24:08.947] [main/DEBUG] [mixin/]: Instancing new MixinPlatformAgentDefault for SecureJarResource(humancompanions)
[04Apr2026 15:24:08.947] [main/DEBUG] [mixin/]: MixinPlatformAgentDefault accepted container SecureJarResource(humancompanions)
[04Apr2026 15:24:08.947] [main/DEBUG] [mixin/]: Processing prepare() for PlatformAgent[MixinPlatformAgentDefault:SecureJarResource(humancompanions)]
[04Apr2026 15:24:08.947] [main/DEBUG] [mixin/]: Adding mixin platform agents for container SecureJarResource(ftblibrary)
[04Apr2026 15:24:08.947] [main/DEBUG] [mixin/]: Instancing new MixinPlatformAgentMinecraftForge for SecureJarResource(ftblibrary)
[04Apr2026 15:24:08.947] [main/DEBUG] [mixin/]: MixinPlatformAgentMinecraftForge rejected container SecureJarResource(ftblibrary)
[04Apr2026 15:24:08.947] [main/DEBUG] [mixin/]: Instancing new MixinPlatformAgentDefault for SecureJarResource(ftblibrary)
[04Apr2026 15:24:08.947] [main/DEBUG] [mixin/]: MixinPlatformAgentDefault accepted container SecureJarResource(ftblibrary)
[04Apr2026 15:24:08.947] [main/DEBUG] [mixin/]: Processing prepare() for PlatformAgent[MixinPlatformAgentDefault:SecureJarResource(ftblibrary)]
[04Apr2026 15:24:08.947] [main/DEBUG] [mixin/]: Registering mixin config: ftblibrary-common.mixins.json
[04Apr2026 15:24:08.956] [main/DEBUG] [mixin/]: Compatibility level JAVA_8 specified by ftblibrary-common.mixins.json is lower than the default level supported by the current mixin service (JAVA_16).
[04Apr2026 15:24:08.957] [main/DEBUG] [mixin/]: Adding mixin platform agents for container SecureJarResource(mutantmonsters)
[04Apr2026 15:24:08.957] [main/DEBUG] [mixin/]: Instancing new MixinPlatformAgentMinecraftForge for SecureJarResource(mutantmonsters)
[04Apr2026 15:24:08.957] [main/DEBUG] [mixin/]: MixinPlatformAgentMinecraftForge rejected container SecureJarResource(mutantmonsters)
[04Apr2026 15:24:08.957] [main/DEBUG] [mixin/]: Instancing new MixinPlatformAgentDefault for SecureJarResource(mutantmonsters)
[04Apr2026 15:24:08.957] [main/DEBUG] [mixin/]: MixinPlatformAgentDefault accepted container SecureJarResource(mutantmonsters)
[04Apr2026 15:24:08.957] [main/DEBUG] [mixin/]: Processing prepare() for PlatformAgent[MixinPlatformAgentDefault:SecureJarResource(mutantmonsters)]
[04Apr2026 15:24:08.957] [main/DEBUG] [mixin/]: Registering mixin config: mutantmonsters.common.mixins.json
[04Apr2026 15:24:08.959] [main/DEBUG] [mixin/]: Adding mixin platform agents for container SecureJarResource(jei)
[04Apr2026 15:24:08.959] [main/DEBUG] [mixin/]: Instancing new MixinPlatformAgentMinecraftForge for SecureJarResource(jei)
[04Apr2026 15:24:08.959] [main/DEBUG] [mixin/]: MixinPlatformAgentMinecraftForge rejected container SecureJarResource(jei)
[04Apr2026 15:24:08.959] [main/DEBUG] [mixin/]: Instancing new MixinPlatformAgentDefault for SecureJarResource(jei)
[04Apr2026 15:24:08.959] [main/DEBUG] [mixin/]: MixinPlatformAgentDefault accepted container SecureJarResource(jei)
[04Apr2026 15:24:08.959] [main/DEBUG] [mixin/]: Processing prepare() for PlatformAgent[MixinPlatformAgentDefault:SecureJarResource(jei)]
[04Apr2026 15:24:08.959] [main/DEBUG] [mixin/]: Adding mixin platform agents for container SecureJarResource(multipiston)
[04Apr2026 15:24:08.959] [main/DEBUG] [mixin/]: Instancing new MixinPlatformAgentMinecraftForge for SecureJarResource(multipiston)
[04Apr2026 15:24:08.959] [main/DEBUG] [mixin/]: MixinPlatformAgentMinecraftForge rejected container SecureJarResource(multipiston)
[04Apr2026 15:24:08.959] [main/DEBUG] [mixin/]: Instancing new MixinPlatformAgentDefault for SecureJarResource(multipiston)
[04Apr2026 15:24:08.959] [main/DEBUG] [mixin/]: MixinPlatformAgentDefault accepted container SecureJarResource(multipiston)
[04Apr2026 15:24:08.959] [main/DEBUG] [mixin/]: Processing prepare() for PlatformAgent[MixinPlatformAgentDefault:SecureJarResource(multipiston)]
[04Apr2026 15:24:08.959] [main/DEBUG] [mixin/]: Adding mixin platform agents for container SecureJarResource(attributefix)
[04Apr2026 15:24:08.959] [main/DEBUG] [mixin/]: Instancing new MixinPlatformAgentMinecraftForge for SecureJarResource(attributefix)
[04Apr2026 15:24:08.959] [main/DEBUG] [mixin/]: MixinPlatformAgentMinecraftForge rejected container SecureJarResource(attributefix)
[04Apr2026 15:24:08.959] [main/DEBUG] [mixin/]: Instancing new MixinPlatformAgentDefault for SecureJarResource(attributefix)
[04Apr2026 15:24:08.959] [main/DEBUG] [mixin/]: MixinPlatformAgentDefault accepted container SecureJarResource(attributefix)
[04Apr2026 15:24:08.959] [main/DEBUG] [mixin/]: Processing prepare() for PlatformAgent[MixinPlatformAgentDefault:SecureJarResource(attributefix)]
[04Apr2026 15:24:08.959] [main/DEBUG] [mixin/]: Registering mixin config: attributefix.mixins.json
[04Apr2026 15:24:08.962] [main/DEBUG] [mixin/]: Adding mixin platform agents for container SecureJarResource(pehkui)
[04Apr2026 15:24:08.962] [main/DEBUG] [mixin/]: Instancing new MixinPlatformAgentMinecraftForge for SecureJarResource(pehkui)
[04Apr2026 15:24:08.962] [main/DEBUG] [mixin/]: MixinPlatformAgentMinecraftForge rejected container SecureJarResource(pehkui)
[04Apr2026 15:24:08.962] [main/DEBUG] [mixin/]: Instancing new MixinPlatformAgentDefault for SecureJarResource(pehkui)
[04Apr2026 15:24:08.962] [main/DEBUG] [mixin/]: MixinPlatformAgentDefault accepted container SecureJarResource(pehkui)
[04Apr2026 15:24:08.962] [main/DEBUG] [mixin/]: Processing prepare() for PlatformAgent[MixinPlatformAgentDefault:SecureJarResource(pehkui)]
[04Apr2026 15:24:08.962] [main/DEBUG] [mixin/]: Registering mixin config: pehkui.mixins.json
[04Apr2026 15:24:08.964] [main/DEBUG] [mixin/]: Adding mixin platform agents for container SecureJarResource(goblintraders)
[04Apr2026 15:24:08.964] [main/DEBUG] [mixin/]: Instancing new MixinPlatformAgentMinecraftForge for SecureJarResource(goblintraders)
[04Apr2026 15:24:08.964] [main/DEBUG] [mixin/]: MixinPlatformAgentMinecraftForge rejected container SecureJarResource(goblintraders)
[04Apr2026 15:24:08.964] [main/DEBUG] [mixin/]: Instancing new MixinPlatformAgentDefault for SecureJarResource(goblintraders)
[04Apr2026 15:24:08.964] [main/DEBUG] [mixin/]: MixinPlatformAgentDefault accepted container SecureJarResource(goblintraders)
[04Apr2026 15:24:08.964] [main/DEBUG] [mixin/]: Processing prepare() for PlatformAgent[MixinPlatformAgentDefault:SecureJarResource(goblintraders)]
[04Apr2026 15:24:08.964] [main/DEBUG] [mixin/]: Registering mixin config: goblintraders.mixins.json
[04Apr2026 15:24:08.966] [main/DEBUG] [mixin/]: Compatibility level JAVA_8 specified by goblintraders.mixins.json is lower than the default level supported by the current mixin service (JAVA_16).
[04Apr2026 15:24:08.966] [main/DEBUG] [mixin/]: Adding mixin platform agents for container SecureJarResource(libraryferret)
[04Apr2026 15:24:08.966] [main/DEBUG] [mixin/]: Instancing new MixinPlatformAgentMinecraftForge for SecureJarResource(libraryferret)
[04Apr2026 15:24:08.966] [main/DEBUG] [mixin/]: MixinPlatformAgentMinecraftForge rejected container SecureJarResource(libraryferret)
[04Apr2026 15:24:08.966] [main/DEBUG] [mixin/]: Instancing new MixinPlatformAgentDefault for SecureJarResource(libraryferret)
[04Apr2026 15:24:08.966] [main/DEBUG] [mixin/]: MixinPlatformAgentDefault accepted container SecureJarResource(libraryferret)
[04Apr2026 15:24:08.966] [main/DEBUG] [mixin/]: Processing prepare() for PlatformAgent[MixinPlatformAgentDefault:SecureJarResource(libraryferret)]
[04Apr2026 15:24:08.966] [main/DEBUG] [mixin/]: Adding mixin platform agents for container SecureJarResource(caelus)
[04Apr2026 15:24:08.966] [main/DEBUG] [mixin/]: Instancing new MixinPlatformAgentMinecraftForge for SecureJarResource(caelus)
[04Apr2026 15:24:08.967] [main/DEBUG] [mixin/]: MixinPlatformAgentMinecraftForge rejected container SecureJarResource(caelus)
[04Apr2026 15:24:08.967] [main/DEBUG] [mixin/]: Instancing new MixinPlatformAgentDefault for SecureJarResource(caelus)
[04Apr2026 15:24:08.967] [main/DEBUG] [mixin/]: MixinPlatformAgentDefault accepted container SecureJarResource(caelus)
[04Apr2026 15:24:08.967] [main/DEBUG] [mixin/]: Processing prepare() for PlatformAgent[MixinPlatformAgentDefault:SecureJarResource(caelus)]
[04Apr2026 15:24:08.967] [main/DEBUG] [mixin/]: Registering mixin config: caelus.mixins.json
[04Apr2026 15:24:08.968] [main/DEBUG] [mixin/]: Adding mixin platform agents for container SecureJarResource(paxi)
[04Apr2026 15:24:08.968] [main/DEBUG] [mixin/]: Instancing new MixinPlatformAgentMinecraftForge for SecureJarResource(paxi)
[04Apr2026 15:24:08.968] [main/DEBUG] [mixin/]: MixinPlatformAgentMinecraftForge rejected container SecureJarResource(paxi)
[04Apr2026 15:24:08.968] [main/DEBUG] [mixin/]: Instancing new MixinPlatformAgentDefault for SecureJarResource(paxi)
[04Apr2026 15:24:08.968] [main/DEBUG] [mixin/]: MixinPlatformAgentDefault accepted container SecureJarResource(paxi)
[04Apr2026 15:24:08.968] [main/DEBUG] [mixin/]: Processing prepare() for PlatformAgent[MixinPlatformAgentDefault:SecureJarResource(paxi)]
[04Apr2026 15:24:08.968] [main/DEBUG] [mixin/]: Registering mixin config: paxi.mixins.json
[04Apr2026 15:24:08.970] [main/DEBUG] [mixin/]: Registering mixin config: paxi_forge.mixins.json
[04Apr2026 15:24:08.972] [main/DEBUG] [mixin/]: Adding mixin platform agents for container SecureJarResource(ringsofascension)
[04Apr2026 15:24:08.972] [main/DEBUG] [mixin/]: Instancing new MixinPlatformAgentMinecraftForge for SecureJarResource(ringsofascension)
[04Apr2026 15:24:08.972] [main/DEBUG] [mixin/]: MixinPlatformAgentMinecraftForge rejected container SecureJarResource(ringsofascension)
[04Apr2026 15:24:08.972] [main/DEBUG] [mixin/]: Instancing new MixinPlatformAgentDefault for SecureJarResource(ringsofascension)
[04Apr2026 15:24:08.972] [main/DEBUG] [mixin/]: MixinPlatformAgentDefault accepted container SecureJarResource(ringsofascension)
[04Apr2026 15:24:08.972] [main/DEBUG] [mixin/]: Processing prepare() for PlatformAgent[MixinPlatformAgentDefault:SecureJarResource(ringsofascension)]
[04Apr2026 15:24:08.972] [main/DEBUG] [mixin/]: Adding mixin platform agents for container SecureJarResource(apotheotic_additions)
[04Apr2026 15:24:08.972] [main/DEBUG] [mixin/]: Instancing new MixinPlatformAgentMinecraftForge for SecureJarResource(apotheotic_additions)
[04Apr2026 15:24:08.972] [main/DEBUG] [mixin/]: MixinPlatformAgentMinecraftForge rejected container SecureJarResource(apotheotic_additions)
[04Apr2026 15:24:08.972] [main/DEBUG] [mixin/]: Instancing new MixinPlatformAgentDefault for SecureJarResource(apotheotic_additions)
[04Apr2026 15:24:08.972] [main/DEBUG] [mixin/]: MixinPlatformAgentDefault accepted container SecureJarResource(apotheotic_additions)
[04Apr2026 15:24:08.972] [main/DEBUG] [mixin/]: Processing prepare() for PlatformAgent[MixinPlatformAgentDefault:SecureJarResource(apotheotic_additions)]
[04Apr2026 15:24:08.973] [main/DEBUG] [mixin/]: Adding mixin platform agents for container SecureJarResource(fastasyncworldsave)
[04Apr2026 15:24:08.973] [main/DEBUG] [mixin/]: Instancing new MixinPlatformAgentMinecraftForge for SecureJarResource(fastasyncworldsave)
[04Apr2026 15:24:08.973] [main/DEBUG] [mixin/]: MixinPlatformAgentMinecraftForge rejected container SecureJarResource(fastasyncworldsave)
[04Apr2026 15:24:08.973] [main/DEBUG] [mixin/]: Instancing new MixinPlatformAgentDefault for SecureJarResource(fastasyncworldsave)
[04Apr2026 15:24:08.973] [main/DEBUG] [mixin/]: MixinPlatformAgentDefault accepted container SecureJarResource(fastasyncworldsave)
[04Apr2026 15:24:08.973] [main/DEBUG] [mixin/]: Processing prepare() for PlatformAgent[MixinPlatformAgentDefault:SecureJarResource(fastasyncworldsave)]
[04Apr2026 15:24:08.973] [main/DEBUG] [mixin/]: Registering mixin config: fastasyncworldsave.mixins.json
[04Apr2026 15:24:08.974] [main/DEBUG] [mixin/]: Adding mixin platform agents for container SecureJarResource(naturescompass)
[04Apr2026 15:24:08.974] [main/DEBUG] [mixin/]: Instancing new MixinPlatformAgentMinecraftForge for SecureJarResource(naturescompass)
[04Apr2026 15:24:08.974] [main/DEBUG] [mixin/]: MixinPlatformAgentMinecraftForge rejected container SecureJarResource(naturescompass)
[04Apr2026 15:24:08.974] [main/DEBUG] [mixin/]: Instancing new MixinPlatformAgentDefault for SecureJarResource(naturescompass)
[04Apr2026 15:24:08.974] [main/DEBUG] [mixin/]: MixinPlatformAgentDefault accepted container SecureJarResource(naturescompass)
[04Apr2026 15:24:08.974] [main/DEBUG] [mixin/]: Processing prepare() for PlatformAgent[MixinPlatformAgentDefault:SecureJarResource(naturescompass)]
[04Apr2026 15:24:08.974] [main/DEBUG] [mixin/]: Adding mixin platform agents for container SecureJarResource(craterlib)
[04Apr2026 15:24:08.974] [main/DEBUG] [mixin/]: Instancing new MixinPlatformAgentMinecraftForge for SecureJarResource(craterlib)
[04Apr2026 15:24:08.975] [main/DEBUG] [mixin/]: MixinPlatformAgentMinecraftForge rejected container SecureJarResource(craterlib)
[04Apr2026 15:24:08.975] [main/DEBUG] [mixin/]: Instancing new MixinPlatformAgentDefault for SecureJarResource(craterlib)
[04Apr2026 15:24:08.975] [main/DEBUG] [mixin/]: MixinPlatformAgentDefault accepted container SecureJarResource(craterlib)
[04Apr2026 15:24:08.975] [main/DEBUG] [mixin/]: Processing prepare() for PlatformAgent[MixinPlatformAgentDefault:SecureJarResource(craterlib)]
[04Apr2026 15:24:08.975] [main/DEBUG] [mixin/]: Registering mixin config: craterlib.mixins.json
[04Apr2026 15:24:08.976] [main/DEBUG] [mixin/]: Registering mixin config: craterlib.forge.mixins.json
[04Apr2026 15:24:08.978] [main/DEBUG] [mixin/]: Adding mixin platform agents for container SecureJarResource(starlight)
[04Apr2026 15:24:08.978] [main/DEBUG] [mixin/]: Instancing new MixinPlatformAgentMinecraftForge for SecureJarResource(starlight)
[04Apr2026 15:24:08.978] [main/DEBUG] [mixin/]: MixinPlatformAgentMinecraftForge rejected container SecureJarResource(starlight)
[04Apr2026 15:24:08.978] [main/DEBUG] [mixin/]: Instancing new MixinPlatformAgentDefault for SecureJarResource(starlight)
[04Apr2026 15:24:08.978] [main/DEBUG] [mixin/]: MixinPlatformAgentDefault accepted container SecureJarResource(starlight)
[04Apr2026 15:24:08.978] [main/DEBUG] [mixin/]: Processing prepare() for PlatformAgent[MixinPlatformAgentDefault:SecureJarResource(starlight)]
[04Apr2026 15:24:08.978] [main/DEBUG] [mixin/]: Registering mixin config: starlight.mixins.json
[04Apr2026 15:24:08.988] [main/DEBUG] [mixin/]: Adding mixin platform agents for container SecureJarResource(corpsecurioscompat)
[04Apr2026 15:24:08.988] [main/DEBUG] [mixin/]: Instancing new MixinPlatformAgentMinecraftForge for SecureJarResource(corpsecurioscompat)
[04Apr2026 15:24:08.988] [main/DEBUG] [mixin/]: MixinPlatformAgentMinecraftForge rejected container SecureJarResource(corpsecurioscompat)
[04Apr2026 15:24:08.988] [main/DEBUG] [mixin/]: Instancing new MixinPlatformAgentDefault for SecureJarResource(corpsecurioscompat)
[04Apr2026 15:24:08.988] [main/DEBUG] [mixin/]: MixinPlatformAgentDefault accepted container SecureJarResource(corpsecurioscompat)
[04Apr2026 15:24:08.988] [main/DEBUG] [mixin/]: Processing prepare() for PlatformAgent[MixinPlatformAgentDefault:SecureJarResource(corpsecurioscompat)]
[04Apr2026 15:24:08.988] [main/DEBUG] [mixin/]: Registering mixin config: corpsecurioscompat.mixins.json
[04Apr2026 15:24:08.989] [main/DEBUG] [mixin/]: Compatibility level JAVA_8 specified by corpsecurioscompat.mixins.json is lower than the default level supported by the current mixin service (JAVA_16).
[04Apr2026 15:24:08.990] [main/DEBUG] [mixin/]: Adding mixin platform agents for container SecureJarResource(medieval_paintings)
[04Apr2026 15:24:08.990] [main/DEBUG] [mixin/]: Instancing new MixinPlatformAgentMinecraftForge for SecureJarResource(medieval_paintings)
[04Apr2026 15:24:08.990] [main/DEBUG] [mixin/]: MixinPlatformAgentMinecraftForge rejected container SecureJarResource(medieval_paintings)
[04Apr2026 15:24:08.990] [main/DEBUG] [mixin/]: Instancing new MixinPlatformAgentDefault for SecureJarResource(medieval_paintings)
[04Apr2026 15:24:08.990] [main/DEBUG] [mixin/]: MixinPlatformAgentDefault accepted container SecureJarResource(medieval_paintings)
[04Apr2026 15:24:08.990] [main/DEBUG] [mixin/]: Processing prepare() for PlatformAgent[MixinPlatformAgentDefault:SecureJarResource(medieval_paintings)]
[04Apr2026 15:24:08.990] [main/DEBUG] [mixin/]: Adding mixin platform agents for container SecureJarResource(ars_nouveau)
[04Apr2026 15:24:08.990] [main/DEBUG] [mixin/]: Instancing new MixinPlatformAgentMinecraftForge for SecureJarResource(ars_nouveau)
[04Apr2026 15:24:08.990] [main/DEBUG] [mixin/]: MixinPlatformAgentMinecraftForge rejected container SecureJarResource(ars_nouveau)
[04Apr2026 15:24:08.990] [main/DEBUG] [mixin/]: Instancing new MixinPlatformAgentDefault for SecureJarResource(ars_nouveau)
[04Apr2026 15:24:08.990] [main/DEBUG] [mixin/]: MixinPlatformAgentDefault accepted container SecureJarResource(ars_nouveau)
[04Apr2026 15:24:08.990] [main/DEBUG] [mixin/]: Processing prepare() for PlatformAgent[MixinPlatformAgentDefault:SecureJarResource(ars_nouveau)]
[04Apr2026 15:24:08.990] [main/DEBUG] [mixin/]: Registering mixin config: ars_nouveau.mixins.json
[04Apr2026 15:24:08.992] [main/DEBUG] [mixin/]: Adding mixin platform agents for container SecureJarResource(crafttweaker)
[04Apr2026 15:24:08.993] [main/DEBUG] [mixin/]: Instancing new MixinPlatformAgentMinecraftForge for SecureJarResource(crafttweaker)
[04Apr2026 15:24:08.993] [main/DEBUG] [mixin/]: MixinPlatformAgentMinecraftForge rejected container SecureJarResource(crafttweaker)
[04Apr2026 15:24:08.993] [main/DEBUG] [mixin/]: Instancing new MixinPlatformAgentDefault for SecureJarResource(crafttweaker)
[04Apr2026 15:24:08.993] [main/DEBUG] [mixin/]: MixinPlatformAgentDefault accepted container SecureJarResource(crafttweaker)
[04Apr2026 15:24:08.993] [main/DEBUG] [mixin/]: Processing prepare() for PlatformAgent[MixinPlatformAgentDefault:SecureJarResource(crafttweaker)]
[04Apr2026 15:24:08.993] [main/DEBUG] [mixin/]: Registering mixin config: crafttweaker.mixins.json
[04Apr2026 15:24:08.994] [main/DEBUG] [mixin/]: Registering mixin config: crafttweaker.forge.mixins.json
[04Apr2026 15:24:09.004] [main/DEBUG] [mixin/]: Adding mixin platform agents for container SecureJarResource(memoryleakfix)
[04Apr2026 15:24:09.004] [main/DEBUG] [mixin/]: Instancing new MixinPlatformAgentMinecraftForge for SecureJarResource(memoryleakfix)
[04Apr2026 15:24:09.004] [main/DEBUG] [mixin/]: MixinPlatformAgentMinecraftForge rejected container SecureJarResource(memoryleakfix)
[04Apr2026 15:24:09.004] [main/DEBUG] [mixin/]: Instancing new MixinPlatformAgentDefault for SecureJarResource(memoryleakfix)
[04Apr2026 15:24:09.004] [main/DEBUG] [mixin/]: MixinPlatformAgentDefault accepted container SecureJarResource(memoryleakfix)
[04Apr2026 15:24:09.005] [main/DEBUG] [mixin/]: Processing prepare() for PlatformAgent[MixinPlatformAgentDefault:SecureJarResource(memoryleakfix)]
[04Apr2026 15:24:09.005] [main/DEBUG] [mixin/]: Registering mixin config: memoryleakfix.mixins.json
[04Apr2026 15:24:09.006] [main/DEBUG] [mixin/]: Compatibility level JAVA_8 specified by memoryleakfix.mixins.json is lower than the default level supported by the current mixin service (JAVA_16).
[04Apr2026 15:24:09.006] [main/DEBUG] [mixin/]: Adding mixin platform agents for container SecureJarResource(dungeons_arise_seven_seas)
[04Apr2026 15:24:09.006] [main/DEBUG] [mixin/]: Instancing new MixinPlatformAgentMinecraftForge for SecureJarResource(dungeons_arise_seven_seas)
[04Apr2026 15:24:09.006] [main/DEBUG] [mixin/]: MixinPlatformAgentMinecraftForge rejected container SecureJarResource(dungeons_arise_seven_seas)
[04Apr2026 15:24:09.007] [main/DEBUG] [mixin/]: Instancing new MixinPlatformAgentDefault for SecureJarResource(dungeons_arise_seven_seas)
[04Apr2026 15:24:09.007] [main/DEBUG] [mixin/]: MixinPlatformAgentDefault accepted container SecureJarResource(dungeons_arise_seven_seas)
[04Apr2026 15:24:09.007] [main/DEBUG] [mixin/]: Processing prepare() for PlatformAgent[MixinPlatformAgentDefault:SecureJarResource(dungeons_arise_seven_seas)]
[04Apr2026 15:24:09.007] [main/DEBUG] [mixin/]: Adding mixin platform agents for container SecureJarResource(rubidium_extras)
[04Apr2026 15:24:09.007] [main/DEBUG] [mixin/]: Instancing new MixinPlatformAgentMinecraftForge for SecureJarResource(rubidium_extras)
[04Apr2026 15:24:09.007] [main/DEBUG] [mixin/]: MixinPlatformAgentMinecraftForge rejected container SecureJarResource(rubidium_extras)
[04Apr2026 15:24:09.007] [main/DEBUG] [mixin/]: Instancing new MixinPlatformAgentDefault for SecureJarResource(rubidium_extras)
[04Apr2026 15:24:09.007] [main/DEBUG] [mixin/]: MixinPlatformAgentDefault accepted container SecureJarResource(rubidium_extras)
[04Apr2026 15:24:09.007] [main/DEBUG] [mixin/]: Processing prepare() for PlatformAgent[MixinPlatformAgentDefault:SecureJarResource(rubidium_extras)]
[04Apr2026 15:24:09.007] [main/DEBUG] [mixin/]: Registering mixin config: rubidium_extras.mixins.json
[04Apr2026 15:24:09.008] [main/DEBUG] [mixin/]: Compatibility level JAVA_8 specified by rubidium_extras.mixins.json is lower than the default level supported by the current mixin service (JAVA_16).
[04Apr2026 15:24:09.008] [main/DEBUG] [mixin/]: Adding mixin platform agents for container SecureJarResource(forge)
[04Apr2026 15:24:09.009] [main/DEBUG] [mixin/]: Instancing new MixinPlatformAgentMinecraftForge for SecureJarResource(forge)
[04Apr2026 15:24:09.009] [main/DEBUG] [mixin/]: MixinPlatformAgentMinecraftForge rejected container SecureJarResource(forge)
[04Apr2026 15:24:09.009] [main/DEBUG] [mixin/]: Instancing new MixinPlatformAgentDefault for SecureJarResource(forge)
[04Apr2026 15:24:09.009] [main/DEBUG] [mixin/]: MixinPlatformAgentDefault accepted container SecureJarResource(forge)
[04Apr2026 15:24:09.009] [main/DEBUG] [mixin/]: Processing prepare() for PlatformAgent[MixinPlatformAgentDefault:SecureJarResource(forge)]
[04Apr2026 15:24:09.009] [main/DEBUG] [mixin/]: Adding mixin platform agents for container SecureJarResource(infernalmobs)
[04Apr2026 15:24:09.009] [main/DEBUG] [mixin/]: Instancing new MixinPlatformAgentMinecraftForge for SecureJarResource(infernalmobs)
[04Apr2026 15:24:09.009] [main/DEBUG] [mixin/]: MixinPlatformAgentMinecraftForge rejected container SecureJarResource(infernalmobs)
[04Apr2026 15:24:09.009] [main/DEBUG] [mixin/]: Instancing new MixinPlatformAgentDefault for SecureJarResource(infernalmobs)
[04Apr2026 15:24:09.009] [main/DEBUG] [mixin/]: MixinPlatformAgentDefault accepted container SecureJarResource(infernalmobs)
[04Apr2026 15:24:09.009] [main/DEBUG] [mixin/]: Processing prepare() for PlatformAgent[MixinPlatformAgentDefault:SecureJarResource(infernalmobs)]
[04Apr2026 15:24:09.009] [main/DEBUG] [mixin/]: Adding mixin platform agents for container SecureJarResource(ironchest)
[04Apr2026 15:24:09.009] [main/DEBUG] [mixin/]: Instancing new MixinPlatformAgentMinecraftForge for SecureJarResource(ironchest)
[04Apr2026 15:24:09.009] [main/DEBUG] [mixin/]: MixinPlatformAgentMinecraftForge rejected container SecureJarResource(ironchest)
[04Apr2026 15:24:09.009] [main/DEBUG] [mixin/]: Instancing new MixinPlatformAgentDefault for SecureJarResource(ironchest)
[04Apr2026 15:24:09.009] [main/DEBUG] [mixin/]: MixinPlatformAgentDefault accepted container SecureJarResource(ironchest)
[04Apr2026 15:24:09.009] [main/DEBUG] [mixin/]: Processing prepare() for PlatformAgent[MixinPlatformAgentDefault:SecureJarResource(ironchest)]
[04Apr2026 15:24:09.009] [main/DEBUG] [mixin/]: Adding mixin platform agents for container SecureJarResource(dungeons_arise)
[04Apr2026 15:24:09.009] [main/DEBUG] [mixin/]: Instancing new MixinPlatformAgentMinecraftForge for SecureJarResource(dungeons_arise)
[04Apr2026 15:24:09.009] [main/DEBUG] [mixin/]: MixinPlatformAgentMinecraftForge rejected container SecureJarResource(dungeons_arise)
[04Apr2026 15:24:09.009] [main/DEBUG] [mixin/]: Instancing new MixinPlatformAgentDefault for SecureJarResource(dungeons_arise)
[04Apr2026 15:24:09.009] [main/DEBUG] [mixin/]: MixinPlatformAgentDefault accepted container SecureJarResource(dungeons_arise)
[04Apr2026 15:24:09.009] [main/DEBUG] [mixin/]: Processing prepare() for PlatformAgent[MixinPlatformAgentDefault:SecureJarResource(dungeons_arise)]
[04Apr2026 15:24:09.010] [main/DEBUG] [mixin/]: Adding mixin platform agents for container SecureJarResource(sons_of_sins)
[04Apr2026 15:24:09.010] [main/DEBUG] [mixin/]: Instancing new MixinPlatformAgentMinecraftForge for SecureJarResource(sons_of_sins)
[04Apr2026 15:24:09.010] [main/DEBUG] [mixin/]: MixinPlatformAgentMinecraftForge rejected container SecureJarResource(sons_of_sins)
[04Apr2026 15:24:09.010] [main/DEBUG] [mixin/]: Instancing new MixinPlatformAgentDefault for SecureJarResource(sons_of_sins)
[04Apr2026 15:24:09.010] [main/DEBUG] [mixin/]: MixinPlatformAgentDefault accepted container SecureJarResource(sons_of_sins)
[04Apr2026 15:24:09.010] [main/DEBUG] [mixin/]: Processing prepare() for PlatformAgent[MixinPlatformAgentDefault:SecureJarResource(sons_of_sins)]
[04Apr2026 15:24:09.010] [main/DEBUG] [mixin/]: Adding mixin platform agents for container SecureJarResource(minecraft)
[04Apr2026 15:24:09.010] [main/DEBUG] [mixin/]: Instancing new MixinPlatformAgentMinecraftForge for SecureJarResource(minecraft)
[04Apr2026 15:24:09.010] [main/DEBUG] [mixin/]: MixinPlatformAgentMinecraftForge rejected container SecureJarResource(minecraft)
[04Apr2026 15:24:09.010] [main/DEBUG] [mixin/]: Instancing new MixinPlatformAgentDefault for SecureJarResource(minecraft)
[04Apr2026 15:24:09.010] [main/DEBUG] [mixin/]: MixinPlatformAgentDefault accepted container SecureJarResource(minecraft)
[04Apr2026 15:24:09.010] [main/DEBUG] [mixin/]: Processing prepare() for PlatformAgent[MixinPlatformAgentDefault:SecureJarResource(minecraft)]
[04Apr2026 15:24:09.010] [main/DEBUG] [mixin/]: Adding mixin platform agents for container SecureJarResource(terrablender)
[04Apr2026 15:24:09.010] [main/DEBUG] [mixin/]: Instancing new MixinPlatformAgentMinecraftForge for SecureJarResource(terrablender)
[04Apr2026 15:24:09.010] [main/DEBUG] [mixin/]: MixinPlatformAgentMinecraftForge rejected container SecureJarResource(terrablender)
[04Apr2026 15:24:09.010] [main/DEBUG] [mixin/]: Instancing new MixinPlatformAgentDefault for SecureJarResource(terrablender)
[04Apr2026 15:24:09.010] [main/DEBUG] [mixin/]: MixinPlatformAgentDefault accepted container SecureJarResource(terrablender)
[04Apr2026 15:24:09.011] [main/DEBUG] [mixin/]: Processing prepare() for PlatformAgent[MixinPlatformAgentDefault:SecureJarResource(terrablender)]
[04Apr2026 15:24:09.011] [main/DEBUG] [mixin/]: Registering mixin config: terrablender.mixins.json
[04Apr2026 15:24:09.013] [main/DEBUG] [mixin/]: Registering mixin config: terrablender_forge.mixins.json
[04Apr2026 15:24:09.014] [main/DEBUG] [mixin/]: Adding mixin platform agents for container SecureJarResource(bettercombat)
[04Apr2026 15:24:09.014] [main/DEBUG] [mixin/]: Instancing new MixinPlatformAgentMinecraftForge for SecureJarResource(bettercombat)
[04Apr2026 15:24:09.014] [main/DEBUG] [mixin/]: MixinPlatformAgentMinecraftForge rejected container SecureJarResource(bettercombat)
[04Apr2026 15:24:09.014] [main/DEBUG] [mixin/]: Instancing new MixinPlatformAgentDefault for SecureJarResource(bettercombat)
[04Apr2026 15:24:09.014] [main/DEBUG] [mixin/]: MixinPlatformAgentDefault accepted container SecureJarResource(bettercombat)
[04Apr2026 15:24:09.014] [main/DEBUG] [mixin/]: Processing prepare() for PlatformAgent[MixinPlatformAgentDefault:SecureJarResource(bettercombat)]
[04Apr2026 15:24:09.014] [main/DEBUG] [mixin/]: Registering mixin config: bettercombat.mixins.json
[04Apr2026 15:24:09.016] [main/DEBUG] [mixin/]: Adding mixin platform agents for container SecureJarResource(mousetweaks)
[04Apr2026 15:24:09.016] [main/DEBUG] [mixin/]: Instancing new MixinPlatformAgentMinecraftForge for SecureJarResource(mousetweaks)
[04Apr2026 15:24:09.016] [main/DEBUG] [mixin/]: MixinPlatformAgentMinecraftForge rejected container SecureJarResource(mousetweaks)
[04Apr2026 15:24:09.016] [main/DEBUG] [mixin/]: Instancing new MixinPlatformAgentDefault for SecureJarResource(mousetweaks)
[04Apr2026 15:24:09.016] [main/DEBUG] [mixin/]: MixinPlatformAgentDefault accepted container SecureJarResource(mousetweaks)
[04Apr2026 15:24:09.016] [main/DEBUG] [mixin/]: Processing prepare() for PlatformAgent[MixinPlatformAgentDefault:SecureJarResource(mousetweaks)]
[04Apr2026 15:24:09.016] [main/DEBUG] [mixin/]: Registering mixin config: mousetweaks.mixins.json
[04Apr2026 15:24:09.018] [main/DEBUG] [mixin/]: Adding mixin platform agents for container SecureJarResource(commonality)
[04Apr2026 15:24:09.018] [main/DEBUG] [mixin/]: Instancing new MixinPlatformAgentMinecraftForge for SecureJarResource(commonality)
[04Apr2026 15:24:09.018] [main/DEBUG] [mixin/]: MixinPlatformAgentMinecraftForge rejected container SecureJarResource(commonality)
[04Apr2026 15:24:09.018] [main/DEBUG] [mixin/]: Instancing new MixinPlatformAgentDefault for SecureJarResource(commonality)
[04Apr2026 15:24:09.018] [main/DEBUG] [mixin/]: MixinPlatformAgentDefault accepted container SecureJarResource(commonality)
[04Apr2026 15:24:09.018] [main/DEBUG] [mixin/]: Processing prepare() for PlatformAgent[MixinPlatformAgentDefault:SecureJarResource(commonality)]
[04Apr2026 15:24:09.018] [main/DEBUG] [mixin/]: Adding mixin platform agents for container SecureJarResource(awesomedungeonnether)
[04Apr2026 15:24:09.018] [main/DEBUG] [mixin/]: Instancing new MixinPlatformAgentMinecraftForge for SecureJarResource(awesomedungeonnether)
[04Apr2026 15:24:09.018] [main/DEBUG] [mixin/]: MixinPlatformAgentMinecraftForge rejected container SecureJarResource(awesomedungeonnether)
[04Apr2026 15:24:09.018] [main/DEBUG] [mixin/]: Instancing new MixinPlatformAgentDefault for SecureJarResource(awesomedungeonnether)
[04Apr2026 15:24:09.018] [main/DEBUG] [mixin/]: MixinPlatformAgentDefault accepted container SecureJarResource(awesomedungeonnether)
[04Apr2026 15:24:09.018] [main/DEBUG] [mixin/]: Processing prepare() for PlatformAgent[MixinPlatformAgentDefault:SecureJarResource(awesomedungeonnether)]
[04Apr2026 15:24:09.018] [main/DEBUG] [mixin/]: Adding mixin platform agents for container SecureJarResource(ftbquests)
[04Apr2026 15:24:09.018] [main/DEBUG] [mixin/]: Instancing new MixinPlatformAgentMinecraftForge for SecureJarResource(ftbquests)
[04Apr2026 15:24:09.018] [main/DEBUG] [mixin/]: MixinPlatformAgentMinecraftForge rejected container SecureJarResource(ftbquests)
[04Apr2026 15:24:09.018] [main/DEBUG] [mixin/]: Instancing new MixinPlatformAgentDefault for SecureJarResource(ftbquests)
[04Apr2026 15:24:09.018] [main/DEBUG] [mixin/]: MixinPlatformAgentDefault accepted container SecureJarResource(ftbquests)
[04Apr2026 15:24:09.018] [main/DEBUG] [mixin/]: Processing prepare() for PlatformAgent[MixinPlatformAgentDefault:SecureJarResource(ftbquests)]
[04Apr2026 15:24:09.018] [main/DEBUG] [mixin/]: Adding mixin platform agents for container SecureJarResource(necronomicon)
[04Apr2026 15:24:09.018] [main/DEBUG] [mixin/]: Instancing new MixinPlatformAgentMinecraftForge for SecureJarResource(necronomicon)
[04Apr2026 15:24:09.018] [main/DEBUG] [mixin/]: MixinPlatformAgentMinecraftForge rejected container SecureJarResource(necronomicon)
[04Apr2026 15:24:09.018] [main/DEBUG] [mixin/]: Instancing new MixinPlatformAgentDefault for SecureJarResource(necronomicon)
[04Apr2026 15:24:09.018] [main/DEBUG] [mixin/]: MixinPlatformAgentDefault accepted container SecureJarResource(necronomicon)
[04Apr2026 15:24:09.018] [main/DEBUG] [mixin/]: Processing prepare() for PlatformAgent[MixinPlatformAgentDefault:SecureJarResource(necronomicon)]
[04Apr2026 15:24:09.018] [main/DEBUG] [mixin/]: Registering mixin config: necronomicon.forge.mixins.json
[04Apr2026 15:24:09.020] [main/DEBUG] [mixin/]: Compatibility level JAVA_16 specified by necronomicon.forge.mixins.json is higher than the maximum level supported by this version of mixin (JAVA_13).
[04Apr2026 15:24:09.021] [main/ERROR] [mixin/]: Mixin config necronomicon.forge.mixins.json does not specify "minVersion" property
[04Apr2026 15:24:09.021] [main/DEBUG] [mixin/]: Adding mixin platform agents for container SecureJarResource(knightquest)
[04Apr2026 15:24:09.021] [main/DEBUG] [mixin/]: Instancing new MixinPlatformAgentMinecraftForge for SecureJarResource(knightquest)
[04Apr2026 15:24:09.021] [main/DEBUG] [mixin/]: MixinPlatformAgentMinecraftForge rejected container SecureJarResource(knightquest)
[04Apr2026 15:24:09.021] [main/DEBUG] [mixin/]: Instancing new MixinPlatformAgentDefault for SecureJarResource(knightquest)
[04Apr2026 15:24:09.021] [main/DEBUG] [mixin/]: MixinPlatformAgentDefault accepted container SecureJarResource(knightquest)
[04Apr2026 15:24:09.021] [main/DEBUG] [mixin/]: Processing prepare() for PlatformAgent[MixinPlatformAgentDefault:SecureJarResource(knightquest)]
[04Apr2026 15:24:09.021] [main/DEBUG] [mixin/]: Adding mixin platform agents for container SecureJarResource(itemproductionlib)
[04Apr2026 15:24:09.021] [main/DEBUG] [mixin/]: Instancing new MixinPlatformAgentMinecraftForge for SecureJarResource(itemproductionlib)
[04Apr2026 15:24:09.021] [main/DEBUG] [mixin/]: MixinPlatformAgentMinecraftForge rejected container SecureJarResource(itemproductionlib)
[04Apr2026 15:24:09.021] [main/DEBUG] [mixin/]: Instancing new MixinPlatformAgentDefault for SecureJarResource(itemproductionlib)
[04Apr2026 15:24:09.021] [main/DEBUG] [mixin/]: MixinPlatformAgentDefault accepted container SecureJarResource(itemproductionlib)
[04Apr2026 15:24:09.021] [main/DEBUG] [mixin/]: Processing prepare() for PlatformAgent[MixinPlatformAgentDefault:SecureJarResource(itemproductionlib)]
[04Apr2026 15:24:09.021] [main/DEBUG] [mixin/]: Registering mixin config: itemproductionlib.mixins.json
[04Apr2026 15:24:09.023] [main/DEBUG] [mixin/]: Adding mixin platform agents for container SecureJarResource(spectrelib)
[04Apr2026 15:24:09.023] [main/DEBUG] [mixin/]: Instancing new MixinPlatformAgentMinecraftForge for SecureJarResource(spectrelib)
[04Apr2026 15:24:09.023] [main/DEBUG] [mixin/]: MixinPlatformAgentMinecraftForge rejected container SecureJarResource(spectrelib)
[04Apr2026 15:24:09.023] [main/DEBUG] [mixin/]: Instancing new MixinPlatformAgentDefault for SecureJarResource(spectrelib)
[04Apr2026 15:24:09.023] [main/DEBUG] [mixin/]: MixinPlatformAgentDefault accepted container SecureJarResource(spectrelib)
[04Apr2026 15:24:09.023] [main/DEBUG] [mixin/]: Processing prepare() for PlatformAgent[MixinPlatformAgentDefault:SecureJarResource(spectrelib)]
[04Apr2026 15:24:09.023] [main/DEBUG] [mixin/]: Adding mixin platform agents for container SecureJarResource(corgilib)
[04Apr2026 15:24:09.023] [main/DEBUG] [mixin/]: Instancing new MixinPlatformAgentMinecraftForge for SecureJarResource(corgilib)
[04Apr2026 15:24:09.023] [main/DEBUG] [mixin/]: MixinPlatformAgentMinecraftForge rejected container SecureJarResource(corgilib)
[04Apr2026 15:24:09.023] [main/DEBUG] [mixin/]: Instancing new MixinPlatformAgentDefault for SecureJarResource(corgilib)
[04Apr2026 15:24:09.023] [main/DEBUG] [mixin/]: MixinPlatformAgentDefault accepted container SecureJarResource(corgilib)
[04Apr2026 15:24:09.023] [main/DEBUG] [mixin/]: Processing prepare() for PlatformAgent[MixinPlatformAgentDefault:SecureJarResource(corgilib)]
[04Apr2026 15:24:09.023] [main/DEBUG] [mixin/]: Registering mixin config: corgilib.mixins.json
[04Apr2026 15:24:09.030] [main/DEBUG] [mixin/]: Registering mixin config: corgilib.forge.mixins.json
[04Apr2026 15:24:09.031] [main/DEBUG] [mixin/]: Adding mixin platform agents for container SecureJarResource(fastpaintings)
[04Apr2026 15:24:09.031] [main/DEBUG] [mixin/]: Instancing new MixinPlatformAgentMinecraftForge for SecureJarResource(fastpaintings)
[04Apr2026 15:24:09.032] [main/DEBUG] [mixin/]: MixinPlatformAgentMinecraftForge rejected container SecureJarResource(fastpaintings)
[04Apr2026 15:24:09.032] [main/DEBUG] [mixin/]: Instancing new MixinPlatformAgentDefault for SecureJarResource(fastpaintings)
[04Apr2026 15:24:09.032] [main/DEBUG] [mixin/]: MixinPlatformAgentDefault accepted container SecureJarResource(fastpaintings)
[04Apr2026 15:24:09.032] [main/DEBUG] [mixin/]: Processing prepare() for PlatformAgent[MixinPlatformAgentDefault:SecureJarResource(fastpaintings)]
[04Apr2026 15:24:09.032] [main/DEBUG] [mixin/]: Registering mixin config: fastpaintings.mixins.json
[04Apr2026 15:24:09.034] [main/DEBUG] [mixin/]: Registering mixin config: fastpaintings-forge.mixins.json
[04Apr2026 15:24:09.035] [main/DEBUG] [mixin/]: Adding mixin platform agents for container SecureJarResource(aeroblender)
[04Apr2026 15:24:09.035] [main/DEBUG] [mixin/]: Instancing new MixinPlatformAgentMinecraftForge for SecureJarResource(aeroblender)
[04Apr2026 15:24:09.035] [main/DEBUG] [mixin/]: MixinPlatformAgentMinecraftForge rejected container SecureJarResource(aeroblender)
[04Apr2026 15:24:09.035] [main/DEBUG] [mixin/]: Instancing new MixinPlatformAgentDefault for SecureJarResource(aeroblender)
[04Apr2026 15:24:09.035] [main/DEBUG] [mixin/]: MixinPlatformAgentDefault accepted container SecureJarResource(aeroblender)
[04Apr2026 15:24:09.035] [main/DEBUG] [mixin/]: Processing prepare() for PlatformAgent[MixinPlatformAgentDefault:SecureJarResource(aeroblender)]
[04Apr2026 15:24:09.035] [main/DEBUG] [mixin/]: Registering mixin config: aeroblender.mixins.json
[04Apr2026 15:24:09.037] [main/DEBUG] [mixin/]: Adding mixin platform agents for container SecureJarResource(domum_ornamentum)
[04Apr2026 15:24:09.037] [main/DEBUG] [mixin/]: Instancing new MixinPlatformAgentMinecraftForge for SecureJarResource(domum_ornamentum)
[04Apr2026 15:24:09.037] [main/DEBUG] [mixin/]: MixinPlatformAgentMinecraftForge rejected container SecureJarResource(domum_ornamentum)
[04Apr2026 15:24:09.037] [main/DEBUG] [mixin/]: Instancing new MixinPlatformAgentDefault for SecureJarResource(domum_ornamentum)
[04Apr2026 15:24:09.037] [main/DEBUG] [mixin/]: MixinPlatformAgentDefault accepted container SecureJarResource(domum_ornamentum)
[04Apr2026 15:24:09.037] [main/DEBUG] [mixin/]: Processing prepare() for PlatformAgent[MixinPlatformAgentDefault:SecureJarResource(domum_ornamentum)]
[04Apr2026 15:24:09.037] [main/DEBUG] [mixin/]: Adding mixin platform agents for container SecureJarResource(calio)
[04Apr2026 15:24:09.037] [main/DEBUG] [mixin/]: Instancing new MixinPlatformAgentMinecraftForge for SecureJarResource(calio)
[04Apr2026 15:24:09.037] [main/DEBUG] [mixin/]: MixinPlatformAgentMinecraftForge rejected container SecureJarResource(calio)
[04Apr2026 15:24:09.037] [main/DEBUG] [mixin/]: Instancing new MixinPlatformAgentDefault for SecureJarResource(calio)
[04Apr2026 15:24:09.037] [main/DEBUG] [mixin/]: MixinPlatformAgentDefault accepted container SecureJarResource(calio)
[04Apr2026 15:24:09.037] [main/DEBUG] [mixin/]: Processing prepare() for PlatformAgent[MixinPlatformAgentDefault:SecureJarResource(calio)]
[04Apr2026 15:24:09.037] [main/DEBUG] [mixin/]: Adding mixin platform agents for container SecureJarResource(betterfpsdist)
[04Apr2026 15:24:09.037] [main/DEBUG] [mixin/]: Instancing new MixinPlatformAgentMinecraftForge for SecureJarResource(betterfpsdist)
[04Apr2026 15:24:09.037] [main/DEBUG] [mixin/]: MixinPlatformAgentMinecraftForge rejected container SecureJarResource(betterfpsdist)
[04Apr2026 15:24:09.037] [main/DEBUG] [mixin/]: Instancing new MixinPlatformAgentDefault for SecureJarResource(betterfpsdist)
[04Apr2026 15:24:09.037] [main/DEBUG] [mixin/]: MixinPlatformAgentDefault accepted container SecureJarResource(betterfpsdist)
[04Apr2026 15:24:09.037] [main/DEBUG] [mixin/]: Processing prepare() for PlatformAgent[MixinPlatformAgentDefault:SecureJarResource(betterfpsdist)]
[04Apr2026 15:24:09.037] [main/DEBUG] [mixin/]: Registering mixin config: betterfpsdist.mixins.json
[04Apr2026 15:24:09.046] [main/DEBUG] [mixin/]: Adding mixin platform agents for container SecureJarResource(brewinandchewin)
[04Apr2026 15:24:09.046] [main/DEBUG] [mixin/]: Instancing new MixinPlatformAgentMinecraftForge for SecureJarResource(brewinandchewin)
[04Apr2026 15:24:09.046] [main/DEBUG] [mixin/]: MixinPlatformAgentMinecraftForge rejected container SecureJarResource(brewinandchewin)
[04Apr2026 15:24:09.046] [main/DEBUG] [mixin/]: Instancing new MixinPlatformAgentDefault for SecureJarResource(brewinandchewin)
[04Apr2026 15:24:09.046] [main/DEBUG] [mixin/]: MixinPlatformAgentDefault accepted container SecureJarResource(brewinandchewin)
[04Apr2026 15:24:09.046] [main/DEBUG] [mixin/]: Processing prepare() for PlatformAgent[MixinPlatformAgentDefault:SecureJarResource(brewinandchewin)]
[04Apr2026 15:24:09.046] [main/DEBUG] [mixin/]: Registering mixin config: brewinandchewin.mixins.json
[04Apr2026 15:24:09.048] [main/DEBUG] [mixin/]: Adding mixin platform agents for container SecureJarResource(farmersrespite)
[04Apr2026 15:24:09.048] [main/DEBUG] [mixin/]: Instancing new MixinPlatformAgentMinecraftForge for SecureJarResource(farmersrespite)
[04Apr2026 15:24:09.048] [main/DEBUG] [mixin/]: MixinPlatformAgentMinecraftForge rejected container SecureJarResource(farmersrespite)
[04Apr2026 15:24:09.048] [main/DEBUG] [mixin/]: Instancing new MixinPlatformAgentDefault for SecureJarResource(farmersrespite)
[04Apr2026 15:24:09.048] [main/DEBUG] [mixin/]: MixinPlatformAgentDefault accepted container SecureJarResource(farmersrespite)
[04Apr2026 15:24:09.048] [main/DEBUG] [mixin/]: Processing prepare() for PlatformAgent[MixinPlatformAgentDefault:SecureJarResource(farmersrespite)]
[04Apr2026 15:24:09.048] [main/DEBUG] [mixin/]: Registering mixin config: farmersrespite.mixins.json
[04Apr2026 15:24:09.056] [main/DEBUG] [mixin/]: Adding mixin platform agents for container SecureJarResource(whisperwoods)
[04Apr2026 15:24:09.056] [main/DEBUG] [mixin/]: Instancing new MixinPlatformAgentMinecraftForge for SecureJarResource(whisperwoods)
[04Apr2026 15:24:09.056] [main/DEBUG] [mixin/]: MixinPlatformAgentMinecraftForge rejected container SecureJarResource(whisperwoods)
[04Apr2026 15:24:09.056] [main/DEBUG] [mixin/]: Instancing new MixinPlatformAgentDefault for SecureJarResource(whisperwoods)
[04Apr2026 15:24:09.056] [main/DEBUG] [mixin/]: MixinPlatformAgentDefault accepted container SecureJarResource(whisperwoods)
[04Apr2026 15:24:09.056] [main/DEBUG] [mixin/]: Processing prepare() for PlatformAgent[MixinPlatformAgentDefault:SecureJarResource(whisperwoods)]
[04Apr2026 15:24:09.056] [main/DEBUG] [mixin/]: Registering mixin config: mixin.imdlib-whisperwoods.json
[04Apr2026 15:24:09.059] [main/DEBUG] [mixin/]: Registering mixin config: whisperwoods.mixins.json
[04Apr2026 15:24:09.061] [main/DEBUG] [mixin/]: Registering mixin config: whisperwoods-forge.mixins.json
[04Apr2026 15:24:09.062] [main/DEBUG] [mixin/]: Adding mixin platform agents for container SecureJarResource(ecologics)
[04Apr2026 15:24:09.062] [main/DEBUG] [mixin/]: Instancing new MixinPlatformAgentMinecraftForge for SecureJarResource(ecologics)
[04Apr2026 15:24:09.063] [main/DEBUG] [mixin/]: MixinPlatformAgentMinecraftForge rejected container SecureJarResource(ecologics)
[04Apr2026 15:24:09.063] [main/DEBUG] [mixin/]: Instancing new MixinPlatformAgentDefault for SecureJarResource(ecologics)
[04Apr2026 15:24:09.063] [main/DEBUG] [mixin/]: MixinPlatformAgentDefault accepted container SecureJarResource(ecologics)
[04Apr2026 15:24:09.063] [main/DEBUG] [mixin/]: Processing prepare() for PlatformAgent[MixinPlatformAgentDefault:SecureJarResource(ecologics)]
[04Apr2026 15:24:09.063] [main/DEBUG] [mixin/]: Registering mixin config: ecologics-common.mixins.json
[04Apr2026 15:24:09.065] [main/DEBUG] [mixin/]: Registering mixin config: ecologics.mixins.json
[04Apr2026 15:24:09.066] [main/DEBUG] [mixin/]: Adding mixin platform agents for container SecureJarResource(xaerominimap)
[04Apr2026 15:24:09.066] [main/DEBUG] [mixin/]: Instancing new MixinPlatformAgentMinecraftForge for SecureJarResource(xaerominimap)
[04Apr2026 15:24:09.066] [main/DEBUG] [mixin/]: MixinPlatformAgentMinecraftForge rejected container SecureJarResource(xaerominimap)
[04Apr2026 15:24:09.066] [main/DEBUG] [mixin/]: Instancing new MixinPlatformAgentDefault for SecureJarResource(xaerominimap)
[04Apr2026 15:24:09.066] [main/DEBUG] [mixin/]: MixinPlatformAgentDefault accepted container SecureJarResource(xaerominimap)
[04Apr2026 15:24:09.066] [main/DEBUG] [mixin/]: Processing prepare() for PlatformAgent[MixinPlatformAgentDefault:SecureJarResource(xaerominimap)]
[04Apr2026 15:24:09.066] [main/DEBUG] [mixin/]: Registering mixin config: xaerohud.mixins.json
[04Apr2026 15:24:09.068] [main/DEBUG] [mixin/]: Registering mixin config: xaerohud.forge.mixins.json
[04Apr2026 15:24:09.077] [main/DEBUG] [mixin/]: Registering mixin config: xaerominimap.mixins.json
[04Apr2026 15:24:09.078] [main/DEBUG] [mixin/]: Registering mixin config: xaerominimap.forge.mixins.json
[04Apr2026 15:24:09.080] [main/DEBUG] [mixin/]: Adding mixin platform agents for container SecureJarResource(shadowizardlib)
[04Apr2026 15:24:09.080] [main/DEBUG] [mixin/]: Instancing new MixinPlatformAgentMinecraftForge for SecureJarResource(shadowizardlib)
[04Apr2026 15:24:09.080] [main/DEBUG] [mixin/]: MixinPlatformAgentMinecraftForge rejected container SecureJarResource(shadowizardlib)
[04Apr2026 15:24:09.080] [main/DEBUG] [mixin/]: Instancing new MixinPlatformAgentDefault for SecureJarResource(shadowizardlib)
[04Apr2026 15:24:09.080] [main/DEBUG] [mixin/]: MixinPlatformAgentDefault accepted container SecureJarResource(shadowizardlib)
[04Apr2026 15:24:09.080] [main/DEBUG] [mixin/]: Processing prepare() for PlatformAgent[MixinPlatformAgentDefault:SecureJarResource(shadowizardlib)]
[04Apr2026 15:24:09.081] [main/DEBUG] [mixin/]: Adding mixin platform agents for container SecureJarResource(bocchium)
[04Apr2026 15:24:09.081] [main/DEBUG] [mixin/]: Instancing new MixinPlatformAgentMinecraftForge for SecureJarResource(bocchium)
[04Apr2026 15:24:09.081] [main/DEBUG] [mixin/]: MixinPlatformAgentMinecraftForge rejected container SecureJarResource(bocchium)
[04Apr2026 15:24:09.081] [main/DEBUG] [mixin/]: Instancing new MixinPlatformAgentDefault for SecureJarResource(bocchium)
[04Apr2026 15:24:09.081] [main/DEBUG] [mixin/]: MixinPlatformAgentDefault accepted container SecureJarResource(bocchium)
[04Apr2026 15:24:09.081] [main/DEBUG] [mixin/]: Processing prepare() for PlatformAgent[MixinPlatformAgentDefault:SecureJarResource(bocchium)]
[04Apr2026 15:24:09.081] [main/DEBUG] [mixin/]: Registering mixin config: bocchium.mixins.json
[04Apr2026 15:24:09.082] [main/DEBUG] [mixin/]: Adding mixin platform agents for container SecureJarResource(autoreglib)
[04Apr2026 15:24:09.082] [main/DEBUG] [mixin/]: Instancing new MixinPlatformAgentMinecraftForge for SecureJarResource(autoreglib)
[04Apr2026 15:24:09.082] [main/DEBUG] [mixin/]: MixinPlatformAgentMinecraftForge rejected container SecureJarResource(autoreglib)
[04Apr2026 15:24:09.082] [main/DEBUG] [mixin/]: Instancing new MixinPlatformAgentDefault for SecureJarResource(autoreglib)
[04Apr2026 15:24:09.082] [main/DEBUG] [mixin/]: MixinPlatformAgentDefault accepted container SecureJarResource(autoreglib)
[04Apr2026 15:24:09.082] [main/DEBUG] [mixin/]: Processing prepare() for PlatformAgent[MixinPlatformAgentDefault:SecureJarResource(autoreglib)]
[04Apr2026 15:24:09.082] [main/DEBUG] [mixin/]: Adding mixin platform agents for container SecureJarResource(polymorph)
[04Apr2026 15:24:09.082] [main/DEBUG] [mixin/]: Instancing new MixinPlatformAgentMinecraftForge for SecureJarResource(polymorph)
[04Apr2026 15:24:09.082] [main/DEBUG] [mixin/]: MixinPlatformAgentMinecraftForge rejected container SecureJarResource(polymorph)
[04Apr2026 15:24:09.082] [main/DEBUG] [mixin/]: Instancing new MixinPlatformAgentDefault for SecureJarResource(polymorph)
[04Apr2026 15:24:09.082] [main/DEBUG] [mixin/]: MixinPlatformAgentDefault accepted container SecureJarResource(polymorph)
[04Apr2026 15:24:09.082] [main/DEBUG] [mixin/]: Processing prepare() for PlatformAgent[MixinPlatformAgentDefault:SecureJarResource(polymorph)]
[04Apr2026 15:24:09.083] [main/DEBUG] [mixin/]: Registering mixin config: polymorph.mixins.json
[04Apr2026 15:24:09.084] [main/DEBUG] [mixin/]: Registering mixin config: polymorph-integrations.forge.mixins.json
[04Apr2026 15:24:09.085] [main/DEBUG] [mixin/]: Compatibility level JAVA_16 specified by polymorph-integrations.forge.mixins.json is higher than the maximum level supported by this version of mixin (JAVA_13).
[04Apr2026 15:24:09.086] [main/DEBUG] [mixin/]: Adding mixin platform agents for container SecureJarResource(entityculling)
[04Apr2026 15:24:09.086] [main/DEBUG] [mixin/]: Instancing new MixinPlatformAgentMinecraftForge for SecureJarResource(entityculling)
[04Apr2026 15:24:09.086] [main/DEBUG] [mixin/]: MixinPlatformAgentMinecraftForge rejected container SecureJarResource(entityculling)
[04Apr2026 15:24:09.086] [main/DEBUG] [mixin/]: Instancing new MixinPlatformAgentDefault for SecureJarResource(entityculling)
[04Apr2026 15:24:09.086] [main/DEBUG] [mixin/]: MixinPlatformAgentDefault accepted container SecureJarResource(entityculling)
[04Apr2026 15:24:09.086] [main/DEBUG] [mixin/]: Processing prepare() for PlatformAgent[MixinPlatformAgentDefault:SecureJarResource(entityculling)]
[04Apr2026 15:24:09.086] [main/DEBUG] [mixin/]: Registering mixin config: entityculling.mixins.json
[04Apr2026 15:24:09.088] [main/DEBUG] [mixin/]: Compatibility level JAVA_16 specified by entityculling.mixins.json is higher than the maximum level supported by this version of mixin (JAVA_13).
[04Apr2026 15:24:09.088] [main/DEBUG] [mixin/]: Adding mixin platform agents for container SecureJarResource(canary)
[04Apr2026 15:24:09.088] [main/DEBUG] [mixin/]: Instancing new MixinPlatformAgentMinecraftForge for SecureJarResource(canary)
[04Apr2026 15:24:09.088] [main/DEBUG] [mixin/]: MixinPlatformAgentMinecraftForge rejected container SecureJarResource(canary)
[04Apr2026 15:24:09.088] [main/DEBUG] [mixin/]: Instancing new MixinPlatformAgentDefault for SecureJarResource(canary)
[04Apr2026 15:24:09.088] [main/DEBUG] [mixin/]: MixinPlatformAgentDefault accepted container SecureJarResource(canary)
[04Apr2026 15:24:09.088] [main/DEBUG] [mixin/]: Processing prepare() for PlatformAgent[MixinPlatformAgentDefault:SecureJarResource(canary)]
[04Apr2026 15:24:09.088] [main/DEBUG] [mixin/]: Registering mixin config: canary.mixins.json
[04Apr2026 15:24:09.092] [main/DEBUG] [mixin/]: Adding mixin platform agents for container SecureJarResource(strictly_origins)
[04Apr2026 15:24:09.092] [main/DEBUG] [mixin/]: Instancing new MixinPlatformAgentMinecraftForge for SecureJarResource(strictly_origins)
[04Apr2026 15:24:09.092] [main/DEBUG] [mixin/]: MixinPlatformAgentMinecraftForge rejected container SecureJarResource(strictly_origins)
[04Apr2026 15:24:09.092] [main/DEBUG] [mixin/]: Instancing new MixinPlatformAgentDefault for SecureJarResource(strictly_origins)
[04Apr2026 15:24:09.092] [main/DEBUG] [mixin/]: MixinPlatformAgentDefault accepted container SecureJarResource(strictly_origins)
[04Apr2026 15:24:09.093] [main/DEBUG] [mixin/]: Processing prepare() for PlatformAgent[MixinPlatformAgentDefault:SecureJarResource(strictly_origins)]
[04Apr2026 15:24:09.093] [main/DEBUG] [mixin/]: Adding mixin platform agents for container SecureJarResource(structurize)
[04Apr2026 15:24:09.093] [main/DEBUG] [mixin/]: Instancing new MixinPlatformAgentMinecraftForge for SecureJarResource(structurize)
[04Apr2026 15:24:09.093] [main/DEBUG] [mixin/]: MixinPlatformAgentMinecraftForge rejected container SecureJarResource(structurize)
[04Apr2026 15:24:09.093] [main/DEBUG] [mixin/]: Instancing new MixinPlatformAgentDefault for SecureJarResource(structurize)
[04Apr2026 15:24:09.093] [main/DEBUG] [mixin/]: MixinPlatformAgentDefault accepted container SecureJarResource(structurize)
[04Apr2026 15:24:09.093] [main/DEBUG] [mixin/]: Processing prepare() for PlatformAgent[MixinPlatformAgentDefault:SecureJarResource(structurize)]
[04Apr2026 15:24:09.093] [main/DEBUG] [mixin/]: Adding mixin platform agents for container SecureJarResource(immediatelyfast)
[04Apr2026 15:24:09.093] [main/DEBUG] [mixin/]: Instancing new MixinPlatformAgentMinecraftForge for SecureJarResource(immediatelyfast)
[04Apr2026 15:24:09.093] [main/DEBUG] [mixin/]: MixinPlatformAgentMinecraftForge rejected container SecureJarResource(immediatelyfast)
[04Apr2026 15:24:09.093] [main/DEBUG] [mixin/]: Instancing new MixinPlatformAgentDefault for SecureJarResource(immediatelyfast)
[04Apr2026 15:24:09.094] [main/DEBUG] [mixin/]: MixinPlatformAgentDefault accepted container SecureJarResource(immediatelyfast)
[04Apr2026 15:24:09.094] [main/DEBUG] [mixin/]: Processing prepare() for PlatformAgent[MixinPlatformAgentDefault:SecureJarResource(immediatelyfast)]
[04Apr2026 15:24:09.094] [main/DEBUG] [mixin/]: Registering mixin config: immediatelyfast-forge.mixins.json
[04Apr2026 15:24:09.098] [main/DEBUG] [mixin/]: Registering mixin config: immediatelyfast-common.mixins.json
[04Apr2026 15:24:09.101] [main/DEBUG] [mixin/]: Adding mixin platform agents for container SecureJarResource(tlc)
[04Apr2026 15:24:09.101] [main/DEBUG] [mixin/]: Instancing new MixinPlatformAgentMinecraftForge for SecureJarResource(tlc)
[04Apr2026 15:24:09.101] [main/DEBUG] [mixin/]: MixinPlatformAgentMinecraftForge rejected container SecureJarResource(tlc)
[04Apr2026 15:24:09.101] [main/DEBUG] [mixin/]: Instancing new MixinPlatformAgentDefault for SecureJarResource(tlc)
[04Apr2026 15:24:09.101] [main/DEBUG] [mixin/]: MixinPlatformAgentDefault accepted container SecureJarResource(tlc)
[04Apr2026 15:24:09.101] [main/DEBUG] [mixin/]: Processing prepare() for PlatformAgent[MixinPlatformAgentDefault:SecureJarResource(tlc)]
[04Apr2026 15:24:09.101] [main/DEBUG] [mixin/]: Registering mixin config: tlc.mixins.json
[04Apr2026 15:24:09.104] [main/DEBUG] [mixin/]: Adding mixin platform agents for container SecureJarResource(appleskin)
[04Apr2026 15:24:09.104] [main/DEBUG] [mixin/]: Instancing new MixinPlatformAgentMinecraftForge for SecureJarResource(appleskin)
[04Apr2026 15:24:09.104] [main/DEBUG] [mixin/]: MixinPlatformAgentMinecraftForge rejected container SecureJarResource(appleskin)
[04Apr2026 15:24:09.104] [main/DEBUG] [mixin/]: Instancing new MixinPlatformAgentDefault for SecureJarResource(appleskin)
[04Apr2026 15:24:09.104] [main/DEBUG] [mixin/]: MixinPlatformAgentDefault accepted container SecureJarResource(appleskin)
[04Apr2026 15:24:09.105] [main/DEBUG] [mixin/]: Processing prepare() for PlatformAgent[MixinPlatformAgentDefault:SecureJarResource(appleskin)]
[04Apr2026 15:24:09.105] [main/DEBUG] [mixin/]: Adding mixin platform agents for container SecureJarResource(lootr)
[04Apr2026 15:24:09.105] [main/DEBUG] [mixin/]: Instancing new MixinPlatformAgentMinecraftForge for SecureJarResource(lootr)
[04Apr2026 15:24:09.105] [main/DEBUG] [mixin/]: MixinPlatformAgentMinecraftForge rejected container SecureJarResource(lootr)
[04Apr2026 15:24:09.105] [main/DEBUG] [mixin/]: Instancing new MixinPlatformAgentDefault for SecureJarResource(lootr)
[04Apr2026 15:24:09.105] [main/DEBUG] [mixin/]: MixinPlatformAgentDefault accepted container SecureJarResource(lootr)
[04Apr2026 15:24:09.105] [main/DEBUG] [mixin/]: Processing prepare() for PlatformAgent[MixinPlatformAgentDefault:SecureJarResource(lootr)]
[04Apr2026 15:24:09.105] [main/DEBUG] [mixin/]: Registering mixin config: lootr.mixins.json
[04Apr2026 15:24:09.109] [main/DEBUG] [mixin/]: Adding mixin platform agents for container SecureJarResource(biomemusic)
[04Apr2026 15:24:09.109] [main/DEBUG] [mixin/]: Instancing new MixinPlatformAgentMinecraftForge for SecureJarResource(biomemusic)
[04Apr2026 15:24:09.109] [main/DEBUG] [mixin/]: MixinPlatformAgentMinecraftForge rejected container SecureJarResource(biomemusic)
[04Apr2026 15:24:09.109] [main/DEBUG] [mixin/]: Instancing new MixinPlatformAgentDefault for SecureJarResource(biomemusic)
[04Apr2026 15:24:09.109] [main/DEBUG] [mixin/]: MixinPlatformAgentDefault accepted container SecureJarResource(biomemusic)
[04Apr2026 15:24:09.109] [main/DEBUG] [mixin/]: Processing prepare() for PlatformAgent[MixinPlatformAgentDefault:SecureJarResource(biomemusic)]
[04Apr2026 15:24:09.109] [main/DEBUG] [mixin/]: Registering mixin config: biomemusic.mixins.json
[04Apr2026 15:24:09.112] [main/DEBUG] [mixin/]: Adding mixin platform agents for container SecureJarResource(upgradednetherite_ultimate)
[04Apr2026 15:24:09.112] [main/DEBUG] [mixin/]: Instancing new MixinPlatformAgentMinecraftForge for SecureJarResource(upgradednetherite_ultimate)
[04Apr2026 15:24:09.112] [main/DEBUG] [mixin/]: MixinPlatformAgentMinecraftForge rejected container SecureJarResource(upgradednetherite_ultimate)
[04Apr2026 15:24:09.112] [main/DEBUG] [mixin/]: Instancing new MixinPlatformAgentDefault for SecureJarResource(upgradednetherite_ultimate)
[04Apr2026 15:24:09.113] [main/DEBUG] [mixin/]: MixinPlatformAgentDefault accepted container SecureJarResource(upgradednetherite_ultimate)
[04Apr2026 15:24:09.113] [main/DEBUG] [mixin/]: Processing prepare() for PlatformAgent[MixinPlatformAgentDefault:SecureJarResource(upgradednetherite_ultimate)]
[04Apr2026 15:24:09.113] [main/DEBUG] [mixin/]: Adding mixin platform agents for container SecureJarResource(puzzleslib)
[04Apr2026 15:24:09.113] [main/DEBUG] [mixin/]: Instancing new MixinPlatformAgentMinecraftForge for SecureJarResource(puzzleslib)
[04Apr2026 15:24:09.113] [main/DEBUG] [mixin/]: MixinPlatformAgentMinecraftForge rejected container SecureJarResource(puzzleslib)
[04Apr2026 15:24:09.113] [main/DEBUG] [mixin/]: Instancing new MixinPlatformAgentDefault for SecureJarResource(puzzleslib)
[04Apr2026 15:24:09.113] [main/DEBUG] [mixin/]: MixinPlatformAgentDefault accepted container SecureJarResource(puzzleslib)
[04Apr2026 15:24:09.113] [main/DEBUG] [mixin/]: Processing prepare() for PlatformAgent[MixinPlatformAgentDefault:SecureJarResource(puzzleslib)]
[04Apr2026 15:24:09.113] [main/DEBUG] [mixin/]: Registering mixin config: puzzleslib.common.mixins.json
[04Apr2026 15:24:09.117] [main/DEBUG] [mixin/]: Registering mixin config: puzzleslib.forge.mixins.json
[04Apr2026 15:24:09.119] [main/DEBUG] [mixin/]: Adding mixin platform agents for container SecureJarResource(aquaculture)
[04Apr2026 15:24:09.120] [main/DEBUG] [mixin/]: Instancing new MixinPlatformAgentMinecraftForge for SecureJarResource(aquaculture)
[04Apr2026 15:24:09.120] [main/DEBUG] [mixin/]: MixinPlatformAgentMinecraftForge rejected container SecureJarResource(aquaculture)
[04Apr2026 15:24:09.120] [main/DEBUG] [mixin/]: Instancing new MixinPlatformAgentDefault for SecureJarResource(aquaculture)
[04Apr2026 15:24:09.120] [main/DEBUG] [mixin/]: MixinPlatformAgentDefault accepted container SecureJarResource(aquaculture)
[04Apr2026 15:24:09.120] [main/DEBUG] [mixin/]: Processing prepare() for PlatformAgent[MixinPlatformAgentDefault:SecureJarResource(aquaculture)]
[04Apr2026 15:24:09.120] [main/DEBUG] [mixin/]: Adding mixin platform agents for container SecureJarResource(byg)
[04Apr2026 15:24:09.120] [main/DEBUG] [mixin/]: Instancing new MixinPlatformAgentMinecraftForge for SecureJarResource(byg)
[04Apr2026 15:24:09.121] [main/DEBUG] [mixin/]: MixinPlatformAgentMinecraftForge rejected container SecureJarResource(byg)
[04Apr2026 15:24:09.121] [main/DEBUG] [mixin/]: Instancing new MixinPlatformAgentDefault for SecureJarResource(byg)
[04Apr2026 15:24:09.121] [main/DEBUG] [mixin/]: MixinPlatformAgentDefault accepted container SecureJarResource(byg)
[04Apr2026 15:24:09.121] [main/DEBUG] [mixin/]: Processing prepare() for PlatformAgent[MixinPlatformAgentDefault:SecureJarResource(byg)]
[04Apr2026 15:24:09.121] [main/DEBUG] [mixin/]: Registering mixin config: byg.mixins.json
[04Apr2026 15:24:09.132] [main/DEBUG] [mixin/]: Registering mixin config: byg_forge.mixins.json
[04Apr2026 15:24:09.135] [main/DEBUG] [mixin/]: Adding mixin platform agents for container SecureJarResource(delightful)
[04Apr2026 15:24:09.135] [main/DEBUG] [mixin/]: Instancing new MixinPlatformAgentMinecraftForge for SecureJarResource(delightful)
[04Apr2026 15:24:09.135] [main/DEBUG] [mixin/]: MixinPlatformAgentMinecraftForge rejected container SecureJarResource(delightful)
[04Apr2026 15:24:09.135] [main/DEBUG] [mixin/]: Instancing new MixinPlatformAgentDefault for SecureJarResource(delightful)
[04Apr2026 15:24:09.135] [main/DEBUG] [mixin/]: MixinPlatformAgentDefault accepted container SecureJarResource(delightful)
[04Apr2026 15:24:09.135] [main/DEBUG] [mixin/]: Processing prepare() for PlatformAgent[MixinPlatformAgentDefault:SecureJarResource(delightful)]
[04Apr2026 15:24:09.135] [main/DEBUG] [mixin/]: Adding mixin platform agents for container SecureJarResource(chunksending)
[04Apr2026 15:24:09.135] [main/DEBUG] [mixin/]: Instancing new MixinPlatformAgentMinecraftForge for SecureJarResource(chunksending)
[04Apr2026 15:24:09.135] [main/DEBUG] [mixin/]: MixinPlatformAgentMinecraftForge rejected container SecureJarResource(chunksending)
[04Apr2026 15:24:09.135] [main/DEBUG] [mixin/]: Instancing new MixinPlatformAgentDefault for SecureJarResource(chunksending)
[04Apr2026 15:24:09.135] [main/DEBUG] [mixin/]: MixinPlatformAgentDefault accepted container SecureJarResource(chunksending)
[04Apr2026 15:24:09.135] [main/DEBUG] [mixin/]: Processing prepare() for PlatformAgent[MixinPlatformAgentDefault:SecureJarResource(chunksending)]
[04Apr2026 15:24:09.135] [main/DEBUG] [mixin/]: Registering mixin config: chunksending.mixins.json
[04Apr2026 15:24:09.137] [main/DEBUG] [mixin/]: Adding mixin platform agents for container SecureJarResource(phantasm)
[04Apr2026 15:24:09.138] [main/DEBUG] [mixin/]: Instancing new MixinPlatformAgentMinecraftForge for SecureJarResource(phantasm)
[04Apr2026 15:24:09.138] [main/DEBUG] [mixin/]: MixinPlatformAgentMinecraftForge rejected container SecureJarResource(phantasm)
[04Apr2026 15:24:09.138] [main/DEBUG] [mixin/]: Instancing new MixinPlatformAgentDefault for SecureJarResource(phantasm)
[04Apr2026 15:24:09.138] [main/DEBUG] [mixin/]: MixinPlatformAgentDefault accepted container SecureJarResource(phantasm)
[04Apr2026 15:24:09.138] [main/DEBUG] [mixin/]: Processing prepare() for PlatformAgent[MixinPlatformAgentDefault:SecureJarResource(phantasm)]
[04Apr2026 15:24:09.138] [main/DEBUG] [mixin/]: Adding mixin platform agents for container SecureJarResource(aquamirae)
[04Apr2026 15:24:09.138] [main/DEBUG] [mixin/]: Instancing new MixinPlatformAgentMinecraftForge for SecureJarResource(aquamirae)
[04Apr2026 15:24:09.138] [main/DEBUG] [mixin/]: MixinPlatformAgentMinecraftForge rejected container SecureJarResource(aquamirae)
[04Apr2026 15:24:09.138] [main/DEBUG] [mixin/]: Instancing new MixinPlatformAgentDefault for SecureJarResource(aquamirae)
[04Apr2026 15:24:09.138] [main/DEBUG] [mixin/]: MixinPlatformAgentDefault accepted container SecureJarResource(aquamirae)
[04Apr2026 15:24:09.138] [main/DEBUG] [mixin/]: Processing prepare() for PlatformAgent[MixinPlatformAgentDefault:SecureJarResource(aquamirae)]
[04Apr2026 15:24:09.138] [main/DEBUG] [mixin/]: Registering mixin config: aquamirae.mixins.json
[04Apr2026 15:24:09.140] [main/DEBUG] [mixin/]: Adding mixin platform agents for container SecureJarResource(defaultoptions)
[04Apr2026 15:24:09.140] [main/DEBUG] [mixin/]: Instancing new MixinPlatformAgentMinecraftForge for SecureJarResource(defaultoptions)
[04Apr2026 15:24:09.141] [main/DEBUG] [mixin/]: MixinPlatformAgentMinecraftForge rejected container SecureJarResource(defaultoptions)
[04Apr2026 15:24:09.141] [main/DEBUG] [mixin/]: Instancing new MixinPlatformAgentDefault for SecureJarResource(defaultoptions)
[04Apr2026 15:24:09.141] [main/DEBUG] [mixin/]: MixinPlatformAgentDefault accepted container SecureJarResource(defaultoptions)
[04Apr2026 15:24:09.141] [main/DEBUG] [mixin/]: Processing prepare() for PlatformAgent[MixinPlatformAgentDefault:SecureJarResource(defaultoptions)]
[04Apr2026 15:24:09.141] [main/DEBUG] [mixin/]: Registering mixin config: defaultoptions.mixins.json
[04Apr2026 15:24:09.142] [main/DEBUG] [mixin/]: Adding mixin platform agents for container SecureJarResource(xpbook)
[04Apr2026 15:24:09.142] [main/DEBUG] [mixin/]: Instancing new MixinPlatformAgentMinecraftForge for SecureJarResource(xpbook)
[04Apr2026 15:24:09.142] [main/DEBUG] [mixin/]: MixinPlatformAgentMinecraftForge rejected container SecureJarResource(xpbook)
[04Apr2026 15:24:09.142] [main/DEBUG] [mixin/]: Instancing new MixinPlatformAgentDefault for SecureJarResource(xpbook)
[04Apr2026 15:24:09.142] [main/DEBUG] [mixin/]: MixinPlatformAgentDefault accepted container SecureJarResource(xpbook)
[04Apr2026 15:24:09.142] [main/DEBUG] [mixin/]: Processing prepare() for PlatformAgent[MixinPlatformAgentDefault:SecureJarResource(xpbook)]
[04Apr2026 15:24:09.142] [main/DEBUG] [mixin/]: Adding mixin platform agents for container SecureJarResource(totw_modded)
[04Apr2026 15:24:09.142] [main/DEBUG] [mixin/]: Instancing new MixinPlatformAgentMinecraftForge for SecureJarResource(totw_modded)
[04Apr2026 15:24:09.142] [main/DEBUG] [mixin/]: MixinPlatformAgentMinecraftForge rejected container SecureJarResource(totw_modded)
[04Apr2026 15:24:09.142] [main/DEBUG] [mixin/]: Instancing new MixinPlatformAgentDefault for SecureJarResource(totw_modded)
[04Apr2026 15:24:09.142] [main/DEBUG] [mixin/]: MixinPlatformAgentDefault accepted container SecureJarResource(totw_modded)
[04Apr2026 15:24:09.142] [main/DEBUG] [mixin/]: Processing prepare() for PlatformAgent[MixinPlatformAgentDefault:SecureJarResource(totw_modded)]
[04Apr2026 15:24:09.142] [main/DEBUG] [mixin/]: Adding mixin platform agents for container SecureJarResource(skyvillages)
[04Apr2026 15:24:09.142] [main/DEBUG] [mixin/]: Instancing new MixinPlatformAgentMinecraftForge for SecureJarResource(skyvillages)
[04Apr2026 15:24:09.143] [main/DEBUG] [mixin/]: MixinPlatformAgentMinecraftForge rejected container SecureJarResource(skyvillages)
[04Apr2026 15:24:09.143] [main/DEBUG] [mixin/]: Instancing new MixinPlatformAgentDefault for SecureJarResource(skyvillages)
[04Apr2026 15:24:09.143] [main/DEBUG] [mixin/]: MixinPlatformAgentDefault accepted container SecureJarResource(skyvillages)
[04Apr2026 15:24:09.143] [main/DEBUG] [mixin/]: Processing prepare() for PlatformAgent[MixinPlatformAgentDefault:SecureJarResource(skyvillages)]
[04Apr2026 15:24:09.143] [main/DEBUG] [mixin/]: Adding mixin platform agents for container SecureJarResource(blue_skies)
[04Apr2026 15:24:09.143] [main/DEBUG] [mixin/]: Instancing new MixinPlatformAgentMinecraftForge for SecureJarResource(blue_skies)
[04Apr2026 15:24:09.143] [main/DEBUG] [mixin/]: MixinPlatformAgentMinecraftForge rejected container SecureJarResource(blue_skies)
[04Apr2026 15:24:09.143] [main/DEBUG] [mixin/]: Instancing new MixinPlatformAgentDefault for SecureJarResource(blue_skies)
[04Apr2026 15:24:09.143] [main/DEBUG] [mixin/]: MixinPlatformAgentDefault accepted container SecureJarResource(blue_skies)
[04Apr2026 15:24:09.143] [main/DEBUG] [mixin/]: Processing prepare() for PlatformAgent[MixinPlatformAgentDefault:SecureJarResource(blue_skies)]
[04Apr2026 15:24:09.143] [main/DEBUG] [mixin/]: Registering mixin config: blue_skies.mixins.json
[04Apr2026 15:24:09.145] [main/DEBUG] [mixin/]: Adding mixin platform agents for container SecureJarResource(transmog)
[04Apr2026 15:24:09.145] [main/DEBUG] [mixin/]: Instancing new MixinPlatformAgentMinecraftForge for SecureJarResource(transmog)
[04Apr2026 15:24:09.145] [main/DEBUG] [mixin/]: MixinPlatformAgentMinecraftForge rejected container SecureJarResource(transmog)
[04Apr2026 15:24:09.145] [main/DEBUG] [mixin/]: Instancing new MixinPlatformAgentDefault for SecureJarResource(transmog)
[04Apr2026 15:24:09.145] [main/DEBUG] [mixin/]: MixinPlatformAgentDefault accepted container SecureJarResource(transmog)
[04Apr2026 15:24:09.146] [main/DEBUG] [mixin/]: Processing prepare() for PlatformAgent[MixinPlatformAgentDefault:SecureJarResource(transmog)]
[04Apr2026 15:24:09.146] [main/DEBUG] [mixin/]: Registering mixin config: mixins.transmog.common.json
[04Apr2026 15:24:09.147] [main/DEBUG] [mixin/]: Registering mixin config: mixins.transmog.forge.json
[04Apr2026 15:24:09.149] [main/DEBUG] [mixin/]: Adding mixin platform agents for container SecureJarResource(ars_additions)
[04Apr2026 15:24:09.149] [main/DEBUG] [mixin/]: Instancing new MixinPlatformAgentMinecraftForge for SecureJarResource(ars_additions)
[04Apr2026 15:24:09.149] [main/DEBUG] [mixin/]: MixinPlatformAgentMinecraftForge rejected container SecureJarResource(ars_additions)
[04Apr2026 15:24:09.149] [main/DEBUG] [mixin/]: Instancing new MixinPlatformAgentDefault for SecureJarResource(ars_additions)
[04Apr2026 15:24:09.149] [main/DEBUG] [mixin/]: MixinPlatformAgentDefault accepted container SecureJarResource(ars_additions)
[04Apr2026 15:24:09.149] [main/DEBUG] [mixin/]: Processing prepare() for PlatformAgent[MixinPlatformAgentDefault:SecureJarResource(ars_additions)]
[04Apr2026 15:24:09.149] [main/DEBUG] [mixin/]: Registering mixin config: ars_additions.mixins.json
[04Apr2026 15:24:09.151] [main/DEBUG] [mixin/]: Adding mixin platform agents for container SecureJarResource(recipeessentials)
[04Apr2026 15:24:09.151] [main/DEBUG] [mixin/]: Instancing new MixinPlatformAgentMinecraftForge for SecureJarResource(recipeessentials)
[04Apr2026 15:24:09.151] [main/DEBUG] [mixin/]: MixinPlatformAgentMinecraftForge rejected container SecureJarResource(recipeessentials)
[04Apr2026 15:24:09.151] [main/DEBUG] [mixin/]: Instancing new MixinPlatformAgentDefault for SecureJarResource(recipeessentials)
[04Apr2026 15:24:09.151] [main/DEBUG] [mixin/]: MixinPlatformAgentDefault accepted container SecureJarResource(recipeessentials)
[04Apr2026 15:24:09.151] [main/DEBUG] [mixin/]: Processing prepare() for PlatformAgent[MixinPlatformAgentDefault:SecureJarResource(recipeessentials)]
[04Apr2026 15:24:09.151] [main/DEBUG] [mixin/]: Registering mixin config: recipeessentials.mixins.json
[04Apr2026 15:24:09.161] [main/DEBUG] [mixin/]: Adding mixin platform agents for container SecureJarResource(aether)
[04Apr2026 15:24:09.161] [main/DEBUG] [mixin/]: Instancing new MixinPlatformAgentMinecraftForge for SecureJarResource(aether)
[04Apr2026 15:24:09.161] [main/DEBUG] [mixin/]: MixinPlatformAgentMinecraftForge rejected container SecureJarResource(aether)
[04Apr2026 15:24:09.161] [main/DEBUG] [mixin/]: Instancing new MixinPlatformAgentDefault for SecureJarResource(aether)
[04Apr2026 15:24:09.161] [main/DEBUG] [mixin/]: MixinPlatformAgentDefault accepted container SecureJarResource(aether)
[04Apr2026 15:24:09.161] [main/DEBUG] [mixin/]: Processing prepare() for PlatformAgent[MixinPlatformAgentDefault:SecureJarResource(aether)]
[04Apr2026 15:24:09.161] [main/DEBUG] [mixin/]: Registering mixin config: aether.mixins.json
[04Apr2026 15:24:09.162] [main/DEBUG] [mixin/]: Adding mixin platform agents for container SecureJarResource(galosphere)
[04Apr2026 15:24:09.162] [main/DEBUG] [mixin/]: Instancing new MixinPlatformAgentMinecraftForge for SecureJarResource(galosphere)
[04Apr2026 15:24:09.162] [main/DEBUG] [mixin/]: MixinPlatformAgentMinecraftForge rejected container SecureJarResource(galosphere)
[04Apr2026 15:24:09.163] [main/DEBUG] [mixin/]: Instancing new MixinPlatformAgentDefault for SecureJarResource(galosphere)
[04Apr2026 15:24:09.163] [main/DEBUG] [mixin/]: MixinPlatformAgentDefault accepted container SecureJarResource(galosphere)
[04Apr2026 15:24:09.163] [main/DEBUG] [mixin/]: Processing prepare() for PlatformAgent[MixinPlatformAgentDefault:SecureJarResource(galosphere)]
[04Apr2026 15:24:09.163] [main/DEBUG] [mixin/]: Registering mixin config: galosphere.mixins.json
[04Apr2026 15:24:09.165] [main/DEBUG] [mixin/]: Adding mixin platform agents for container SecureJarResource(towntalk)
[04Apr2026 15:24:09.166] [main/DEBUG] [mixin/]: Instancing new MixinPlatformAgentMinecraftForge for SecureJarResource(towntalk)
[04Apr2026 15:24:09.166] [main/DEBUG] [mixin/]: MixinPlatformAgentMinecraftForge rejected container SecureJarResource(towntalk)
[04Apr2026 15:24:09.166] [main/DEBUG] [mixin/]: Instancing new MixinPlatformAgentDefault for SecureJarResource(towntalk)
[04Apr2026 15:24:09.166] [main/DEBUG] [mixin/]: MixinPlatformAgentDefault accepted container SecureJarResource(towntalk)
[04Apr2026 15:24:09.166] [main/DEBUG] [mixin/]: Processing prepare() for PlatformAgent[MixinPlatformAgentDefault:SecureJarResource(towntalk)]
[04Apr2026 15:24:09.166] [main/DEBUG] [mixin/]: Adding mixin platform agents for container SecureJarResource(betteroceanmonuments)
[04Apr2026 15:24:09.166] [main/DEBUG] [mixin/]: Instancing new MixinPlatformAgentMinecraftForge for SecureJarResource(betteroceanmonuments)
[04Apr2026 15:24:09.166] [main/DEBUG] [mixin/]: MixinPlatformAgentMinecraftForge rejected container SecureJarResource(betteroceanmonuments)
[04Apr2026 15:24:09.166] [main/DEBUG] [mixin/]: Instancing new MixinPlatformAgentDefault for SecureJarResource(betteroceanmonuments)
[04Apr2026 15:24:09.166] [main/DEBUG] [mixin/]: MixinPlatformAgentDefault accepted container SecureJarResource(betteroceanmonuments)
[04Apr2026 15:24:09.166] [main/DEBUG] [mixin/]: Processing prepare() for PlatformAgent[MixinPlatformAgentDefault:SecureJarResource(betteroceanmonuments)]
[04Apr2026 15:24:09.166] [main/DEBUG] [mixin/]: Registering mixin config: betteroceanmonuments.mixins.json
[04Apr2026 15:24:09.169] [main/DEBUG] [mixin/]: Registering mixin config: betteroceanmonuments_forge.mixins.json
[04Apr2026 15:24:09.173] [main/DEBUG] [mixin/]: Adding mixin platform agents for container SecureJarResource(connectivity)
[04Apr2026 15:24:09.173] [main/DEBUG] [mixin/]: Instancing new MixinPlatformAgentMinecraftForge for SecureJarResource(connectivity)
[04Apr2026 15:24:09.173] [main/DEBUG] [mixin/]: MixinPlatformAgentMinecraftForge rejected container SecureJarResource(connectivity)
[04Apr2026 15:24:09.173] [main/DEBUG] [mixin/]: Instancing new MixinPlatformAgentDefault for SecureJarResource(connectivity)
[04Apr2026 15:24:09.173] [main/DEBUG] [mixin/]: MixinPlatformAgentDefault accepted container SecureJarResource(connectivity)
[04Apr2026 15:24:09.173] [main/DEBUG] [mixin/]: Processing prepare() for PlatformAgent[MixinPlatformAgentDefault:SecureJarResource(connectivity)]
[04Apr2026 15:24:09.173] [main/DEBUG] [mixin/]: Registering mixin config: connectivity.mixins.json
[04Apr2026 15:24:09.176] [main/DEBUG] [mixin/]: Adding mixin platform agents for container SecureJarResource(incendium)
[04Apr2026 15:24:09.177] [main/DEBUG] [mixin/]: Instancing new MixinPlatformAgentMinecraftForge for SecureJarResource(incendium)
[04Apr2026 15:24:09.177] [main/DEBUG] [mixin/]: MixinPlatformAgentMinecraftForge rejected container SecureJarResource(incendium)
[04Apr2026 15:24:09.177] [main/DEBUG] [mixin/]: Instancing new MixinPlatformAgentDefault for SecureJarResource(incendium)
[04Apr2026 15:24:09.177] [main/DEBUG] [mixin/]: MixinPlatformAgentDefault accepted container SecureJarResource(incendium)
[04Apr2026 15:24:09.177] [main/DEBUG] [mixin/]: Processing prepare() for PlatformAgent[MixinPlatformAgentDefault:SecureJarResource(incendium)]
[04Apr2026 15:24:09.177] [main/DEBUG] [mixin/]: Adding mixin platform agents for container SecureJarResource(gpumemleakfix)
[04Apr2026 15:24:09.177] [main/DEBUG] [mixin/]: Instancing new MixinPlatformAgentMinecraftForge for SecureJarResource(gpumemleakfix)
[04Apr2026 15:24:09.177] [main/DEBUG] [mixin/]: MixinPlatformAgentMinecraftForge rejected container SecureJarResource(gpumemleakfix)
[04Apr2026 15:24:09.177] [main/DEBUG] [mixin/]: Instancing new MixinPlatformAgentDefault for SecureJarResource(gpumemleakfix)
[04Apr2026 15:24:09.177] [main/DEBUG] [mixin/]: MixinPlatformAgentDefault accepted container SecureJarResource(gpumemleakfix)
[04Apr2026 15:24:09.177] [main/DEBUG] [mixin/]: Processing prepare() for PlatformAgent[MixinPlatformAgentDefault:SecureJarResource(gpumemleakfix)]
[04Apr2026 15:24:09.177] [main/DEBUG] [mixin/]: Registering mixin config: gpumemleakfix.mixins.json
[04Apr2026 15:24:09.180] [main/DEBUG] [mixin/]: Adding mixin platform agents for container SecureJarResource(sophisticatedcore)
[04Apr2026 15:24:09.180] [main/DEBUG] [mixin/]: Instancing new MixinPlatformAgentMinecraftForge for SecureJarResource(sophisticatedcore)
[04Apr2026 15:24:09.180] [main/DEBUG] [mixin/]: MixinPlatformAgentMinecraftForge rejected container SecureJarResource(sophisticatedcore)
[04Apr2026 15:24:09.180] [main/DEBUG] [mixin/]: Instancing new MixinPlatformAgentDefault for SecureJarResource(sophisticatedcore)
[04Apr2026 15:24:09.180] [main/DEBUG] [mixin/]: MixinPlatformAgentDefault accepted container SecureJarResource(sophisticatedcore)
[04Apr2026 15:24:09.180] [main/DEBUG] [mixin/]: Processing prepare() for PlatformAgent[MixinPlatformAgentDefault:SecureJarResource(sophisticatedcore)]
[04Apr2026 15:24:09.180] [main/DEBUG] [mixin/]: Adding mixin platform agents for container SecureJarResource(insanelib)
[04Apr2026 15:24:09.180] [main/DEBUG] [mixin/]: Instancing new MixinPlatformAgentMinecraftForge for SecureJarResource(insanelib)
[04Apr2026 15:24:09.180] [main/DEBUG] [mixin/]: MixinPlatformAgentMinecraftForge rejected container SecureJarResource(insanelib)
[04Apr2026 15:24:09.180] [main/DEBUG] [mixin/]: Instancing new MixinPlatformAgentDefault for SecureJarResource(insanelib)
[04Apr2026 15:24:09.180] [main/DEBUG] [mixin/]: MixinPlatformAgentDefault accepted container SecureJarResource(insanelib)
[04Apr2026 15:24:09.180] [main/DEBUG] [mixin/]: Processing prepare() for PlatformAgent[MixinPlatformAgentDefault:SecureJarResource(insanelib)]
[04Apr2026 15:24:09.181] [main/DEBUG] [mixin/]: Registering mixin config: insanelib.mixins.json
[04Apr2026 15:24:09.190] [main/DEBUG] [mixin/]: Compatibility level JAVA_8 specified by insanelib.mixins.json is lower than the default level supported by the current mixin service (JAVA_16).
[04Apr2026 15:24:09.191] [main/DEBUG] [mixin/]: Adding mixin platform agents for container SecureJarResource(structureessentials)
[04Apr2026 15:24:09.191] [main/DEBUG] [mixin/]: Instancing new MixinPlatformAgentMinecraftForge for SecureJarResource(structureessentials)
[04Apr2026 15:24:09.191] [main/DEBUG] [mixin/]: MixinPlatformAgentMinecraftForge rejected container SecureJarResource(structureessentials)
[04Apr2026 15:24:09.191] [main/DEBUG] [mixin/]: Instancing new MixinPlatformAgentDefault for SecureJarResource(structureessentials)
[04Apr2026 15:24:09.191] [main/DEBUG] [mixin/]: MixinPlatformAgentDefault accepted container SecureJarResource(structureessentials)
[04Apr2026 15:24:09.191] [main/DEBUG] [mixin/]: Processing prepare() for PlatformAgent[MixinPlatformAgentDefault:SecureJarResource(structureessentials)]
[04Apr2026 15:24:09.191] [main/DEBUG] [mixin/]: Registering mixin config: structureessentials.mixins.json
[04Apr2026 15:24:09.192] [main/DEBUG] [mixin/]: Adding mixin platform agents for container SecureJarResource(controlling)
[04Apr2026 15:24:09.192] [main/DEBUG] [mixin/]: Instancing new MixinPlatformAgentMinecraftForge for SecureJarResource(controlling)
[04Apr2026 15:24:09.193] [main/DEBUG] [mixin/]: MixinPlatformAgentMinecraftForge rejected container SecureJarResource(controlling)
[04Apr2026 15:24:09.193] [main/DEBUG] [mixin/]: Instancing new MixinPlatformAgentDefault for SecureJarResource(controlling)
[04Apr2026 15:24:09.193] [main/DEBUG] [mixin/]: MixinPlatformAgentDefault accepted container SecureJarResource(controlling)
[04Apr2026 15:24:09.193] [main/DEBUG] [mixin/]: Processing prepare() for PlatformAgent[MixinPlatformAgentDefault:SecureJarResource(controlling)]
[04Apr2026 15:24:09.193] [main/DEBUG] [mixin/]: Registering mixin config: controlling.mixins.json
[04Apr2026 15:24:09.194] [main/DEBUG] [mixin/]: Registering mixin config: controlling.forge.mixins.json
[04Apr2026 15:24:09.196] [main/DEBUG] [mixin/]: Adding mixin platform agents for container SecureJarResource(xaeroworldmap)
[04Apr2026 15:24:09.196] [main/DEBUG] [mixin/]: Instancing new MixinPlatformAgentMinecraftForge for SecureJarResource(xaeroworldmap)
[04Apr2026 15:24:09.196] [main/DEBUG] [mixin/]: MixinPlatformAgentMinecraftForge rejected container SecureJarResource(xaeroworldmap)
[04Apr2026 15:24:09.196] [main/DEBUG] [mixin/]: Instancing new MixinPlatformAgentDefault for SecureJarResource(xaeroworldmap)
[04Apr2026 15:24:09.196] [main/DEBUG] [mixin/]: MixinPlatformAgentDefault accepted container SecureJarResource(xaeroworldmap)
[04Apr2026 15:24:09.196] [main/DEBUG] [mixin/]: Processing prepare() for PlatformAgent[MixinPlatformAgentDefault:SecureJarResource(xaeroworldmap)]
[04Apr2026 15:24:09.196] [main/DEBUG] [mixin/]: Registering mixin config: xaeroworldmap.mixins.json
[04Apr2026 15:24:09.207] [main/DEBUG] [mixin/]: Registering mixin config: xaeroworldmap.forge.mixins.json
[04Apr2026 15:24:09.209] [main/DEBUG] [mixin/]: Adding mixin platform agents for container SecureJarResource(citadel)
[04Apr2026 15:24:09.209] [main/DEBUG] [mixin/]: Instancing new MixinPlatformAgentMinecraftForge for SecureJarResource(citadel)
[04Apr2026 15:24:09.209] [main/DEBUG] [mixin/]: MixinPlatformAgentMinecraftForge rejected container SecureJarResource(citadel)
[04Apr2026 15:24:09.209] [main/DEBUG] [mixin/]: Instancing new MixinPlatformAgentDefault for SecureJarResource(citadel)
[04Apr2026 15:24:09.209] [main/DEBUG] [mixin/]: MixinPlatformAgentDefault accepted container SecureJarResource(citadel)
[04Apr2026 15:24:09.209] [main/DEBUG] [mixin/]: Processing prepare() for PlatformAgent[MixinPlatformAgentDefault:SecureJarResource(citadel)]
[04Apr2026 15:24:09.209] [main/DEBUG] [mixin/]: Registering mixin config: citadel.mixins.json
[04Apr2026 15:24:09.211] [main/DEBUG] [mixin/]: Adding mixin platform agents for container SecureJarResource(placebo)
[04Apr2026 15:24:09.211] [main/DEBUG] [mixin/]: Instancing new MixinPlatformAgentMinecraftForge for SecureJarResource(placebo)
[04Apr2026 15:24:09.211] [main/DEBUG] [mixin/]: MixinPlatformAgentMinecraftForge rejected container SecureJarResource(placebo)
[04Apr2026 15:24:09.211] [main/DEBUG] [mixin/]: Instancing new MixinPlatformAgentDefault for SecureJarResource(placebo)
[04Apr2026 15:24:09.212] [main/DEBUG] [mixin/]: MixinPlatformAgentDefault accepted container SecureJarResource(placebo)
[04Apr2026 15:24:09.212] [main/DEBUG] [mixin/]: Processing prepare() for PlatformAgent[MixinPlatformAgentDefault:SecureJarResource(placebo)]
[04Apr2026 15:24:09.212] [main/DEBUG] [mixin/]: Registering mixin config: placebo.mixins.json
[04Apr2026 15:24:09.214] [main/DEBUG] [mixin/]: Adding mixin platform agents for container SecureJarResource(prism)
[04Apr2026 15:24:09.214] [main/DEBUG] [mixin/]: Instancing new MixinPlatformAgentMinecraftForge for SecureJarResource(prism)
[04Apr2026 15:24:09.214] [main/DEBUG] [mixin/]: MixinPlatformAgentMinecraftForge rejected container SecureJarResource(prism)
[04Apr2026 15:24:09.214] [main/DEBUG] [mixin/]: Instancing new MixinPlatformAgentDefault for SecureJarResource(prism)
[04Apr2026 15:24:09.214] [main/DEBUG] [mixin/]: MixinPlatformAgentDefault accepted container SecureJarResource(prism)
[04Apr2026 15:24:09.214] [main/DEBUG] [mixin/]: Processing prepare() for PlatformAgent[MixinPlatformAgentDefault:SecureJarResource(prism)]
[04Apr2026 15:24:09.214] [main/DEBUG] [mixin/]: Registering mixin config: prism.mixins.json
[04Apr2026 15:24:09.216] [main/DEBUG] [mixin/]: Adding mixin platform agents for container SecureJarResource(lootintegrations)
[04Apr2026 15:24:09.216] [main/DEBUG] [mixin/]: Instancing new MixinPlatformAgentMinecraftForge for SecureJarResource(lootintegrations)
[04Apr2026 15:24:09.216] [main/DEBUG] [mixin/]: MixinPlatformAgentMinecraftForge rejected container SecureJarResource(lootintegrations)
[04Apr2026 15:24:09.216] [main/DEBUG] [mixin/]: Instancing new MixinPlatformAgentDefault for SecureJarResource(lootintegrations)
[04Apr2026 15:24:09.216] [main/DEBUG] [mixin/]: MixinPlatformAgentDefault accepted container SecureJarResource(lootintegrations)
[04Apr2026 15:24:09.216] [main/DEBUG] [mixin/]: Processing prepare() for PlatformAgent[MixinPlatformAgentDefault:SecureJarResource(lootintegrations)]
[04Apr2026 15:24:09.216] [main/DEBUG] [mixin/]: Registering mixin config: lootintegrations.mixins.json
[04Apr2026 15:24:09.217] [main/DEBUG] [mixin/]: Compatibility level JAVA_16 specified by lootintegrations.mixins.json is higher than the maximum level supported by this version of mixin (JAVA_13).
[04Apr2026 15:24:09.218] [main/DEBUG] [mixin/]: Adding mixin platform agents for container SecureJarResource(item_obliterator)
[04Apr2026 15:24:09.218] [main/DEBUG] [mixin/]: Instancing new MixinPlatformAgentMinecraftForge for SecureJarResource(item_obliterator)
[04Apr2026 15:24:09.218] [main/DEBUG] [mixin/]: MixinPlatformAgentMinecraftForge rejected container SecureJarResource(item_obliterator)
[04Apr2026 15:24:09.218] [main/DEBUG] [mixin/]: Instancing new MixinPlatformAgentDefault for SecureJarResource(item_obliterator)
[04Apr2026 15:24:09.218] [main/DEBUG] [mixin/]: MixinPlatformAgentDefault accepted container SecureJarResource(item_obliterator)
[04Apr2026 15:24:09.218] [main/DEBUG] [mixin/]: Processing prepare() for PlatformAgent[MixinPlatformAgentDefault:SecureJarResource(item_obliterator)]
[04Apr2026 15:24:09.218] [main/DEBUG] [mixin/]: Registering mixin config: item_obliterator.mixins.json
[04Apr2026 15:24:09.219] [main/DEBUG] [mixin/]: Adding mixin platform agents for container SecureJarResource(bakery)
[04Apr2026 15:24:09.220] [main/DEBUG] [mixin/]: Instancing new MixinPlatformAgentMinecraftForge for SecureJarResource(bakery)
[04Apr2026 15:24:09.220] [main/DEBUG] [mixin/]: MixinPlatformAgentMinecraftForge rejected container SecureJarResource(bakery)
[04Apr2026 15:24:09.220] [main/DEBUG] [mixin/]: Instancing new MixinPlatformAgentDefault for SecureJarResource(bakery)
[04Apr2026 15:24:09.220] [main/DEBUG] [mixin/]: MixinPlatformAgentDefault accepted container SecureJarResource(bakery)
[04Apr2026 15:24:09.220] [main/DEBUG] [mixin/]: Processing prepare() for PlatformAgent[MixinPlatformAgentDefault:SecureJarResource(bakery)]
[04Apr2026 15:24:09.220] [main/DEBUG] [mixin/]: Registering mixin config: bakery-common.mixins.json
[04Apr2026 15:24:09.221] [main/DEBUG] [mixin/]: Registering mixin config: bakery.mixins.json
[04Apr2026 15:24:09.223] [main/DEBUG] [mixin/]: Adding mixin platform agents for container SecureJarResource(bookshelf)
[04Apr2026 15:24:09.223] [main/DEBUG] [mixin/]: Instancing new MixinPlatformAgentMinecraftForge for SecureJarResource(bookshelf)
[04Apr2026 15:24:09.223] [main/DEBUG] [mixin/]: MixinPlatformAgentMinecraftForge rejected container SecureJarResource(bookshelf)
[04Apr2026 15:24:09.223] [main/DEBUG] [mixin/]: Instancing new MixinPlatformAgentDefault for SecureJarResource(bookshelf)
[04Apr2026 15:24:09.223] [main/DEBUG] [mixin/]: MixinPlatformAgentDefault accepted container SecureJarResource(bookshelf)
[04Apr2026 15:24:09.223] [main/DEBUG] [mixin/]: Processing prepare() for PlatformAgent[MixinPlatformAgentDefault:SecureJarResource(bookshelf)]
[04Apr2026 15:24:09.223] [main/DEBUG] [mixin/]: Registering mixin config: bookshelf.common.mixins.json
[04Apr2026 15:24:09.225] [main/DEBUG] [mixin/]: Registering mixin config: bookshelf.forge.mixins.json
[04Apr2026 15:24:09.226] [main/DEBUG] [mixin/]: Adding mixin platform agents for container SecureJarResource(sophisticatedbackpacks)
[04Apr2026 15:24:09.226] [main/DEBUG] [mixin/]: Instancing new MixinPlatformAgentMinecraftForge for SecureJarResource(sophisticatedbackpacks)
[04Apr2026 15:24:09.226] [main/DEBUG] [mixin/]: MixinPlatformAgentMinecraftForge rejected container SecureJarResource(sophisticatedbackpacks)
[04Apr2026 15:24:09.226] [main/DEBUG] [mixin/]: Instancing new MixinPlatformAgentDefault for SecureJarResource(sophisticatedbackpacks)
[04Apr2026 15:24:09.226] [main/DEBUG] [mixin/]: MixinPlatformAgentDefault accepted container SecureJarResource(sophisticatedbackpacks)
[04Apr2026 15:24:09.226] [main/DEBUG] [mixin/]: Processing prepare() for PlatformAgent[MixinPlatformAgentDefault:SecureJarResource(sophisticatedbackpacks)]
[04Apr2026 15:24:09.227] [main/DEBUG] [mixin/]: Adding mixin platform agents for container SecureJarResource(royalvariations)
[04Apr2026 15:24:09.227] [main/DEBUG] [mixin/]: Instancing new MixinPlatformAgentMinecraftForge for SecureJarResource(royalvariations)
[04Apr2026 15:24:09.227] [main/DEBUG] [mixin/]: MixinPlatformAgentMinecraftForge rejected container SecureJarResource(royalvariations)
[04Apr2026 15:24:09.227] [main/DEBUG] [mixin/]: Instancing new MixinPlatformAgentDefault for SecureJarResource(royalvariations)
[04Apr2026 15:24:09.227] [main/DEBUG] [mixin/]: MixinPlatformAgentDefault accepted container SecureJarResource(royalvariations)
[04Apr2026 15:24:09.227] [main/DEBUG] [mixin/]: Processing prepare() for PlatformAgent[MixinPlatformAgentDefault:SecureJarResource(royalvariations)]
[04Apr2026 15:24:09.227] [main/DEBUG] [mixin/]: Adding mixin platform agents for container SecureJarResource(twigs)
[04Apr2026 15:24:09.227] [main/DEBUG] [mixin/]: Instancing new MixinPlatformAgentMinecraftForge for SecureJarResource(twigs)
[04Apr2026 15:24:09.227] [main/DEBUG] [mixin/]: MixinPlatformAgentMinecraftForge rejected container SecureJarResource(twigs)
[04Apr2026 15:24:09.227] [main/DEBUG] [mixin/]: Instancing new MixinPlatformAgentDefault for SecureJarResource(twigs)
[04Apr2026 15:24:09.227] [main/DEBUG] [mixin/]: MixinPlatformAgentDefault accepted container SecureJarResource(twigs)
[04Apr2026 15:24:09.227] [main/DEBUG] [mixin/]: Processing prepare() for PlatformAgent[MixinPlatformAgentDefault:SecureJarResource(twigs)]
[04Apr2026 15:24:09.227] [main/DEBUG] [mixin/]: Registering mixin config: twigs.mixins.json
[04Apr2026 15:24:09.228] [main/DEBUG] [mixin/]: Adding mixin platform agents for container SecureJarResource(relics)
[04Apr2026 15:24:09.228] [main/DEBUG] [mixin/]: Instancing new MixinPlatformAgentMinecraftForge for SecureJarResource(relics)
[04Apr2026 15:24:09.228] [main/DEBUG] [mixin/]: MixinPlatformAgentMinecraftForge rejected container SecureJarResource(relics)
[04Apr2026 15:24:09.228] [main/DEBUG] [mixin/]: Instancing new MixinPlatformAgentDefault for SecureJarResource(relics)
[04Apr2026 15:24:09.229] [main/DEBUG] [mixin/]: MixinPlatformAgentDefault accepted container SecureJarResource(relics)
[04Apr2026 15:24:09.229] [main/DEBUG] [mixin/]: Processing prepare() for PlatformAgent[MixinPlatformAgentDefault:SecureJarResource(relics)]
[04Apr2026 15:24:09.229] [main/DEBUG] [mixin/]: Registering mixin config: relics.mixins.json
[04Apr2026 15:24:09.230] [main/DEBUG] [mixin/]: Compatibility level JAVA_8 specified by relics.mixins.json is lower than the default level supported by the current mixin service (JAVA_16).
[04Apr2026 15:24:09.230] [main/DEBUG] [mixin/]: Adding mixin platform agents for container SecureJarResource(progressivebosses)
[04Apr2026 15:24:09.230] [main/DEBUG] [mixin/]: Instancing new MixinPlatformAgentMinecraftForge for SecureJarResource(progressivebosses)
[04Apr2026 15:24:09.230] [main/DEBUG] [mixin/]: MixinPlatformAgentMinecraftForge rejected container SecureJarResource(progressivebosses)
[04Apr2026 15:24:09.230] [main/DEBUG] [mixin/]: Instancing new MixinPlatformAgentDefault for SecureJarResource(progressivebosses)
[04Apr2026 15:24:09.230] [main/DEBUG] [mixin/]: MixinPlatformAgentDefault accepted container SecureJarResource(progressivebosses)
[04Apr2026 15:24:09.230] [main/DEBUG] [mixin/]: Processing prepare() for PlatformAgent[MixinPlatformAgentDefault:SecureJarResource(progressivebosses)]
[04Apr2026 15:24:09.230] [main/DEBUG] [mixin/]: Registering mixin config: progressivebosses.mixins.json
[04Apr2026 15:24:09.232] [main/DEBUG] [mixin/]: Compatibility level JAVA_8 specified by progressivebosses.mixins.json is lower than the default level supported by the current mixin service (JAVA_16).
[04Apr2026 15:24:09.232] [main/DEBUG] [mixin/]: Adding mixin platform agents for container SecureJarResource(takesapillage)
[04Apr2026 15:24:09.232] [main/DEBUG] [mixin/]: Instancing new MixinPlatformAgentMinecraftForge for SecureJarResource(takesapillage)
[04Apr2026 15:24:09.232] [main/DEBUG] [mixin/]: MixinPlatformAgentMinecraftForge rejected container SecureJarResource(takesapillage)
[04Apr2026 15:24:09.232] [main/DEBUG] [mixin/]: Instancing new MixinPlatformAgentDefault for SecureJarResource(takesapillage)
[04Apr2026 15:24:09.232] [main/DEBUG] [mixin/]: MixinPlatformAgentDefault accepted container SecureJarResource(takesapillage)
[04Apr2026 15:24:09.232] [main/DEBUG] [mixin/]: Processing prepare() for PlatformAgent[MixinPlatformAgentDefault:SecureJarResource(takesapillage)]
[04Apr2026 15:24:09.233] [main/DEBUG] [mixin/]: Registering mixin config: takesapillage.mixins.json
[04Apr2026 15:24:09.235] [main/DEBUG] [mixin/]: Adding mixin platform agents for container SecureJarResource(bygonenether)
[04Apr2026 15:24:09.235] [main/DEBUG] [mixin/]: Instancing new MixinPlatformAgentMinecraftForge for SecureJarResource(bygonenether)
[04Apr2026 15:24:09.235] [main/DEBUG] [mixin/]: MixinPlatformAgentMinecraftForge rejected container SecureJarResource(bygonenether)
[04Apr2026 15:24:09.235] [main/DEBUG] [mixin/]: Instancing new MixinPlatformAgentDefault for SecureJarResource(bygonenether)
[04Apr2026 15:24:09.235] [main/DEBUG] [mixin/]: MixinPlatformAgentDefault accepted container SecureJarResource(bygonenether)
[04Apr2026 15:24:09.235] [main/DEBUG] [mixin/]: Processing prepare() for PlatformAgent[MixinPlatformAgentDefault:SecureJarResource(bygonenether)]
[04Apr2026 15:24:09.235] [main/DEBUG] [mixin/]: Registering mixin config: bygonenether.mixins.json
[04Apr2026 15:24:09.237] [main/DEBUG] [mixin/]: Adding mixin platform agents for container SecureJarResource(carryon)
[04Apr2026 15:24:09.237] [main/DEBUG] [mixin/]: Instancing new MixinPlatformAgentMinecraftForge for SecureJarResource(carryon)
[04Apr2026 15:24:09.237] [main/DEBUG] [mixin/]: MixinPlatformAgentMinecraftForge rejected container SecureJarResource(carryon)
[04Apr2026 15:24:09.237] [main/DEBUG] [mixin/]: Instancing new MixinPlatformAgentDefault for SecureJarResource(carryon)
[04Apr2026 15:24:09.237] [main/DEBUG] [mixin/]: MixinPlatformAgentDefault accepted container SecureJarResource(carryon)
[04Apr2026 15:24:09.237] [main/DEBUG] [mixin/]: Processing prepare() for PlatformAgent[MixinPlatformAgentDefault:SecureJarResource(carryon)]
[04Apr2026 15:24:09.237] [main/DEBUG] [mixin/]: Registering mixin config: carryon.mixins.json
[04Apr2026 15:24:09.245] [main/DEBUG] [mixin/]: Registering mixin config: carryon.forge.mixins.json
[04Apr2026 15:24:09.247] [main/DEBUG] [mixin/]: Adding mixin platform agents for container SecureJarResource(melody)
[04Apr2026 15:24:09.247] [main/DEBUG] [mixin/]: Instancing new MixinPlatformAgentMinecraftForge for SecureJarResource(melody)
[04Apr2026 15:24:09.247] [main/DEBUG] [mixin/]: MixinPlatformAgentMinecraftForge rejected container SecureJarResource(melody)
[04Apr2026 15:24:09.247] [main/DEBUG] [mixin/]: Instancing new MixinPlatformAgentDefault for SecureJarResource(melody)
[04Apr2026 15:24:09.247] [main/DEBUG] [mixin/]: MixinPlatformAgentDefault accepted container SecureJarResource(melody)
[04Apr2026 15:24:09.247] [main/DEBUG] [mixin/]: Processing prepare() for PlatformAgent[MixinPlatformAgentDefault:SecureJarResource(melody)]
[04Apr2026 15:24:09.247] [main/DEBUG] [mixin/]: Registering mixin config: melody.mixins.json
[04Apr2026 15:24:09.256] [main/DEBUG] [mixin/]: Registering mixin config: melody.forge.mixins.json
[04Apr2026 15:24:09.258] [main/DEBUG] [mixin/]: Adding mixin platform agents for container SecureJarResource(ftbteams)
[04Apr2026 15:24:09.259] [main/DEBUG] [mixin/]: Instancing new MixinPlatformAgentMinecraftForge for SecureJarResource(ftbteams)
[04Apr2026 15:24:09.259] [main/DEBUG] [mixin/]: MixinPlatformAgentMinecraftForge rejected container SecureJarResource(ftbteams)
[04Apr2026 15:24:09.259] [main/DEBUG] [mixin/]: Instancing new MixinPlatformAgentDefault for SecureJarResource(ftbteams)
[04Apr2026 15:24:09.259] [main/DEBUG] [mixin/]: MixinPlatformAgentDefault accepted container SecureJarResource(ftbteams)
[04Apr2026 15:24:09.259] [main/DEBUG] [mixin/]: Processing prepare() for PlatformAgent[MixinPlatformAgentDefault:SecureJarResource(ftbteams)]
[04Apr2026 15:24:09.259] [main/DEBUG] [mixin/]: Adding mixin platform agents for container SecureJarResource(dragonmounts)
[04Apr2026 15:24:09.259] [main/DEBUG] [mixin/]: Instancing new MixinPlatformAgentMinecraftForge for SecureJarResource(dragonmounts)
[04Apr2026 15:24:09.259] [main/DEBUG] [mixin/]: MixinPlatformAgentMinecraftForge rejected container SecureJarResource(dragonmounts)
[04Apr2026 15:24:09.259] [main/DEBUG] [mixin/]: Instancing new MixinPlatformAgentDefault for SecureJarResource(dragonmounts)
[04Apr2026 15:24:09.259] [main/DEBUG] [mixin/]: MixinPlatformAgentDefault accepted container SecureJarResource(dragonmounts)
[04Apr2026 15:24:09.259] [main/DEBUG] [mixin/]: Processing prepare() for PlatformAgent[MixinPlatformAgentDefault:SecureJarResource(dragonmounts)]
[04Apr2026 15:24:09.259] [main/DEBUG] [mixin/]: Registering mixin config: dragonmounts.mixins.json
[04Apr2026 15:24:09.261] [main/DEBUG] [mixin/]: Adding mixin platform agents for container SecureJarResource(dummmmmmy)
[04Apr2026 15:24:09.261] [main/DEBUG] [mixin/]: Instancing new MixinPlatformAgentMinecraftForge for SecureJarResource(dummmmmmy)
[04Apr2026 15:24:09.261] [main/DEBUG] [mixin/]: MixinPlatformAgentMinecraftForge rejected container SecureJarResource(dummmmmmy)
[04Apr2026 15:24:09.261] [main/DEBUG] [mixin/]: Instancing new MixinPlatformAgentDefault for SecureJarResource(dummmmmmy)
[04Apr2026 15:24:09.261] [main/DEBUG] [mixin/]: MixinPlatformAgentDefault accepted container SecureJarResource(dummmmmmy)
[04Apr2026 15:24:09.261] [main/DEBUG] [mixin/]: Processing prepare() for PlatformAgent[MixinPlatformAgentDefault:SecureJarResource(dummmmmmy)]
[04Apr2026 15:24:09.261] [main/DEBUG] [mixin/]: Registering mixin config: dummmmmmy-common.mixins.json
[04Apr2026 15:24:09.271] [main/DEBUG] [mixin/]: Registering mixin config: dummmmmmy.mixins.json
[04Apr2026 15:24:09.273] [main/DEBUG] [mixin/]: Compatibility level JAVA_16 specified by dummmmmmy.mixins.json is higher than the maximum level supported by this version of mixin (JAVA_13).
[04Apr2026 15:24:09.273] [main/DEBUG] [mixin/]: Adding mixin platform agents for container SecureJarResource(twilightforest)
[04Apr2026 15:24:09.273] [main/DEBUG] [mixin/]: Instancing new MixinPlatformAgentMinecraftForge for SecureJarResource(twilightforest)
[04Apr2026 15:24:09.273] [main/DEBUG] [mixin/]: MixinPlatformAgentMinecraftForge rejected container SecureJarResource(twilightforest)
[04Apr2026 15:24:09.273] [main/DEBUG] [mixin/]: Instancing new MixinPlatformAgentDefault for SecureJarResource(twilightforest)
[04Apr2026 15:24:09.273] [main/DEBUG] [mixin/]: MixinPlatformAgentDefault accepted container SecureJarResource(twilightforest)
[04Apr2026 15:24:09.273] [main/DEBUG] [mixin/]: Processing prepare() for PlatformAgent[MixinPlatformAgentDefault:SecureJarResource(twilightforest)]
[04Apr2026 15:24:09.273] [main/DEBUG] [mixin/]: Adding mixin platform agents for container SecureJarResource(konkrete)
[04Apr2026 15:24:09.273] [main/DEBUG] [mixin/]: Instancing new MixinPlatformAgentMinecraftForge for SecureJarResource(konkrete)
[04Apr2026 15:24:09.273] [main/DEBUG] [mixin/]: MixinPlatformAgentMinecraftForge rejected container SecureJarResource(konkrete)
[04Apr2026 15:24:09.273] [main/DEBUG] [mixin/]: Instancing new MixinPlatformAgentDefault for SecureJarResource(konkrete)
[04Apr2026 15:24:09.273] [main/DEBUG] [mixin/]: MixinPlatformAgentDefault accepted container SecureJarResource(konkrete)
[04Apr2026 15:24:09.274] [main/DEBUG] [mixin/]: Processing prepare() for PlatformAgent[MixinPlatformAgentDefault:SecureJarResource(konkrete)]
[04Apr2026 15:24:09.274] [main/DEBUG] [mixin/]: Registering mixin config: konkrete.mixin.json
[04Apr2026 15:24:09.275] [main/DEBUG] [mixin/]: Adding mixin platform agents for container SecureJarResource(enemyexpansion)
[04Apr2026 15:24:09.275] [main/DEBUG] [mixin/]: Instancing new MixinPlatformAgentMinecraftForge for SecureJarResource(enemyexpansion)
[04Apr2026 15:24:09.275] [main/DEBUG] [mixin/]: MixinPlatformAgentMinecraftForge rejected container SecureJarResource(enemyexpansion)
[04Apr2026 15:24:09.275] [main/DEBUG] [mixin/]: Instancing new MixinPlatformAgentDefault for SecureJarResource(enemyexpansion)
[04Apr2026 15:24:09.275] [main/DEBUG] [mixin/]: MixinPlatformAgentDefault accepted container SecureJarResource(enemyexpansion)
[04Apr2026 15:24:09.275] [main/DEBUG] [mixin/]: Processing prepare() for PlatformAgent[MixinPlatformAgentDefault:SecureJarResource(enemyexpansion)]
[04Apr2026 15:24:09.275] [main/DEBUG] [mixin/]: Adding mixin platform agents for container SecureJarResource(collectionofsingiro)
[04Apr2026 15:24:09.275] [main/DEBUG] [mixin/]: Instancing new MixinPlatformAgentMinecraftForge for SecureJarResource(collectionofsingiro)
[04Apr2026 15:24:09.275] [main/DEBUG] [mixin/]: MixinPlatformAgentMinecraftForge rejected container SecureJarResource(collectionofsingiro)
[04Apr2026 15:24:09.275] [main/DEBUG] [mixin/]: Instancing new MixinPlatformAgentDefault for SecureJarResource(collectionofsingiro)
[04Apr2026 15:24:09.275] [main/DEBUG] [mixin/]: MixinPlatformAgentDefault accepted container SecureJarResource(collectionofsingiro)
[04Apr2026 15:24:09.275] [main/DEBUG] [mixin/]: Processing prepare() for PlatformAgent[MixinPlatformAgentDefault:SecureJarResource(collectionofsingiro)]
[04Apr2026 15:24:09.275] [main/DEBUG] [mixin/]: Adding mixin platform agents for container SecureJarResource(farmersdelight)
[04Apr2026 15:24:09.275] [main/DEBUG] [mixin/]: Instancing new MixinPlatformAgentMinecraftForge for SecureJarResource(farmersdelight)
[04Apr2026 15:24:09.275] [main/DEBUG] [mixin/]: MixinPlatformAgentMinecraftForge rejected container SecureJarResource(farmersdelight)
[04Apr2026 15:24:09.275] [main/DEBUG] [mixin/]: Instancing new MixinPlatformAgentDefault for SecureJarResource(farmersdelight)
[04Apr2026 15:24:09.275] [main/DEBUG] [mixin/]: MixinPlatformAgentDefault accepted container SecureJarResource(farmersdelight)
[04Apr2026 15:24:09.276] [main/DEBUG] [mixin/]: Processing prepare() for PlatformAgent[MixinPlatformAgentDefault:SecureJarResource(farmersdelight)]
[04Apr2026 15:24:09.276] [main/DEBUG] [mixin/]: Registering mixin config: farmersdelight.mixins.json
[04Apr2026 15:24:09.277] [main/DEBUG] [mixin/]: Adding mixin platform agents for container SecureJarResource(getittogetherdrops)
[04Apr2026 15:24:09.277] [main/DEBUG] [mixin/]: Instancing new MixinPlatformAgentMinecraftForge for SecureJarResource(getittogetherdrops)
[04Apr2026 15:24:09.278] [main/DEBUG] [mixin/]: MixinPlatformAgentMinecraftForge rejected container SecureJarResource(getittogetherdrops)
[04Apr2026 15:24:09.278] [main/DEBUG] [mixin/]: Instancing new MixinPlatformAgentDefault for SecureJarResource(getittogetherdrops)
[04Apr2026 15:24:09.278] [main/DEBUG] [mixin/]: MixinPlatformAgentDefault accepted container SecureJarResource(getittogetherdrops)
[04Apr2026 15:24:09.278] [main/DEBUG] [mixin/]: Processing prepare() for PlatformAgent[MixinPlatformAgentDefault:SecureJarResource(getittogetherdrops)]
[04Apr2026 15:24:09.278] [main/DEBUG] [mixin/]: Registering mixin config: getittogetherdrops.mixins.json
[04Apr2026 15:24:09.280] [main/DEBUG] [mixin/]: Adding mixin platform agents for container SecureJarResource(endrem)
[04Apr2026 15:24:09.280] [main/DEBUG] [mixin/]: Instancing new MixinPlatformAgentMinecraftForge for SecureJarResource(endrem)
[04Apr2026 15:24:09.280] [main/DEBUG] [mixin/]: MixinPlatformAgentMinecraftForge rejected container SecureJarResource(endrem)
[04Apr2026 15:24:09.280] [main/DEBUG] [mixin/]: Instancing new MixinPlatformAgentDefault for SecureJarResource(endrem)
[04Apr2026 15:24:09.280] [main/DEBUG] [mixin/]: MixinPlatformAgentDefault accepted container SecureJarResource(endrem)
[04Apr2026 15:24:09.280] [main/DEBUG] [mixin/]: Processing prepare() for PlatformAgent[MixinPlatformAgentDefault:SecureJarResource(endrem)]
[04Apr2026 15:24:09.280] [main/DEBUG] [mixin/]: Registering mixin config: endrem.mixins.json
[04Apr2026 15:24:09.282] [main/DEBUG] [mixin/]: Adding mixin platform agents for container SecureJarResource(longnbtkiller)
[04Apr2026 15:24:09.282] [main/DEBUG] [mixin/]: Instancing new MixinPlatformAgentMinecraftForge for SecureJarResource(longnbtkiller)
[04Apr2026 15:24:09.282] [main/DEBUG] [mixin/]: MixinPlatformAgentMinecraftForge rejected container SecureJarResource(longnbtkiller)
[04Apr2026 15:24:09.282] [main/DEBUG] [mixin/]: Instancing new MixinPlatformAgentDefault for SecureJarResource(longnbtkiller)
[04Apr2026 15:24:09.282] [main/DEBUG] [mixin/]: MixinPlatformAgentDefault accepted container SecureJarResource(longnbtkiller)
[04Apr2026 15:24:09.282] [main/DEBUG] [mixin/]: Processing prepare() for PlatformAgent[MixinPlatformAgentDefault:SecureJarResource(longnbtkiller)]
[04Apr2026 15:24:09.282] [main/DEBUG] [mixin/]: Registering mixin config: longnbtkiller.mixins.json
[04Apr2026 15:24:09.283] [main/DEBUG] [mixin/]: Compatibility level JAVA_8 specified by longnbtkiller.mixins.json is lower than the default level supported by the current mixin service (JAVA_16).
[04Apr2026 15:24:09.283] [main/DEBUG] [mixin/]: Adding mixin platform agents for container SecureJarResource(dungeons_enhanced)
[04Apr2026 15:24:09.284] [main/DEBUG] [mixin/]: Instancing new MixinPlatformAgentMinecraftForge for SecureJarResource(dungeons_enhanced)
[04Apr2026 15:24:09.284] [main/DEBUG] [mixin/]: MixinPlatformAgentMinecraftForge rejected container SecureJarResource(dungeons_enhanced)
[04Apr2026 15:24:09.284] [main/DEBUG] [mixin/]: Instancing new MixinPlatformAgentDefault for SecureJarResource(dungeons_enhanced)
[04Apr2026 15:24:09.284] [main/DEBUG] [mixin/]: MixinPlatformAgentDefault accepted container SecureJarResource(dungeons_enhanced)
[04Apr2026 15:24:09.284] [main/DEBUG] [mixin/]: Processing prepare() for PlatformAgent[MixinPlatformAgentDefault:SecureJarResource(dungeons_enhanced)]
[04Apr2026 15:24:09.284] [main/DEBUG] [mixin/]: Adding mixin platform agents for container SecureJarResource(lionfishapi)
[04Apr2026 15:24:09.284] [main/DEBUG] [mixin/]: Instancing new MixinPlatformAgentMinecraftForge for SecureJarResource(lionfishapi)
[04Apr2026 15:24:09.284] [main/DEBUG] [mixin/]: MixinPlatformAgentMinecraftForge rejected container SecureJarResource(lionfishapi)
[04Apr2026 15:24:09.284] [main/DEBUG] [mixin/]: Instancing new MixinPlatformAgentDefault for SecureJarResource(lionfishapi)
[04Apr2026 15:24:09.284] [main/DEBUG] [mixin/]: MixinPlatformAgentDefault accepted container SecureJarResource(lionfishapi)
[04Apr2026 15:24:09.284] [main/DEBUG] [mixin/]: Processing prepare() for PlatformAgent[MixinPlatformAgentDefault:SecureJarResource(lionfishapi)]
[04Apr2026 15:24:09.284] [main/DEBUG] [mixin/]: Registering mixin config: lionfishapi.mixins.json
[04Apr2026 15:24:09.285] [main/DEBUG] [mixin/]: Adding mixin platform agents for container SecureJarResource(cataclysm)
[04Apr2026 15:24:09.285] [main/DEBUG] [mixin/]: Instancing new MixinPlatformAgentMinecraftForge for SecureJarResource(cataclysm)
[04Apr2026 15:24:09.285] [main/DEBUG] [mixin/]: MixinPlatformAgentMinecraftForge rejected container SecureJarResource(cataclysm)
[04Apr2026 15:24:09.285] [main/DEBUG] [mixin/]: Instancing new MixinPlatformAgentDefault for SecureJarResource(cataclysm)
[04Apr2026 15:24:09.285] [main/DEBUG] [mixin/]: MixinPlatformAgentDefault accepted container SecureJarResource(cataclysm)
[04Apr2026 15:24:09.285] [main/DEBUG] [mixin/]: Processing prepare() for PlatformAgent[MixinPlatformAgentDefault:SecureJarResource(cataclysm)]
[04Apr2026 15:24:09.285] [main/DEBUG] [mixin/]: Registering mixin config: cataclysm.mixins.json
[04Apr2026 15:24:09.287] [main/DEBUG] [mixin/]: Adding mixin platform agents for container SecureJarResource(memorysettings)
[04Apr2026 15:24:09.287] [main/DEBUG] [mixin/]: Instancing new MixinPlatformAgentMinecraftForge for SecureJarResource(memorysettings)
[04Apr2026 15:24:09.287] [main/DEBUG] [mixin/]: MixinPlatformAgentMinecraftForge rejected container SecureJarResource(memorysettings)
[04Apr2026 15:24:09.287] [main/DEBUG] [mixin/]: Instancing new MixinPlatformAgentDefault for SecureJarResource(memorysettings)
[04Apr2026 15:24:09.287] [main/DEBUG] [mixin/]: MixinPlatformAgentDefault accepted container SecureJarResource(memorysettings)
[04Apr2026 15:24:09.287] [main/DEBUG] [mixin/]: Processing prepare() for PlatformAgent[MixinPlatformAgentDefault:SecureJarResource(memorysettings)]
[04Apr2026 15:24:09.287] [main/DEBUG] [mixin/]: Registering mixin config: memorysettings.mixins.json
[04Apr2026 15:24:09.297] [main/DEBUG] [mixin/]: Compatibility level JAVA_8 specified by memorysettings.mixins.json is lower than the default level supported by the current mixin service (JAVA_16).
[04Apr2026 15:24:09.297] [main/DEBUG] [mixin/]: Adding mixin platform agents for container SecureJarResource(blockui)
[04Apr2026 15:24:09.297] [main/DEBUG] [mixin/]: Instancing new MixinPlatformAgentMinecraftForge for SecureJarResource(blockui)
[04Apr2026 15:24:09.297] [main/DEBUG] [mixin/]: MixinPlatformAgentMinecraftForge rejected container SecureJarResource(blockui)
[04Apr2026 15:24:09.297] [main/DEBUG] [mixin/]: Instancing new MixinPlatformAgentDefault for SecureJarResource(blockui)
[04Apr2026 15:24:09.297] [main/DEBUG] [mixin/]: MixinPlatformAgentDefault accepted container SecureJarResource(blockui)
[04Apr2026 15:24:09.297] [main/DEBUG] [mixin/]: Processing prepare() for PlatformAgent[MixinPlatformAgentDefault:SecureJarResource(blockui)]
[04Apr2026 15:24:09.297] [main/DEBUG] [mixin/]: Adding mixin platform agents for container SecureJarResource(patchouli)
[04Apr2026 15:24:09.297] [main/DEBUG] [mixin/]: Instancing new MixinPlatformAgentMinecraftForge for SecureJarResource(patchouli)
[04Apr2026 15:24:09.297] [main/DEBUG] [mixin/]: MixinPlatformAgentMinecraftForge rejected container SecureJarResource(patchouli)
[04Apr2026 15:24:09.298] [main/DEBUG] [mixin/]: Instancing new MixinPlatformAgentDefault for SecureJarResource(patchouli)
[04Apr2026 15:24:09.298] [main/DEBUG] [mixin/]: MixinPlatformAgentDefault accepted container SecureJarResource(patchouli)
[04Apr2026 15:24:09.298] [main/DEBUG] [mixin/]: Processing prepare() for PlatformAgent[MixinPlatformAgentDefault:SecureJarResource(patchouli)]
[04Apr2026 15:24:09.298] [main/DEBUG] [mixin/]: Registering mixin config: patchouli_xplat.mixins.json
[04Apr2026 15:24:09.300] [main/DEBUG] [mixin/]: Adding mixin platform agents for container SecureJarResource(origins_classes)
[04Apr2026 15:24:09.300] [main/DEBUG] [mixin/]: Instancing new MixinPlatformAgentMinecraftForge for SecureJarResource(origins_classes)
[04Apr2026 15:24:09.300] [main/DEBUG] [mixin/]: MixinPlatformAgentMinecraftForge rejected container SecureJarResource(origins_classes)
[04Apr2026 15:24:09.300] [main/DEBUG] [mixin/]: Instancing new MixinPlatformAgentDefault for SecureJarResource(origins_classes)
[04Apr2026 15:24:09.300] [main/DEBUG] [mixin/]: MixinPlatformAgentDefault accepted container SecureJarResource(origins_classes)
[04Apr2026 15:24:09.300] [main/DEBUG] [mixin/]: Processing prepare() for PlatformAgent[MixinPlatformAgentDefault:SecureJarResource(origins_classes)]
[04Apr2026 15:24:09.300] [main/DEBUG] [mixin/]: Registering mixin config: origins_classes.mixins.json
[04Apr2026 15:24:09.302] [main/DEBUG] [mixin/]: Adding mixin platform agents for container SecureJarResource(dramaticdoors)
[04Apr2026 15:24:09.302] [main/DEBUG] [mixin/]: Instancing new MixinPlatformAgentMinecraftForge for SecureJarResource(dramaticdoors)
[04Apr2026 15:24:09.302] [main/DEBUG] [mixin/]: MixinPlatformAgentMinecraftForge rejected container SecureJarResource(dramaticdoors)
[04Apr2026 15:24:09.302] [main/DEBUG] [mixin/]: Instancing new MixinPlatformAgentDefault for SecureJarResource(dramaticdoors)
[04Apr2026 15:24:09.302] [main/DEBUG] [mixin/]: MixinPlatformAgentDefault accepted container SecureJarResource(dramaticdoors)
[04Apr2026 15:24:09.302] [main/DEBUG] [mixin/]: Processing prepare() for PlatformAgent[MixinPlatformAgentDefault:SecureJarResource(dramaticdoors)]
[04Apr2026 15:24:09.302] [main/DEBUG] [mixin/]: Registering mixin config: forge-dramaticdoors_forge.mixins.json
[04Apr2026 15:24:09.304] [main/DEBUG] [mixin/]: Adding mixin platform agents for container SecureJarResource(woodworks)
[04Apr2026 15:24:09.304] [main/DEBUG] [mixin/]: Instancing new MixinPlatformAgentMinecraftForge for SecureJarResource(woodworks)
[04Apr2026 15:24:09.305] [main/DEBUG] [mixin/]: MixinPlatformAgentMinecraftForge rejected container SecureJarResource(woodworks)
[04Apr2026 15:24:09.305] [main/DEBUG] [mixin/]: Instancing new MixinPlatformAgentDefault for SecureJarResource(woodworks)
[04Apr2026 15:24:09.305] [main/DEBUG] [mixin/]: MixinPlatformAgentDefault accepted container SecureJarResource(woodworks)
[04Apr2026 15:24:09.305] [main/DEBUG] [mixin/]: Processing prepare() for PlatformAgent[MixinPlatformAgentDefault:SecureJarResource(woodworks)]
[04Apr2026 15:24:09.305] [main/DEBUG] [mixin/]: Adding mixin platform agents for container SecureJarResource(betterthirdperson)
[04Apr2026 15:24:09.305] [main/DEBUG] [mixin/]: Instancing new MixinPlatformAgentMinecraftForge for SecureJarResource(betterthirdperson)
[04Apr2026 15:24:09.305] [main/DEBUG] [mixin/]: MixinPlatformAgentMinecraftForge rejected container SecureJarResource(betterthirdperson)
[04Apr2026 15:24:09.305] [main/DEBUG] [mixin/]: Instancing new MixinPlatformAgentDefault for SecureJarResource(betterthirdperson)
[04Apr2026 15:24:09.305] [main/DEBUG] [mixin/]: MixinPlatformAgentDefault accepted container SecureJarResource(betterthirdperson)
[04Apr2026 15:24:09.305] [main/DEBUG] [mixin/]: Processing prepare() for PlatformAgent[MixinPlatformAgentDefault:SecureJarResource(betterthirdperson)]
[04Apr2026 15:24:09.305] [main/DEBUG] [mixin/]: Registering mixin config: betterthirdperson.mixins.json
[04Apr2026 15:24:09.312] [main/DEBUG] [mixin/]: Compatibility level JAVA_16 specified by betterthirdperson.mixins.json is higher than the maximum level supported by this version of mixin (JAVA_13).
[04Apr2026 15:24:09.313] [main/DEBUG] [mixin/]: Adding mixin platform agents for container SecureJarResource(ftbultimine)
[04Apr2026 15:24:09.313] [main/DEBUG] [mixin/]: Instancing new MixinPlatformAgentMinecraftForge for SecureJarResource(ftbultimine)
[04Apr2026 15:24:09.313] [main/DEBUG] [mixin/]: MixinPlatformAgentMinecraftForge rejected container SecureJarResource(ftbultimine)
[04Apr2026 15:24:09.313] [main/DEBUG] [mixin/]: Instancing new MixinPlatformAgentDefault for SecureJarResource(ftbultimine)
[04Apr2026 15:24:09.313] [main/DEBUG] [mixin/]: MixinPlatformAgentDefault accepted container SecureJarResource(ftbultimine)
[04Apr2026 15:24:09.313] [main/DEBUG] [mixin/]: Processing prepare() for PlatformAgent[MixinPlatformAgentDefault:SecureJarResource(ftbultimine)]
[04Apr2026 15:24:09.313] [main/DEBUG] [mixin/]: Registering mixin config: ftbultimine-common.mixins.json
[04Apr2026 15:24:09.314] [main/DEBUG] [mixin/]: Compatibility level JAVA_8 specified by ftbultimine-common.mixins.json is lower than the default level supported by the current mixin service (JAVA_16).
[04Apr2026 15:24:09.314] [main/DEBUG] [mixin/]: Adding mixin platform agents for container SecureJarResource(nightconfigfixes)
[04Apr2026 15:24:09.314] [main/DEBUG] [mixin/]: Instancing new MixinPlatformAgentMinecraftForge for SecureJarResource(nightconfigfixes)
[04Apr2026 15:24:09.314] [main/DEBUG] [mixin/]: MixinPlatformAgentMinecraftForge rejected container SecureJarResource(nightconfigfixes)
[04Apr2026 15:24:09.314] [main/DEBUG] [mixin/]: Instancing new MixinPlatformAgentDefault for SecureJarResource(nightconfigfixes)
[04Apr2026 15:24:09.314] [main/DEBUG] [mixin/]: MixinPlatformAgentDefault accepted container SecureJarResource(nightconfigfixes)
[04Apr2026 15:24:09.314] [main/DEBUG] [mixin/]: Processing prepare() for PlatformAgent[MixinPlatformAgentDefault:SecureJarResource(nightconfigfixes)]
[04Apr2026 15:24:09.314] [main/DEBUG] [mixin/]: Registering mixin config: nightconfigfixes.forge.mixins.json
[04Apr2026 15:24:09.320] [main/DEBUG] [mixin/]: Adding mixin platform agents for container SecureJarResource(betterstrongholds)
[04Apr2026 15:24:09.320] [main/DEBUG] [mixin/]: Instancing new MixinPlatformAgentMinecraftForge for SecureJarResource(betterstrongholds)
[04Apr2026 15:24:09.320] [main/DEBUG] [mixin/]: MixinPlatformAgentMinecraftForge rejected container SecureJarResource(betterstrongholds)
[04Apr2026 15:24:09.320] [main/DEBUG] [mixin/]: Instancing new MixinPlatformAgentDefault for SecureJarResource(betterstrongholds)
[04Apr2026 15:24:09.320] [main/DEBUG] [mixin/]: MixinPlatformAgentDefault accepted container SecureJarResource(betterstrongholds)
[04Apr2026 15:24:09.320] [main/DEBUG] [mixin/]: Processing prepare() for PlatformAgent[MixinPlatformAgentDefault:SecureJarResource(betterstrongholds)]
[04Apr2026 15:24:09.320] [main/DEBUG] [mixin/]: Registering mixin config: betterstrongholds.mixins.json
[04Apr2026 15:24:09.322] [main/DEBUG] [mixin/]: Registering mixin config: betterstrongholds_forge.mixins.json
[04Apr2026 15:24:09.323] [main/DEBUG] [mixin/]: Adding mixin platform agents for container SecureJarResource(enigmaticlegacy)
[04Apr2026 15:24:09.323] [main/DEBUG] [mixin/]: Instancing new MixinPlatformAgentMinecraftForge for SecureJarResource(enigmaticlegacy)
[04Apr2026 15:24:09.323] [main/DEBUG] [mixin/]: MixinPlatformAgentMinecraftForge rejected container SecureJarResource(enigmaticlegacy)
[04Apr2026 15:24:09.323] [main/DEBUG] [mixin/]: Instancing new MixinPlatformAgentDefault for SecureJarResource(enigmaticlegacy)
[04Apr2026 15:24:09.323] [main/DEBUG] [mixin/]: MixinPlatformAgentDefault accepted container SecureJarResource(enigmaticlegacy)
[04Apr2026 15:24:09.323] [main/DEBUG] [mixin/]: Processing prepare() for PlatformAgent[MixinPlatformAgentDefault:SecureJarResource(enigmaticlegacy)]
[04Apr2026 15:24:09.323] [main/DEBUG] [mixin/]: Adding mixin platform agents for container SecureJarResource(architectury)
[04Apr2026 15:24:09.323] [main/DEBUG] [mixin/]: Instancing new MixinPlatformAgentMinecraftForge for SecureJarResource(architectury)
[04Apr2026 15:24:09.323] [main/DEBUG] [mixin/]: MixinPlatformAgentMinecraftForge rejected container SecureJarResource(architectury)
[04Apr2026 15:24:09.323] [main/DEBUG] [mixin/]: Instancing new MixinPlatformAgentDefault for SecureJarResource(architectury)
[04Apr2026 15:24:09.323] [main/DEBUG] [mixin/]: MixinPlatformAgentDefault accepted container SecureJarResource(architectury)
[04Apr2026 15:24:09.323] [main/DEBUG] [mixin/]: Processing prepare() for PlatformAgent[MixinPlatformAgentDefault:SecureJarResource(architectury)]
[04Apr2026 15:24:09.323] [main/DEBUG] [mixin/]: Registering mixin config: architectury.mixins.json
[04Apr2026 15:24:09.324] [main/DEBUG] [mixin/]: Compatibility level JAVA_16 specified by architectury.mixins.json is higher than the maximum level supported by this version of mixin (JAVA_13).
[04Apr2026 15:24:09.325] [main/DEBUG] [mixin/]: Registering mixin config: architectury-common.mixins.json
[04Apr2026 15:24:09.326] [main/DEBUG] [mixin/]: Compatibility level JAVA_16 specified by architectury-common.mixins.json is higher than the maximum level supported by this version of mixin (JAVA_13).
[04Apr2026 15:24:09.326] [main/DEBUG] [mixin/]: Adding mixin platform agents for container SecureJarResource(deeperdarker)
[04Apr2026 15:24:09.326] [main/DEBUG] [mixin/]: Instancing new MixinPlatformAgentMinecraftForge for SecureJarResource(deeperdarker)
[04Apr2026 15:24:09.327] [main/DEBUG] [mixin/]: MixinPlatformAgentMinecraftForge rejected container SecureJarResource(deeperdarker)
[04Apr2026 15:24:09.327] [main/DEBUG] [mixin/]: Instancing new MixinPlatformAgentDefault for SecureJarResource(deeperdarker)
[04Apr2026 15:24:09.327] [main/DEBUG] [mixin/]: MixinPlatformAgentDefault accepted container SecureJarResource(deeperdarker)
[04Apr2026 15:24:09.327] [main/DEBUG] [mixin/]: Processing prepare() for PlatformAgent[MixinPlatformAgentDefault:SecureJarResource(deeperdarker)]
[04Apr2026 15:24:09.327] [main/DEBUG] [mixin/]: Registering mixin config: mixins.deeperdarker.json
[04Apr2026 15:24:09.327] [main/DEBUG] [mixin/]: Adding mixin platform agents for container SecureJarResource(aiimprovements)
[04Apr2026 15:24:09.327] [main/DEBUG] [mixin/]: Instancing new MixinPlatformAgentMinecraftForge for SecureJarResource(aiimprovements)
[04Apr2026 15:24:09.327] [main/DEBUG] [mixin/]: MixinPlatformAgentMinecraftForge rejected container SecureJarResource(aiimprovements)
[04Apr2026 15:24:09.327] [main/DEBUG] [mixin/]: Instancing new MixinPlatformAgentDefault for SecureJarResource(aiimprovements)
[04Apr2026 15:24:09.328] [main/DEBUG] [mixin/]: MixinPlatformAgentDefault accepted container SecureJarResource(aiimprovements)
[04Apr2026 15:24:09.328] [main/DEBUG] [mixin/]: Processing prepare() for PlatformAgent[MixinPlatformAgentDefault:SecureJarResource(aiimprovements)]
[04Apr2026 15:24:09.328] [main/DEBUG] [mixin/]: Adding mixin platform agents for container SecureJarResource(cupboard)
[04Apr2026 15:24:09.328] [main/DEBUG] [mixin/]: Instancing new MixinPlatformAgentMinecraftForge for SecureJarResource(cupboard)
[04Apr2026 15:24:09.328] [main/DEBUG] [mixin/]: MixinPlatformAgentMinecraftForge rejected container SecureJarResource(cupboard)
[04Apr2026 15:24:09.328] [main/DEBUG] [mixin/]: Instancing new MixinPlatformAgentDefault for SecureJarResource(cupboard)
[04Apr2026 15:24:09.328] [main/DEBUG] [mixin/]: MixinPlatformAgentDefault accepted container SecureJarResource(cupboard)
[04Apr2026 15:24:09.328] [main/DEBUG] [mixin/]: Processing prepare() for PlatformAgent[MixinPlatformAgentDefault:SecureJarResource(cupboard)]
[04Apr2026 15:24:09.328] [main/DEBUG] [mixin/]: Registering mixin config: cupboard.mixins.json
[04Apr2026 15:24:09.329] [main/DEBUG] [mixin/]: Adding mixin platform agents for container SecureJarResource(smallships)
[04Apr2026 15:24:09.329] [main/DEBUG] [mixin/]: Instancing new MixinPlatformAgentMinecraftForge for SecureJarResource(smallships)
[04Apr2026 15:24:09.329] [main/DEBUG] [mixin/]: MixinPlatformAgentMinecraftForge rejected container SecureJarResource(smallships)
[04Apr2026 15:24:09.329] [main/DEBUG] [mixin/]: Instancing new MixinPlatformAgentDefault for SecureJarResource(smallships)
[04Apr2026 15:24:09.329] [main/DEBUG] [mixin/]: MixinPlatformAgentDefault accepted container SecureJarResource(smallships)
[04Apr2026 15:24:09.329] [main/DEBUG] [mixin/]: Processing prepare() for PlatformAgent[MixinPlatformAgentDefault:SecureJarResource(smallships)]
[04Apr2026 15:24:09.329] [main/DEBUG] [mixin/]: Registering mixin config: smallships-common.mixins.json
[04Apr2026 15:24:09.331] [main/DEBUG] [mixin/]: Registering mixin config: smallships-common-soft.mixins.json
[04Apr2026 15:24:09.331] [main/DEBUG] [mixin/]: Registering mixin config: smallships.mixins.json
[04Apr2026 15:24:09.333] [main/DEBUG] [mixin/]: Adding mixin platform agents for container SecureJarResource(letmedespawn)
[04Apr2026 15:24:09.333] [main/DEBUG] [mixin/]: Instancing new MixinPlatformAgentMinecraftForge for SecureJarResource(letmedespawn)
[04Apr2026 15:24:09.333] [main/DEBUG] [mixin/]: MixinPlatformAgentMinecraftForge rejected container SecureJarResource(letmedespawn)
[04Apr2026 15:24:09.334] [main/DEBUG] [mixin/]: Instancing new MixinPlatformAgentDefault for SecureJarResource(letmedespawn)
[04Apr2026 15:24:09.334] [main/DEBUG] [mixin/]: MixinPlatformAgentDefault accepted container SecureJarResource(letmedespawn)
[04Apr2026 15:24:09.334] [main/DEBUG] [mixin/]: Processing prepare() for PlatformAgent[MixinPlatformAgentDefault:SecureJarResource(letmedespawn)]
[04Apr2026 15:24:09.334] [main/DEBUG] [mixin/]: Registering mixin config: letmedespawn.mixins.json
[04Apr2026 15:24:09.346] [main/DEBUG] [mixin/]: Adding mixin platform agents for container SecureJarResource(t_and_t)
[04Apr2026 15:24:09.346] [main/DEBUG] [mixin/]: Instancing new MixinPlatformAgentMinecraftForge for SecureJarResource(t_and_t)
[04Apr2026 15:24:09.346] [main/DEBUG] [mixin/]: MixinPlatformAgentMinecraftForge rejected container SecureJarResource(t_and_t)
[04Apr2026 15:24:09.346] [main/DEBUG] [mixin/]: Instancing new MixinPlatformAgentDefault for SecureJarResource(t_and_t)
[04Apr2026 15:24:09.346] [main/DEBUG] [mixin/]: MixinPlatformAgentDefault accepted container SecureJarResource(t_and_t)
[04Apr2026 15:24:09.346] [main/DEBUG] [mixin/]: Processing prepare() for PlatformAgent[MixinPlatformAgentDefault:SecureJarResource(t_and_t)]
[04Apr2026 15:24:09.346] [main/DEBUG] [mixin/]: Registering mixin config: t_and_t.mixins.json
[04Apr2026 15:24:09.348] [main/DEBUG] [mixin/]: Adding mixin platform agents for container SecureJarResource(toomanyglyphs)
[04Apr2026 15:24:09.348] [main/DEBUG] [mixin/]: Instancing new MixinPlatformAgentMinecraftForge for SecureJarResource(toomanyglyphs)
[04Apr2026 15:24:09.348] [main/DEBUG] [mixin/]: MixinPlatformAgentMinecraftForge rejected container SecureJarResource(toomanyglyphs)
[04Apr2026 15:24:09.349] [main/DEBUG] [mixin/]: Instancing new MixinPlatformAgentDefault for SecureJarResource(toomanyglyphs)
[04Apr2026 15:24:09.349] [main/DEBUG] [mixin/]: MixinPlatformAgentDefault accepted container SecureJarResource(toomanyglyphs)
[04Apr2026 15:24:09.349] [main/DEBUG] [mixin/]: Processing prepare() for PlatformAgent[MixinPlatformAgentDefault:SecureJarResource(toomanyglyphs)]
[04Apr2026 15:24:09.349] [main/DEBUG] [mixin/]: Registering mixin config: toomanyglyphs.mixins.json
[04Apr2026 15:24:09.350] [main/DEBUG] [mixin/]: Adding mixin platform agents for container SecureJarResource(yeetusexperimentus)
[04Apr2026 15:24:09.350] [main/DEBUG] [mixin/]: Instancing new MixinPlatformAgentMinecraftForge for SecureJarResource(yeetusexperimentus)
[04Apr2026 15:24:09.350] [main/DEBUG] [mixin/]: MixinPlatformAgentMinecraftForge rejected container SecureJarResource(yeetusexperimentus)
[04Apr2026 15:24:09.350] [main/DEBUG] [mixin/]: Instancing new MixinPlatformAgentDefault for SecureJarResource(yeetusexperimentus)
[04Apr2026 15:24:09.350] [main/DEBUG] [mixin/]: MixinPlatformAgentDefault accepted container SecureJarResource(yeetusexperimentus)
[04Apr2026 15:24:09.350] [main/DEBUG] [mixin/]: Processing prepare() for PlatformAgent[MixinPlatformAgentDefault:SecureJarResource(yeetusexperimentus)]
[04Apr2026 15:24:09.350] [main/DEBUG] [mixin/]: Registering mixin config: yeetusexperimentus.mixins.json
[04Apr2026 15:24:09.352] [main/DEBUG] [mixin/]: Adding mixin platform agents for container SecureJarResource(dreadsteel)
[04Apr2026 15:24:09.352] [main/DEBUG] [mixin/]: Instancing new MixinPlatformAgentMinecraftForge for SecureJarResource(dreadsteel)
[04Apr2026 15:24:09.352] [main/DEBUG] [mixin/]: MixinPlatformAgentMinecraftForge rejected container SecureJarResource(dreadsteel)
[04Apr2026 15:24:09.352] [main/DEBUG] [mixin/]: Instancing new MixinPlatformAgentDefault for SecureJarResource(dreadsteel)
[04Apr2026 15:24:09.352] [main/DEBUG] [mixin/]: MixinPlatformAgentDefault accepted container SecureJarResource(dreadsteel)
[04Apr2026 15:24:09.352] [main/DEBUG] [mixin/]: Processing prepare() for PlatformAgent[MixinPlatformAgentDefault:SecureJarResource(dreadsteel)]
[04Apr2026 15:24:09.353] [main/DEBUG] [mixin/]: Adding mixin platform agents for container SecureJarResource(betteradvancements)
[04Apr2026 15:24:09.353] [main/DEBUG] [mixin/]: Instancing new MixinPlatformAgentMinecraftForge for SecureJarResource(betteradvancements)
[04Apr2026 15:24:09.353] [main/DEBUG] [mixin/]: MixinPlatformAgentMinecraftForge rejected container SecureJarResource(betteradvancements)
[04Apr2026 15:24:09.353] [main/DEBUG] [mixin/]: Instancing new MixinPlatformAgentDefault for SecureJarResource(betteradvancements)
[04Apr2026 15:24:09.353] [main/DEBUG] [mixin/]: MixinPlatformAgentDefault accepted container SecureJarResource(betteradvancements)
[04Apr2026 15:24:09.353] [main/DEBUG] [mixin/]: Processing prepare() for PlatformAgent[MixinPlatformAgentDefault:SecureJarResource(betteradvancements)]
[04Apr2026 15:24:09.353] [main/DEBUG] [mixin/]: Adding mixin platform agents for container SecureJarResource(majruszsaccessories)
[04Apr2026 15:24:09.353] [main/DEBUG] [mixin/]: Instancing new MixinPlatformAgentMinecraftForge for SecureJarResource(majruszsaccessories)
[04Apr2026 15:24:09.353] [main/DEBUG] [mixin/]: MixinPlatformAgentMinecraftForge rejected container SecureJarResource(majruszsaccessories)
[04Apr2026 15:24:09.353] [main/DEBUG] [mixin/]: Instancing new MixinPlatformAgentDefault for SecureJarResource(majruszsaccessories)
[04Apr2026 15:24:09.353] [main/DEBUG] [mixin/]: MixinPlatformAgentDefault accepted container SecureJarResource(majruszsaccessories)
[04Apr2026 15:24:09.353] [main/DEBUG] [mixin/]: Processing prepare() for PlatformAgent[MixinPlatformAgentDefault:SecureJarResource(majruszsaccessories)]
[04Apr2026 15:24:09.353] [main/DEBUG] [mixin/]: Registering mixin config: majruszsaccessories-common.mixins.json
[04Apr2026 15:24:09.354] [main/DEBUG] [mixin/]: Adding mixin platform agents for container SecureJarResource(bhmenu)
[04Apr2026 15:24:09.354] [main/DEBUG] [mixin/]: Instancing new MixinPlatformAgentMinecraftForge for SecureJarResource(bhmenu)
[04Apr2026 15:24:09.354] [main/DEBUG] [mixin/]: MixinPlatformAgentMinecraftForge rejected container SecureJarResource(bhmenu)
[04Apr2026 15:24:09.354] [main/DEBUG] [mixin/]: Instancing new MixinPlatformAgentDefault for SecureJarResource(bhmenu)
[04Apr2026 15:24:09.355] [main/DEBUG] [mixin/]: MixinPlatformAgentDefault accepted container SecureJarResource(bhmenu)
[04Apr2026 15:24:09.355] [main/DEBUG] [mixin/]: Processing prepare() for PlatformAgent[MixinPlatformAgentDefault:SecureJarResource(bhmenu)]
[04Apr2026 15:24:09.355] [main/DEBUG] [mixin/]: Registering mixin config: bhmenu.mixins.json
[04Apr2026 15:24:09.356] [main/DEBUG] [mixin/]: Compatibility level JAVA_16 specified by bhmenu.mixins.json is higher than the maximum level supported by this version of mixin (JAVA_13).
[04Apr2026 15:24:09.356] [main/DEBUG] [mixin/]: Adding mixin platform agents for container SecureJarResource(rhino)
[04Apr2026 15:24:09.356] [main/DEBUG] [mixin/]: Instancing new MixinPlatformAgentMinecraftForge for SecureJarResource(rhino)
[04Apr2026 15:24:09.356] [main/DEBUG] [mixin/]: MixinPlatformAgentMinecraftForge rejected container SecureJarResource(rhino)
[04Apr2026 15:24:09.356] [main/DEBUG] [mixin/]: Instancing new MixinPlatformAgentDefault for SecureJarResource(rhino)
[04Apr2026 15:24:09.356] [main/DEBUG] [mixin/]: MixinPlatformAgentDefault accepted container SecureJarResource(rhino)
[04Apr2026 15:24:09.356] [main/DEBUG] [mixin/]: Processing prepare() for PlatformAgent[MixinPlatformAgentDefault:SecureJarResource(rhino)]
[04Apr2026 15:24:09.356] [main/DEBUG] [mixin/]: Registering mixin config: rhino-common.mixins.json
[04Apr2026 15:24:09.358] [main/DEBUG] [mixin/]: Adding mixin platform agents for container SecureJarResource(awesomedungeonend)
[04Apr2026 15:24:09.358] [main/DEBUG] [mixin/]: Instancing new MixinPlatformAgentMinecraftForge for SecureJarResource(awesomedungeonend)
[04Apr2026 15:24:09.358] [main/DEBUG] [mixin/]: MixinPlatformAgentMinecraftForge rejected container SecureJarResource(awesomedungeonend)
[04Apr2026 15:24:09.358] [main/DEBUG] [mixin/]: Instancing new MixinPlatformAgentDefault for SecureJarResource(awesomedungeonend)
[04Apr2026 15:24:09.358] [main/DEBUG] [mixin/]: MixinPlatformAgentDefault accepted container SecureJarResource(awesomedungeonend)
[04Apr2026 15:24:09.358] [main/DEBUG] [mixin/]: Processing prepare() for PlatformAgent[MixinPlatformAgentDefault:SecureJarResource(awesomedungeonend)]
[04Apr2026 15:24:09.359] [main/DEBUG] [mixin/]: Adding mixin platform agents for container SecureJarResource(octolib)
[04Apr2026 15:24:09.359] [main/DEBUG] [mixin/]: Instancing new MixinPlatformAgentMinecraftForge for SecureJarResource(octolib)
[04Apr2026 15:24:09.359] [main/DEBUG] [mixin/]: MixinPlatformAgentMinecraftForge rejected container SecureJarResource(octolib)
[04Apr2026 15:24:09.359] [main/DEBUG] [mixin/]: Instancing new MixinPlatformAgentDefault for SecureJarResource(octolib)
[04Apr2026 15:24:09.359] [main/DEBUG] [mixin/]: MixinPlatformAgentDefault accepted container SecureJarResource(octolib)
[04Apr2026 15:24:09.359] [main/DEBUG] [mixin/]: Processing prepare() for PlatformAgent[MixinPlatformAgentDefault:SecureJarResource(octolib)]
[04Apr2026 15:24:09.359] [main/DEBUG] [mixin/]: Registering mixin config: octolib.mixins.json
[04Apr2026 15:24:09.360] [main/DEBUG] [mixin/]: Compatibility level JAVA_8 specified by octolib.mixins.json is lower than the default level supported by the current mixin service (JAVA_16).
[04Apr2026 15:24:09.360] [main/DEBUG] [mixin/]: Adding mixin platform agents for container SecureJarResource(itemfilters)
[04Apr2026 15:24:09.360] [main/DEBUG] [mixin/]: Instancing new MixinPlatformAgentMinecraftForge for SecureJarResource(itemfilters)
[04Apr2026 15:24:09.360] [main/DEBUG] [mixin/]: MixinPlatformAgentMinecraftForge rejected container SecureJarResource(itemfilters)
[04Apr2026 15:24:09.360] [main/DEBUG] [mixin/]: Instancing new MixinPlatformAgentDefault for SecureJarResource(itemfilters)
[04Apr2026 15:24:09.361] [main/DEBUG] [mixin/]: MixinPlatformAgentDefault accepted container SecureJarResource(itemfilters)
[04Apr2026 15:24:09.361] [main/DEBUG] [mixin/]: Processing prepare() for PlatformAgent[MixinPlatformAgentDefault:SecureJarResource(itemfilters)]
[04Apr2026 15:24:09.361] [main/DEBUG] [mixin/]: Registering mixin config: itemfilters-common.mixins.json
[04Apr2026 15:24:09.362] [main/DEBUG] [mixin/]: Compatibility level JAVA_8 specified by itemfilters-common.mixins.json is lower than the default level supported by the current mixin service (JAVA_16).
[04Apr2026 15:24:09.362] [main/DEBUG] [mixin/]: Adding mixin platform agents for container SecureJarResource(simplerpc)
[04Apr2026 15:24:09.362] [main/DEBUG] [mixin/]: Instancing new MixinPlatformAgentMinecraftForge for SecureJarResource(simplerpc)
[04Apr2026 15:24:09.362] [main/DEBUG] [mixin/]: MixinPlatformAgentMinecraftForge rejected container SecureJarResource(simplerpc)
[04Apr2026 15:24:09.363] [main/DEBUG] [mixin/]: Instancing new MixinPlatformAgentDefault for SecureJarResource(simplerpc)
[04Apr2026 15:24:09.363] [main/DEBUG] [mixin/]: MixinPlatformAgentDefault accepted container SecureJarResource(simplerpc)
[04Apr2026 15:24:09.363] [main/DEBUG] [mixin/]: Processing prepare() for PlatformAgent[MixinPlatformAgentDefault:SecureJarResource(simplerpc)]
[04Apr2026 15:24:09.363] [main/DEBUG] [mixin/]: Adding mixin platform agents for container SecureJarResource(obscure_api)
[04Apr2026 15:24:09.363] [main/DEBUG] [mixin/]: Instancing new MixinPlatformAgentMinecraftForge for SecureJarResource(obscure_api)
[04Apr2026 15:24:09.363] [main/DEBUG] [mixin/]: MixinPlatformAgentMinecraftForge rejected container SecureJarResource(obscure_api)
[04Apr2026 15:24:09.363] [main/DEBUG] [mixin/]: Instancing new MixinPlatformAgentDefault for SecureJarResource(obscure_api)
[04Apr2026 15:24:09.363] [main/DEBUG] [mixin/]: MixinPlatformAgentDefault accepted container SecureJarResource(obscure_api)
[04Apr2026 15:24:09.363] [main/DEBUG] [mixin/]: Processing prepare() for PlatformAgent[MixinPlatformAgentDefault:SecureJarResource(obscure_api)]
[04Apr2026 15:24:09.363] [main/DEBUG] [mixin/]: Registering mixin config: obscure_api.mixins.json
[04Apr2026 15:24:09.364] [main/DEBUG] [mixin/]: Adding mixin platform agents for container SecureJarResource(structorytowers)
[04Apr2026 15:24:09.364] [main/DEBUG] [mixin/]: Instancing new MixinPlatformAgentMinecraftForge for SecureJarResource(structorytowers)
[04Apr2026 15:24:09.364] [main/DEBUG] [mixin/]: MixinPlatformAgentMinecraftForge rejected container SecureJarResource(structorytowers)
[04Apr2026 15:24:09.364] [main/DEBUG] [mixin/]: Instancing new MixinPlatformAgentDefault for SecureJarResource(structorytowers)
[04Apr2026 15:24:09.364] [main/DEBUG] [mixin/]: MixinPlatformAgentDefault accepted container SecureJarResource(structorytowers)
[04Apr2026 15:24:09.364] [main/DEBUG] [mixin/]: Processing prepare() for PlatformAgent[MixinPlatformAgentDefault:SecureJarResource(structorytowers)]
[04Apr2026 15:24:09.364] [main/DEBUG] [mixin/]: Adding mixin platform agents for container SecureJarResource(waystones)
[04Apr2026 15:24:09.364] [main/DEBUG] [mixin/]: Instancing new MixinPlatformAgentMinecraftForge for SecureJarResource(waystones)
[04Apr2026 15:24:09.364] [main/DEBUG] [mixin/]: MixinPlatformAgentMinecraftForge rejected container SecureJarResource(waystones)
[04Apr2026 15:24:09.364] [main/DEBUG] [mixin/]: Instancing new MixinPlatformAgentDefault for SecureJarResource(waystones)
[04Apr2026 15:24:09.364] [main/DEBUG] [mixin/]: MixinPlatformAgentDefault accepted container SecureJarResource(waystones)
[04Apr2026 15:24:09.364] [main/DEBUG] [mixin/]: Processing prepare() for PlatformAgent[MixinPlatformAgentDefault:SecureJarResource(waystones)]
[04Apr2026 15:24:09.364] [main/DEBUG] [mixin/]: Registering mixin config: waystones.mixins.json
[04Apr2026 15:24:09.367] [main/DEBUG] [mixin/]: Adding mixin platform agents for container SecureJarResource(fantasyfurniture)
[04Apr2026 15:24:09.367] [main/DEBUG] [mixin/]: Instancing new MixinPlatformAgentMinecraftForge for SecureJarResource(fantasyfurniture)
[04Apr2026 15:24:09.367] [main/DEBUG] [mixin/]: MixinPlatformAgentMinecraftForge rejected container SecureJarResource(fantasyfurniture)
[04Apr2026 15:24:09.367] [main/DEBUG] [mixin/]: Instancing new MixinPlatformAgentDefault for SecureJarResource(fantasyfurniture)
[04Apr2026 15:24:09.367] [main/DEBUG] [mixin/]: MixinPlatformAgentDefault accepted container SecureJarResource(fantasyfurniture)
[04Apr2026 15:24:09.367] [main/DEBUG] [mixin/]: Processing prepare() for PlatformAgent[MixinPlatformAgentDefault:SecureJarResource(fantasyfurniture)]
[04Apr2026 15:24:09.367] [main/DEBUG] [mixin/]: Registering mixin config: fantasyfurniture.mixins.json
[04Apr2026 15:24:09.369] [main/DEBUG] [mixin/]: Adding mixin platform agents for container SecureJarResource(clumps)
[04Apr2026 15:24:09.369] [main/DEBUG] [mixin/]: Instancing new MixinPlatformAgentMinecraftForge for SecureJarResource(clumps)
[04Apr2026 15:24:09.369] [main/DEBUG] [mixin/]: MixinPlatformAgentMinecraftForge rejected container SecureJarResource(clumps)
[04Apr2026 15:24:09.369] [main/DEBUG] [mixin/]: Instancing new MixinPlatformAgentDefault for SecureJarResource(clumps)
[04Apr2026 15:24:09.369] [main/DEBUG] [mixin/]: MixinPlatformAgentDefault accepted container SecureJarResource(clumps)
[04Apr2026 15:24:09.370] [main/DEBUG] [mixin/]: Processing prepare() for PlatformAgent[MixinPlatformAgentDefault:SecureJarResource(clumps)]
[04Apr2026 15:24:09.370] [main/DEBUG] [mixin/]: Registering mixin config: clumps.mixins.json
[04Apr2026 15:24:09.378] [main/DEBUG] [mixin/]: Adding mixin platform agents for container SecureJarResource(structory)
[04Apr2026 15:24:09.378] [main/DEBUG] [mixin/]: Instancing new MixinPlatformAgentMinecraftForge for SecureJarResource(structory)
[04Apr2026 15:24:09.378] [main/DEBUG] [mixin/]: MixinPlatformAgentMinecraftForge rejected container SecureJarResource(structory)
[04Apr2026 15:24:09.378] [main/DEBUG] [mixin/]: Instancing new MixinPlatformAgentDefault for SecureJarResource(structory)
[04Apr2026 15:24:09.378] [main/DEBUG] [mixin/]: MixinPlatformAgentDefault accepted container SecureJarResource(structory)
[04Apr2026 15:24:09.378] [main/DEBUG] [mixin/]: Processing prepare() for PlatformAgent[MixinPlatformAgentDefault:SecureJarResource(structory)]
[04Apr2026 15:24:09.378] [main/DEBUG] [mixin/]: Adding mixin platform agents for container SecureJarResource(comforts)
[04Apr2026 15:24:09.379] [main/DEBUG] [mixin/]: Instancing new MixinPlatformAgentMinecraftForge for SecureJarResource(comforts)
[04Apr2026 15:24:09.379] [main/DEBUG] [mixin/]: MixinPlatformAgentMinecraftForge rejected container SecureJarResource(comforts)
[04Apr2026 15:24:09.379] [main/DEBUG] [mixin/]: Instancing new MixinPlatformAgentDefault for SecureJarResource(comforts)
[04Apr2026 15:24:09.379] [main/DEBUG] [mixin/]: MixinPlatformAgentDefault accepted container SecureJarResource(comforts)
[04Apr2026 15:24:09.379] [main/DEBUG] [mixin/]: Processing prepare() for PlatformAgent[MixinPlatformAgentDefault:SecureJarResource(comforts)]
[04Apr2026 15:24:09.379] [main/DEBUG] [mixin/]: Registering mixin config: comforts.mixins.json
[04Apr2026 15:24:09.381] [main/DEBUG] [mixin/]: Adding mixin platform agents for container SecureJarResource(decorative_blocks)
[04Apr2026 15:24:09.381] [main/DEBUG] [mixin/]: Instancing new MixinPlatformAgentMinecraftForge for SecureJarResource(decorative_blocks)
[04Apr2026 15:24:09.381] [main/DEBUG] [mixin/]: MixinPlatformAgentMinecraftForge rejected container SecureJarResource(decorative_blocks)
[04Apr2026 15:24:09.381] [main/DEBUG] [mixin/]: Instancing new MixinPlatformAgentDefault for SecureJarResource(decorative_blocks)
[04Apr2026 15:24:09.381] [main/DEBUG] [mixin/]: MixinPlatformAgentDefault accepted container SecureJarResource(decorative_blocks)
[04Apr2026 15:24:09.381] [main/DEBUG] [mixin/]: Processing prepare() for PlatformAgent[MixinPlatformAgentDefault:SecureJarResource(decorative_blocks)]
[04Apr2026 15:24:09.381] [main/DEBUG] [mixin/]: Registering mixin config: decorative_blocks.mixins.json
[04Apr2026 15:24:09.382] [main/DEBUG] [mixin/]: Adding mixin platform agents for container SecureJarResource(enigmaticaddons)
[04Apr2026 15:24:09.382] [main/DEBUG] [mixin/]: Instancing new MixinPlatformAgentMinecraftForge for SecureJarResource(enigmaticaddons)
[04Apr2026 15:24:09.382] [main/DEBUG] [mixin/]: MixinPlatformAgentMinecraftForge rejected container SecureJarResource(enigmaticaddons)
[04Apr2026 15:24:09.382] [main/DEBUG] [mixin/]: Instancing new MixinPlatformAgentDefault for SecureJarResource(enigmaticaddons)
[04Apr2026 15:24:09.382] [main/DEBUG] [mixin/]: MixinPlatformAgentDefault accepted container SecureJarResource(enigmaticaddons)
[04Apr2026 15:24:09.382] [main/DEBUG] [mixin/]: Processing prepare() for PlatformAgent[MixinPlatformAgentDefault:SecureJarResource(enigmaticaddons)]
[04Apr2026 15:24:09.382] [main/DEBUG] [mixin/]: Registering mixin config: enigmaticaddons.mixins.json
[04Apr2026 15:24:09.383] [main/DEBUG] [mixin/]: Adding mixin platform agents for container SecureJarResource(myserveriscompatible)
[04Apr2026 15:24:09.383] [main/DEBUG] [mixin/]: Instancing new MixinPlatformAgentMinecraftForge for SecureJarResource(myserveriscompatible)
[04Apr2026 15:24:09.383] [main/DEBUG] [mixin/]: MixinPlatformAgentMinecraftForge rejected container SecureJarResource(myserveriscompatible)
[04Apr2026 15:24:09.383] [main/DEBUG] [mixin/]: Instancing new MixinPlatformAgentDefault for SecureJarResource(myserveriscompatible)
[04Apr2026 15:24:09.383] [main/DEBUG] [mixin/]: MixinPlatformAgentDefault accepted container SecureJarResource(myserveriscompatible)
[04Apr2026 15:24:09.383] [main/DEBUG] [mixin/]: Processing prepare() for PlatformAgent[MixinPlatformAgentDefault:SecureJarResource(myserveriscompatible)]
[04Apr2026 15:24:09.383] [main/DEBUG] [mixin/]: Registering mixin config: myserveriscompatible.mixins.json
[04Apr2026 15:24:09.384] [main/DEBUG] [mixin/]: Adding mixin platform agents for container SecureJarResource(dungeoncrawl)
[04Apr2026 15:24:09.384] [main/DEBUG] [mixin/]: Instancing new MixinPlatformAgentMinecraftForge for SecureJarResource(dungeoncrawl)
[04Apr2026 15:24:09.384] [main/DEBUG] [mixin/]: MixinPlatformAgentMinecraftForge rejected container SecureJarResource(dungeoncrawl)
[04Apr2026 15:24:09.384] [main/DEBUG] [mixin/]: Instancing new MixinPlatformAgentDefault for SecureJarResource(dungeoncrawl)
[04Apr2026 15:24:09.384] [main/DEBUG] [mixin/]: MixinPlatformAgentDefault accepted container SecureJarResource(dungeoncrawl)
[04Apr2026 15:24:09.384] [main/DEBUG] [mixin/]: Processing prepare() for PlatformAgent[MixinPlatformAgentDefault:SecureJarResource(dungeoncrawl)]
[04Apr2026 15:24:09.384] [main/DEBUG] [mixin/]: Adding mixin platform agents for container SecureJarResource(badmobs)
[04Apr2026 15:24:09.384] [main/DEBUG] [mixin/]: Instancing new MixinPlatformAgentMinecraftForge for SecureJarResource(badmobs)
[04Apr2026 15:24:09.384] [main/DEBUG] [mixin/]: MixinPlatformAgentMinecraftForge rejected container SecureJarResource(badmobs)
[04Apr2026 15:24:09.384] [main/DEBUG] [mixin/]: Instancing new MixinPlatformAgentDefault for SecureJarResource(badmobs)
[04Apr2026 15:24:09.384] [main/DEBUG] [mixin/]: MixinPlatformAgentDefault accepted container SecureJarResource(badmobs)
[04Apr2026 15:24:09.384] [main/DEBUG] [mixin/]: Processing prepare() for PlatformAgent[MixinPlatformAgentDefault:SecureJarResource(badmobs)]
[04Apr2026 15:24:09.384] [main/DEBUG] [mixin/]: Adding mixin platform agents for container SecureJarResource(knightlib)
[04Apr2026 15:24:09.384] [main/DEBUG] [mixin/]: Instancing new MixinPlatformAgentMinecraftForge for SecureJarResource(knightlib)
[04Apr2026 15:24:09.384] [main/DEBUG] [mixin/]: MixinPlatformAgentMinecraftForge rejected container SecureJarResource(knightlib)
[04Apr2026 15:24:09.384] [main/DEBUG] [mixin/]: Instancing new MixinPlatformAgentDefault for SecureJarResource(knightlib)
[04Apr2026 15:24:09.385] [main/DEBUG] [mixin/]: MixinPlatformAgentDefault accepted container SecureJarResource(knightlib)
[04Apr2026 15:24:09.385] [main/DEBUG] [mixin/]: Processing prepare() for PlatformAgent[MixinPlatformAgentDefault:SecureJarResource(knightlib)]
[04Apr2026 15:24:09.385] [main/DEBUG] [mixin/]: Adding mixin platform agents for container SecureJarResource(lazydfu)
[04Apr2026 15:24:09.385] [main/DEBUG] [mixin/]: Instancing new MixinPlatformAgentMinecraftForge for SecureJarResource(lazydfu)
[04Apr2026 15:24:09.385] [main/DEBUG] [mixin/]: MixinPlatformAgentMinecraftForge rejected container SecureJarResource(lazydfu)
[04Apr2026 15:24:09.385] [main/DEBUG] [mixin/]: Instancing new MixinPlatformAgentDefault for SecureJarResource(lazydfu)
[04Apr2026 15:24:09.385] [main/DEBUG] [mixin/]: MixinPlatformAgentDefault accepted container SecureJarResource(lazydfu)
[04Apr2026 15:24:09.385] [main/DEBUG] [mixin/]: Processing prepare() for PlatformAgent[MixinPlatformAgentDefault:SecureJarResource(lazydfu)]
[04Apr2026 15:24:09.385] [main/DEBUG] [mixin/]: Registering mixin config: lazydfu.mixins.json
[04Apr2026 15:24:09.387] [main/DEBUG] [mixin/]: Compatibility level JAVA_16 specified by lazydfu.mixins.json is higher than the maximum level supported by this version of mixin (JAVA_13).
[04Apr2026 15:24:09.387] [main/DEBUG] [mixin/]: Adding mixin platform agents for container SecureJarResource(explorerscompass)
[04Apr2026 15:24:09.387] [main/DEBUG] [mixin/]: Instancing new MixinPlatformAgentMinecraftForge for SecureJarResource(explorerscompass)
[04Apr2026 15:24:09.387] [main/DEBUG] [mixin/]: MixinPlatformAgentMinecraftForge rejected container SecureJarResource(explorerscompass)
[04Apr2026 15:24:09.387] [main/DEBUG] [mixin/]: Instancing new MixinPlatformAgentDefault for SecureJarResource(explorerscompass)
[04Apr2026 15:24:09.387] [main/DEBUG] [mixin/]: MixinPlatformAgentDefault accepted container SecureJarResource(explorerscompass)
[04Apr2026 15:24:09.387] [main/DEBUG] [mixin/]: Processing prepare() for PlatformAgent[MixinPlatformAgentDefault:SecureJarResource(explorerscompass)]
[04Apr2026 15:24:09.387] [main/DEBUG] [mixin/]: Adding mixin platform agents for container SecureJarResource(betterdeserttemples)
[04Apr2026 15:24:09.387] [main/DEBUG] [mixin/]: Instancing new MixinPlatformAgentMinecraftForge for SecureJarResource(betterdeserttemples)
[04Apr2026 15:24:09.387] [main/DEBUG] [mixin/]: MixinPlatformAgentMinecraftForge rejected container SecureJarResource(betterdeserttemples)
[04Apr2026 15:24:09.387] [main/DEBUG] [mixin/]: Instancing new MixinPlatformAgentDefault for SecureJarResource(betterdeserttemples)
[04Apr2026 15:24:09.387] [main/DEBUG] [mixin/]: MixinPlatformAgentDefault accepted container SecureJarResource(betterdeserttemples)
[04Apr2026 15:24:09.387] [main/DEBUG] [mixin/]: Processing prepare() for PlatformAgent[MixinPlatformAgentDefault:SecureJarResource(betterdeserttemples)]
[04Apr2026 15:24:09.387] [main/DEBUG] [mixin/]: Registering mixin config: betterdeserttemples.mixins.json
[04Apr2026 15:24:09.389] [main/DEBUG] [mixin/]: Registering mixin config: betterdeserttemples_forge.mixins.json
[04Apr2026 15:24:09.391] [main/DEBUG] [mixin/]: Adding mixin platform agents for container SecureJarResource(bosses_of_mass_destruction)
[04Apr2026 15:24:09.391] [main/DEBUG] [mixin/]: Instancing new MixinPlatformAgentMinecraftForge for SecureJarResource(bosses_of_mass_destruction)
[04Apr2026 15:24:09.391] [main/DEBUG] [mixin/]: MixinPlatformAgentMinecraftForge rejected container SecureJarResource(bosses_of_mass_destruction)
[04Apr2026 15:24:09.391] [main/DEBUG] [mixin/]: Instancing new MixinPlatformAgentDefault for SecureJarResource(bosses_of_mass_destruction)
[04Apr2026 15:24:09.391] [main/DEBUG] [mixin/]: MixinPlatformAgentDefault accepted container SecureJarResource(bosses_of_mass_destruction)
[04Apr2026 15:24:09.391] [main/DEBUG] [mixin/]: Processing prepare() for PlatformAgent[MixinPlatformAgentDefault:SecureJarResource(bosses_of_mass_destruction)]
[04Apr2026 15:24:09.391] [main/DEBUG] [mixin/]: Registering mixin config: mixins.bosses_of_mass_destruction.json
[04Apr2026 15:24:09.392] [main/DEBUG] [mixin/]: Adding mixin platform agents for container SecureJarResource(blueprint)
[04Apr2026 15:24:09.393] [main/DEBUG] [mixin/]: Instancing new MixinPlatformAgentMinecraftForge for SecureJarResource(blueprint)
[04Apr2026 15:24:09.393] [main/DEBUG] [mixin/]: MixinPlatformAgentMinecraftForge rejected container SecureJarResource(blueprint)
[04Apr2026 15:24:09.393] [main/DEBUG] [mixin/]: Instancing new MixinPlatformAgentDefault for SecureJarResource(blueprint)
[04Apr2026 15:24:09.393] [main/DEBUG] [mixin/]: MixinPlatformAgentDefault accepted container SecureJarResource(blueprint)
[04Apr2026 15:24:09.393] [main/DEBUG] [mixin/]: Processing prepare() for PlatformAgent[MixinPlatformAgentDefault:SecureJarResource(blueprint)]
[04Apr2026 15:24:09.393] [main/DEBUG] [mixin/]: Registering mixin config: blueprint.mixins.json
[04Apr2026 15:24:09.395] [main/DEBUG] [mixin/]: Adding mixin platform agents for container SecureJarResource(azurelib)
[04Apr2026 15:24:09.395] [main/DEBUG] [mixin/]: Instancing new MixinPlatformAgentMinecraftForge for SecureJarResource(azurelib)
[04Apr2026 15:24:09.395] [main/DEBUG] [mixin/]: MixinPlatformAgentMinecraftForge rejected container SecureJarResource(azurelib)
[04Apr2026 15:24:09.395] [main/DEBUG] [mixin/]: Instancing new MixinPlatformAgentDefault for SecureJarResource(azurelib)
[04Apr2026 15:24:09.396] [main/DEBUG] [mixin/]: MixinPlatformAgentDefault accepted container SecureJarResource(azurelib)
[04Apr2026 15:24:09.396] [main/DEBUG] [mixin/]: Processing prepare() for PlatformAgent[MixinPlatformAgentDefault:SecureJarResource(azurelib)]
[04Apr2026 15:24:09.396] [main/DEBUG] [mixin/]: Registering mixin config: azurelib.mixins.json
[04Apr2026 15:24:09.397] [main/DEBUG] [mixin/]: Registering mixin config: azurelib.forge.mixins.json
[04Apr2026 15:24:09.399] [main/DEBUG] [mixin/]: Adding mixin platform agents for container SecureJarResource(dungeons_andtaverns_mr)
[04Apr2026 15:24:09.400] [main/DEBUG] [mixin/]: Instancing new MixinPlatformAgentMinecraftForge for SecureJarResource(dungeons_andtaverns_mr)
[04Apr2026 15:24:09.400] [main/DEBUG] [mixin/]: MixinPlatformAgentMinecraftForge rejected container SecureJarResource(dungeons_andtaverns_mr)
[04Apr2026 15:24:09.400] [main/DEBUG] [mixin/]: Instancing new MixinPlatformAgentDefault for SecureJarResource(dungeons_andtaverns_mr)
[04Apr2026 15:24:09.400] [main/DEBUG] [mixin/]: MixinPlatformAgentDefault accepted container SecureJarResource(dungeons_andtaverns_mr)
[04Apr2026 15:24:09.400] [main/DEBUG] [mixin/]: Processing prepare() for PlatformAgent[MixinPlatformAgentDefault:SecureJarResource(dungeons_andtaverns_mr)]
[04Apr2026 15:24:09.400] [main/DEBUG] [mixin/]: Adding mixin platform agents for container SecureJarResource(ftbchunks)
[04Apr2026 15:24:09.400] [main/DEBUG] [mixin/]: Instancing new MixinPlatformAgentMinecraftForge for SecureJarResource(ftbchunks)
[04Apr2026 15:24:09.401] [main/DEBUG] [mixin/]: MixinPlatformAgentMinecraftForge rejected container SecureJarResource(ftbchunks)
[04Apr2026 15:24:09.401] [main/DEBUG] [mixin/]: Instancing new MixinPlatformAgentDefault for SecureJarResource(ftbchunks)
[04Apr2026 15:24:09.401] [main/DEBUG] [mixin/]: MixinPlatformAgentDefault accepted container SecureJarResource(ftbchunks)
[04Apr2026 15:24:09.401] [main/DEBUG] [mixin/]: Processing prepare() for PlatformAgent[MixinPlatformAgentDefault:SecureJarResource(ftbchunks)]
[04Apr2026 15:24:09.401] [main/DEBUG] [mixin/]: Registering mixin config: ftbchunks-common.mixins.json
[04Apr2026 15:24:09.403] [main/DEBUG] [mixin/]: Adding mixin platform agents for container SecureJarResource(travelerstitles)
[04Apr2026 15:24:09.404] [main/DEBUG] [mixin/]: Instancing new MixinPlatformAgentMinecraftForge for SecureJarResource(travelerstitles)
[04Apr2026 15:24:09.404] [main/DEBUG] [mixin/]: MixinPlatformAgentMinecraftForge rejected container SecureJarResource(travelerstitles)
[04Apr2026 15:24:09.404] [main/DEBUG] [mixin/]: Instancing new MixinPlatformAgentDefault for SecureJarResource(travelerstitles)
[04Apr2026 15:24:09.404] [main/DEBUG] [mixin/]: MixinPlatformAgentDefault accepted container SecureJarResource(travelerstitles)
[04Apr2026 15:24:09.404] [main/DEBUG] [mixin/]: Processing prepare() for PlatformAgent[MixinPlatformAgentDefault:SecureJarResource(travelerstitles)]
[04Apr2026 15:24:09.404] [main/DEBUG] [mixin/]: Registering mixin config: travelerstitles.mixins.json
[04Apr2026 15:24:09.406] [main/DEBUG] [mixin/]: Registering mixin config: travelerstitles_forge.mixins.json
[04Apr2026 15:24:09.408] [main/DEBUG] [mixin/]: Adding mixin platform agents for container SecureJarResource(toofast)
[04Apr2026 15:24:09.408] [main/DEBUG] [mixin/]: Instancing new MixinPlatformAgentMinecraftForge for SecureJarResource(toofast)
[04Apr2026 15:24:09.408] [main/DEBUG] [mixin/]: MixinPlatformAgentMinecraftForge rejected container SecureJarResource(toofast)
[04Apr2026 15:24:09.408] [main/DEBUG] [mixin/]: Instancing new MixinPlatformAgentDefault for SecureJarResource(toofast)
[04Apr2026 15:24:09.409] [main/DEBUG] [mixin/]: MixinPlatformAgentDefault accepted container SecureJarResource(toofast)
[04Apr2026 15:24:09.409] [main/DEBUG] [mixin/]: Processing prepare() for PlatformAgent[MixinPlatformAgentDefault:SecureJarResource(toofast)]
[04Apr2026 15:24:09.409] [main/DEBUG] [mixin/]: Registering mixin config: toofast.mixins.json
[04Apr2026 15:24:09.410] [main/DEBUG] [mixin/]: Compatibility level JAVA_8 specified by toofast.mixins.json is lower than the default level supported by the current mixin service (JAVA_16).
[04Apr2026 15:24:09.411] [main/DEBUG] [mixin/]: Adding mixin platform agents for container SecureJarResource(raided)
[04Apr2026 15:24:09.411] [main/DEBUG] [mixin/]: Instancing new MixinPlatformAgentMinecraftForge for SecureJarResource(raided)
[04Apr2026 15:24:09.411] [main/DEBUG] [mixin/]: MixinPlatformAgentMinecraftForge rejected container SecureJarResource(raided)
[04Apr2026 15:24:09.411] [main/DEBUG] [mixin/]: Instancing new MixinPlatformAgentDefault for SecureJarResource(raided)
[04Apr2026 15:24:09.411] [main/DEBUG] [mixin/]: MixinPlatformAgentDefault accepted container SecureJarResource(raided)
[04Apr2026 15:24:09.411] [main/DEBUG] [mixin/]: Processing prepare() for PlatformAgent[MixinPlatformAgentDefault:SecureJarResource(raided)]
[04Apr2026 15:24:09.412] [main/DEBUG] [mixin/]: Adding mixin platform agents for container SecureJarResource(meetyourfight)
[04Apr2026 15:24:09.412] [main/DEBUG] [mixin/]: Instancing new MixinPlatformAgentMinecraftForge for SecureJarResource(meetyourfight)
[04Apr2026 15:24:09.412] [main/DEBUG] [mixin/]: MixinPlatformAgentMinecraftForge rejected container SecureJarResource(meetyourfight)
[04Apr2026 15:24:09.412] [main/DEBUG] [mixin/]: Instancing new MixinPlatformAgentDefault for SecureJarResource(meetyourfight)
[04Apr2026 15:24:09.412] [main/DEBUG] [mixin/]: MixinPlatformAgentDefault accepted container SecureJarResource(meetyourfight)
[04Apr2026 15:24:09.412] [main/DEBUG] [mixin/]: Processing prepare() for PlatformAgent[MixinPlatformAgentDefault:SecureJarResource(meetyourfight)]
[04Apr2026 15:24:09.413] [main/DEBUG] [mixin/]: Adding mixin platform agents for container SecureJarResource(enchdesc)
[04Apr2026 15:24:09.413] [main/DEBUG] [mixin/]: Instancing new MixinPlatformAgentMinecraftForge for SecureJarResource(enchdesc)
[04Apr2026 15:24:09.413] [main/DEBUG] [mixin/]: MixinPlatformAgentMinecraftForge rejected container SecureJarResource(enchdesc)
[04Apr2026 15:24:09.413] [main/DEBUG] [mixin/]: Instancing new MixinPlatformAgentDefault for SecureJarResource(enchdesc)
[04Apr2026 15:24:09.413] [main/DEBUG] [mixin/]: MixinPlatformAgentDefault accepted container SecureJarResource(enchdesc)
[04Apr2026 15:24:09.413] [main/DEBUG] [mixin/]: Processing prepare() for PlatformAgent[MixinPlatformAgentDefault:SecureJarResource(enchdesc)]
[04Apr2026 15:24:09.413] [main/DEBUG] [mixin/]: Adding mixin platform agents for container SecureJarResource(simplyswords)
[04Apr2026 15:24:09.414] [main/DEBUG] [mixin/]: Instancing new MixinPlatformAgentMinecraftForge for SecureJarResource(simplyswords)
[04Apr2026 15:24:09.414] [main/DEBUG] [mixin/]: MixinPlatformAgentMinecraftForge rejected container SecureJarResource(simplyswords)
[04Apr2026 15:24:09.414] [main/DEBUG] [mixin/]: Instancing new MixinPlatformAgentDefault for SecureJarResource(simplyswords)
[04Apr2026 15:24:09.414] [main/DEBUG] [mixin/]: MixinPlatformAgentDefault accepted container SecureJarResource(simplyswords)
[04Apr2026 15:24:09.414] [main/DEBUG] [mixin/]: Processing prepare() for PlatformAgent[MixinPlatformAgentDefault:SecureJarResource(simplyswords)]
[04Apr2026 15:24:09.414] [main/DEBUG] [mixin/]: Registering mixin config: simplyswords-common.mixins.json
[04Apr2026 15:24:09.424] [main/DEBUG] [mixin/]: Registering mixin config: simplyswords.mixins.json
[04Apr2026 15:24:09.425] [main/DEBUG] [mixin/]: Adding mixin platform agents for container SecureJarResource(moonlight)
[04Apr2026 15:24:09.426] [main/DEBUG] [mixin/]: Instancing new MixinPlatformAgentMinecraftForge for SecureJarResource(moonlight)
[04Apr2026 15:24:09.426] [main/DEBUG] [mixin/]: MixinPlatformAgentMinecraftForge rejected container SecureJarResource(moonlight)
[04Apr2026 15:24:09.426] [main/DEBUG] [mixin/]: Instancing new MixinPlatformAgentDefault for SecureJarResource(moonlight)
[04Apr2026 15:24:09.426] [main/DEBUG] [mixin/]: MixinPlatformAgentDefault accepted container SecureJarResource(moonlight)
[04Apr2026 15:24:09.426] [main/DEBUG] [mixin/]: Processing prepare() for PlatformAgent[MixinPlatformAgentDefault:SecureJarResource(moonlight)]
[04Apr2026 15:24:09.426] [main/DEBUG] [mixin/]: Registering mixin config: moonlight-common.mixins.json
[04Apr2026 15:24:09.429] [main/DEBUG] [mixin/]: Registering mixin config: moonlight.mixins.json
[04Apr2026 15:24:09.430] [main/DEBUG] [mixin/]: Adding mixin platform agents for container SecureJarResource(eccentrictome)
[04Apr2026 15:24:09.430] [main/DEBUG] [mixin/]: Instancing new MixinPlatformAgentMinecraftForge for SecureJarResource(eccentrictome)
[04Apr2026 15:24:09.431] [main/DEBUG] [mixin/]: MixinPlatformAgentMinecraftForge rejected container SecureJarResource(eccentrictome)
[04Apr2026 15:24:09.431] [main/DEBUG] [mixin/]: Instancing new MixinPlatformAgentDefault for SecureJarResource(eccentrictome)
[04Apr2026 15:24:09.431] [main/DEBUG] [mixin/]: MixinPlatformAgentDefault accepted container SecureJarResource(eccentrictome)
[04Apr2026 15:24:09.431] [main/DEBUG] [mixin/]: Processing prepare() for PlatformAgent[MixinPlatformAgentDefault:SecureJarResource(eccentrictome)]
[04Apr2026 15:24:09.431] [main/DEBUG] [mixin/]: Adding mixin platform agents for container SecureJarResource(itemstages)
[04Apr2026 15:24:09.431] [main/DEBUG] [mixin/]: Instancing new MixinPlatformAgentMinecraftForge for SecureJarResource(itemstages)
[04Apr2026 15:24:09.432] [main/DEBUG] [mixin/]: MixinPlatformAgentMinecraftForge rejected container SecureJarResource(itemstages)
[04Apr2026 15:24:09.432] [main/DEBUG] [mixin/]: Instancing new MixinPlatformAgentDefault for SecureJarResource(itemstages)
[04Apr2026 15:24:09.432] [main/DEBUG] [mixin/]: MixinPlatformAgentDefault accepted container SecureJarResource(itemstages)
[04Apr2026 15:24:09.432] [main/DEBUG] [mixin/]: Processing prepare() for PlatformAgent[MixinPlatformAgentDefault:SecureJarResource(itemstages)]
[04Apr2026 15:24:09.432] [main/DEBUG] [mixin/]: Adding mixin platform agents for container SecureJarResource(jade)
[04Apr2026 15:24:09.432] [main/DEBUG] [mixin/]: Instancing new MixinPlatformAgentMinecraftForge for SecureJarResource(jade)
[04Apr2026 15:24:09.433] [main/DEBUG] [mixin/]: MixinPlatformAgentMinecraftForge rejected container SecureJarResource(jade)
[04Apr2026 15:24:09.433] [main/DEBUG] [mixin/]: Instancing new MixinPlatformAgentDefault for SecureJarResource(jade)
[04Apr2026 15:24:09.433] [main/DEBUG] [mixin/]: MixinPlatformAgentDefault accepted container SecureJarResource(jade)
[04Apr2026 15:24:09.433] [main/DEBUG] [mixin/]: Processing prepare() for PlatformAgent[MixinPlatformAgentDefault:SecureJarResource(jade)]
[04Apr2026 15:24:09.433] [main/DEBUG] [mixin/]: Adding mixin platform agents for container SecureJarResource(cisco_mod)
[04Apr2026 15:24:09.433] [main/DEBUG] [mixin/]: Instancing new MixinPlatformAgentMinecraftForge for SecureJarResource(cisco_mod)
[04Apr2026 15:24:09.433] [main/DEBUG] [mixin/]: MixinPlatformAgentMinecraftForge rejected container SecureJarResource(cisco_mod)
[04Apr2026 15:24:09.434] [main/DEBUG] [mixin/]: Instancing new MixinPlatformAgentDefault for SecureJarResource(cisco_mod)
[04Apr2026 15:24:09.434] [main/DEBUG] [mixin/]: MixinPlatformAgentDefault accepted container SecureJarResource(cisco_mod)
[04Apr2026 15:24:09.434] [main/DEBUG] [mixin/]: Processing prepare() for PlatformAgent[MixinPlatformAgentDefault:SecureJarResource(cisco_mod)]
[04Apr2026 15:24:09.434] [main/DEBUG] [mixin/]: Adding mixin platform agents for container SecureJarResource(culllessleaves)
[04Apr2026 15:24:09.434] [main/DEBUG] [mixin/]: Instancing new MixinPlatformAgentMinecraftForge for SecureJarResource(culllessleaves)
[04Apr2026 15:24:09.434] [main/DEBUG] [mixin/]: MixinPlatformAgentMinecraftForge rejected container SecureJarResource(culllessleaves)
[04Apr2026 15:24:09.434] [main/DEBUG] [mixin/]: Instancing new MixinPlatformAgentDefault for SecureJarResource(culllessleaves)
[04Apr2026 15:24:09.435] [main/DEBUG] [mixin/]: MixinPlatformAgentDefault accepted container SecureJarResource(culllessleaves)
[04Apr2026 15:24:09.435] [main/DEBUG] [mixin/]: Processing prepare() for PlatformAgent[MixinPlatformAgentDefault:SecureJarResource(culllessleaves)]
[04Apr2026 15:24:09.435] [main/DEBUG] [mixin/]: Registering mixin config: cull-less-leaves.mixins.json
[04Apr2026 15:24:09.437] [main/DEBUG] [mixin/]: Adding mixin platform agents for container SecureJarResource(hoporp)
[04Apr2026 15:24:09.437] [main/DEBUG] [mixin/]: Instancing new MixinPlatformAgentMinecraftForge for SecureJarResource(hoporp)
[04Apr2026 15:24:09.437] [main/DEBUG] [mixin/]: MixinPlatformAgentMinecraftForge rejected container SecureJarResource(hoporp)
[04Apr2026 15:24:09.438] [main/DEBUG] [mixin/]: Instancing new MixinPlatformAgentDefault for SecureJarResource(hoporp)
[04Apr2026 15:24:09.438] [main/DEBUG] [mixin/]: MixinPlatformAgentDefault accepted container SecureJarResource(hoporp)
[04Apr2026 15:24:09.438] [main/DEBUG] [mixin/]: Processing prepare() for PlatformAgent[MixinPlatformAgentDefault:SecureJarResource(hoporp)]
[04Apr2026 15:24:09.438] [main/DEBUG] [mixin/]: Adding mixin platform agents for container SecureJarResource(forbidden_arcanus)
[04Apr2026 15:24:09.438] [main/DEBUG] [mixin/]: Instancing new MixinPlatformAgentMinecraftForge for SecureJarResource(forbidden_arcanus)
[04Apr2026 15:24:09.438] [main/DEBUG] [mixin/]: MixinPlatformAgentMinecraftForge rejected container SecureJarResource(forbidden_arcanus)
[04Apr2026 15:24:09.438] [main/DEBUG] [mixin/]: Instancing new MixinPlatformAgentDefault for SecureJarResource(forbidden_arcanus)
[04Apr2026 15:24:09.439] [main/DEBUG] [mixin/]: MixinPlatformAgentDefault accepted container SecureJarResource(forbidden_arcanus)
[04Apr2026 15:24:09.439] [main/DEBUG] [mixin/]: Processing prepare() for PlatformAgent[MixinPlatformAgentDefault:SecureJarResource(forbidden_arcanus)]
[04Apr2026 15:24:09.439] [main/DEBUG] [mixin/]: Registering mixin config: forbidden_arcanus.mixins.json
[04Apr2026 15:24:09.441] [main/DEBUG] [mixin/]: Compatibility level JAVA_16 specified by forbidden_arcanus.mixins.json is higher than the maximum level supported by this version of mixin (JAVA_13).
[04Apr2026 15:24:09.441] [main/DEBUG] [mixin/]: Adding mixin platform agents for container SecureJarResource(nethersdelight)
[04Apr2026 15:24:09.442] [main/DEBUG] [mixin/]: Instancing new MixinPlatformAgentMinecraftForge for SecureJarResource(nethersdelight)
[04Apr2026 15:24:09.442] [main/DEBUG] [mixin/]: MixinPlatformAgentMinecraftForge rejected container SecureJarResource(nethersdelight)
[04Apr2026 15:24:09.442] [main/DEBUG] [mixin/]: Instancing new MixinPlatformAgentDefault for SecureJarResource(nethersdelight)
[04Apr2026 15:24:09.442] [main/DEBUG] [mixin/]: MixinPlatformAgentDefault accepted container SecureJarResource(nethersdelight)
[04Apr2026 15:24:09.442] [main/DEBUG] [mixin/]: Processing prepare() for PlatformAgent[MixinPlatformAgentDefault:SecureJarResource(nethersdelight)]
[04Apr2026 15:24:09.442] [main/DEBUG] [mixin/]: Registering mixin config: nethersdelight.mixins.json
[04Apr2026 15:24:09.445] [main/DEBUG] [mixin/]: Adding mixin platform agents for container SecureJarResource(smoothboot)
[04Apr2026 15:24:09.445] [main/DEBUG] [mixin/]: Instancing new MixinPlatformAgentMinecraftForge for SecureJarResource(smoothboot)
[04Apr2026 15:24:09.445] [main/DEBUG] [mixin/]: MixinPlatformAgentMinecraftForge rejected container SecureJarResource(smoothboot)
[04Apr2026 15:24:09.445] [main/DEBUG] [mixin/]: Instancing new MixinPlatformAgentDefault for SecureJarResource(smoothboot)
[04Apr2026 15:24:09.445] [main/DEBUG] [mixin/]: MixinPlatformAgentDefault accepted container SecureJarResource(smoothboot)
[04Apr2026 15:24:09.445] [main/DEBUG] [mixin/]: Processing prepare() for PlatformAgent[MixinPlatformAgentDefault:SecureJarResource(smoothboot)]
[04Apr2026 15:24:09.446] [main/DEBUG] [mixin/]: Registering mixin config: smoothboot.mixins.json
[04Apr2026 15:24:09.447] [main/DEBUG] [mixin/]: Adding mixin platform agents for container SecureJarResource(skilltree)
[04Apr2026 15:24:09.447] [main/DEBUG] [mixin/]: Instancing new MixinPlatformAgentMinecraftForge for SecureJarResource(skilltree)
[04Apr2026 15:24:09.447] [main/DEBUG] [mixin/]: MixinPlatformAgentMinecraftForge rejected container SecureJarResource(skilltree)
[04Apr2026 15:24:09.448] [main/DEBUG] [mixin/]: Instancing new MixinPlatformAgentDefault for SecureJarResource(skilltree)
[04Apr2026 15:24:09.448] [main/DEBUG] [mixin/]: MixinPlatformAgentDefault accepted container SecureJarResource(skilltree)
[04Apr2026 15:24:09.448] [main/DEBUG] [mixin/]: Processing prepare() for PlatformAgent[MixinPlatformAgentDefault:SecureJarResource(skilltree)]
[04Apr2026 15:24:09.448] [main/DEBUG] [mixin/]: Registering mixin config: skilltree.mixins.json
[04Apr2026 15:24:09.450] [main/DEBUG] [mixin/]: Adding mixin platform agents for container SecureJarResource(atmospheric)
[04Apr2026 15:24:09.450] [main/DEBUG] [mixin/]: Instancing new MixinPlatformAgentMinecraftForge for SecureJarResource(atmospheric)
[04Apr2026 15:24:09.450] [main/DEBUG] [mixin/]: MixinPlatformAgentMinecraftForge rejected container SecureJarResource(atmospheric)
[04Apr2026 15:24:09.450] [main/DEBUG] [mixin/]: Instancing new MixinPlatformAgentDefault for SecureJarResource(atmospheric)
[04Apr2026 15:24:09.450] [main/DEBUG] [mixin/]: MixinPlatformAgentDefault accepted container SecureJarResource(atmospheric)
[04Apr2026 15:24:09.450] [main/DEBUG] [mixin/]: Processing prepare() for PlatformAgent[MixinPlatformAgentDefault:SecureJarResource(atmospheric)]
[04Apr2026 15:24:09.450] [main/DEBUG] [mixin/]: Registering mixin config: atmospheric.mixins.json
[04Apr2026 15:24:09.460] [main/DEBUG] [mixin/]: Adding mixin platform agents for container SecureJarResource(easy_villagers)
[04Apr2026 15:24:09.460] [main/DEBUG] [mixin/]: Instancing new MixinPlatformAgentMinecraftForge for SecureJarResource(easy_villagers)
[04Apr2026 15:24:09.461] [main/DEBUG] [mixin/]: MixinPlatformAgentMinecraftForge rejected container SecureJarResource(easy_villagers)
[04Apr2026 15:24:09.461] [main/DEBUG] [mixin/]: Instancing new MixinPlatformAgentDefault for SecureJarResource(easy_villagers)
[04Apr2026 15:24:09.461] [main/DEBUG] [mixin/]: MixinPlatformAgentDefault accepted container SecureJarResource(easy_villagers)
[04Apr2026 15:24:09.461] [main/DEBUG] [mixin/]: Processing prepare() for PlatformAgent[MixinPlatformAgentDefault:SecureJarResource(easy_villagers)]
[04Apr2026 15:24:09.461] [main/DEBUG] [mixin/]: Adding mixin platform agents for container SecureJarResource(iceberg)
[04Apr2026 15:24:09.461] [main/DEBUG] [mixin/]: Instancing new MixinPlatformAgentMinecraftForge for SecureJarResource(iceberg)
[04Apr2026 15:24:09.462] [main/DEBUG] [mixin/]: MixinPlatformAgentMinecraftForge rejected container SecureJarResource(iceberg)
[04Apr2026 15:24:09.462] [main/DEBUG] [mixin/]: Instancing new MixinPlatformAgentDefault for SecureJarResource(iceberg)
[04Apr2026 15:24:09.462] [main/DEBUG] [mixin/]: MixinPlatformAgentDefault accepted container SecureJarResource(iceberg)
[04Apr2026 15:24:09.462] [main/DEBUG] [mixin/]: Processing prepare() for PlatformAgent[MixinPlatformAgentDefault:SecureJarResource(iceberg)]
[04Apr2026 15:24:09.462] [main/DEBUG] [mixin/]: Registering mixin config: iceberg.mixins.json
[04Apr2026 15:24:09.464] [main/DEBUG] [mixin/]: Adding mixin platform agents for container SecureJarResource(brutalbosses)
[04Apr2026 15:24:09.464] [main/DEBUG] [mixin/]: Instancing new MixinPlatformAgentMinecraftForge for SecureJarResource(brutalbosses)
[04Apr2026 15:24:09.465] [main/DEBUG] [mixin/]: MixinPlatformAgentMinecraftForge rejected container SecureJarResource(brutalbosses)
[04Apr2026 15:24:09.465] [main/DEBUG] [mixin/]: Instancing new MixinPlatformAgentDefault for SecureJarResource(brutalbosses)
[04Apr2026 15:24:09.465] [main/DEBUG] [mixin/]: MixinPlatformAgentDefault accepted container SecureJarResource(brutalbosses)
[04Apr2026 15:24:09.465] [main/DEBUG] [mixin/]: Processing prepare() for PlatformAgent[MixinPlatformAgentDefault:SecureJarResource(brutalbosses)]
[04Apr2026 15:24:09.465] [main/DEBUG] [mixin/]: Registering mixin config: brutalbosses.mixins.json
[04Apr2026 15:24:09.468] [main/DEBUG] [mixin/]: Compatibility level JAVA_8 specified by brutalbosses.mixins.json is lower than the default level supported by the current mixin service (JAVA_16).
[04Apr2026 15:24:09.468] [main/DEBUG] [mixin/]: Adding mixin platform agents for container SecureJarResource(quark)
[04Apr2026 15:24:09.468] [main/DEBUG] [mixin/]: Instancing new MixinPlatformAgentMinecraftForge for SecureJarResource(quark)
[04Apr2026 15:24:09.468] [main/DEBUG] [mixin/]: MixinPlatformAgentMinecraftForge rejected container SecureJarResource(quark)
[04Apr2026 15:24:09.468] [main/DEBUG] [mixin/]: Instancing new MixinPlatformAgentDefault for SecureJarResource(quark)
[04Apr2026 15:24:09.469] [main/DEBUG] [mixin/]: MixinPlatformAgentDefault accepted container SecureJarResource(quark)
[04Apr2026 15:24:09.469] [main/DEBUG] [mixin/]: Processing prepare() for PlatformAgent[MixinPlatformAgentDefault:SecureJarResource(quark)]
[04Apr2026 15:24:09.469] [main/DEBUG] [mixin/]: Registering mixin config: quark.mixins.json
[04Apr2026 15:24:09.470] [main/DEBUG] [mixin/]: Registering mixin config: quark_integrations.mixins.json
[04Apr2026 15:24:09.472] [main/DEBUG] [mixin/]: Adding mixin platform agents for container SecureJarResource(ars_elemental)
[04Apr2026 15:24:09.472] [main/DEBUG] [mixin/]: Instancing new MixinPlatformAgentMinecraftForge for SecureJarResource(ars_elemental)
[04Apr2026 15:24:09.472] [main/DEBUG] [mixin/]: MixinPlatformAgentMinecraftForge rejected container SecureJarResource(ars_elemental)
[04Apr2026 15:24:09.472] [main/DEBUG] [mixin/]: Instancing new MixinPlatformAgentDefault for SecureJarResource(ars_elemental)
[04Apr2026 15:24:09.473] [main/DEBUG] [mixin/]: MixinPlatformAgentDefault accepted container SecureJarResource(ars_elemental)
[04Apr2026 15:24:09.473] [main/DEBUG] [mixin/]: Processing prepare() for PlatformAgent[MixinPlatformAgentDefault:SecureJarResource(ars_elemental)]
[04Apr2026 15:24:09.473] [main/DEBUG] [mixin/]: Registering mixin config: ars_elemental.mixins.json
[04Apr2026 15:24:09.475] [main/DEBUG] [mixin/]: Adding mixin platform agents for container SecureJarResource(storagedrawers)
[04Apr2026 15:24:09.475] [main/DEBUG] [mixin/]: Instancing new MixinPlatformAgentMinecraftForge for SecureJarResource(storagedrawers)
[04Apr2026 15:24:09.475] [main/DEBUG] [mixin/]: MixinPlatformAgentMinecraftForge rejected container SecureJarResource(storagedrawers)
[04Apr2026 15:24:09.475] [main/DEBUG] [mixin/]: Instancing new MixinPlatformAgentDefault for SecureJarResource(storagedrawers)
[04Apr2026 15:24:09.475] [main/DEBUG] [mixin/]: MixinPlatformAgentDefault accepted container SecureJarResource(storagedrawers)
[04Apr2026 15:24:09.476] [main/DEBUG] [mixin/]: Processing prepare() for PlatformAgent[MixinPlatformAgentDefault:SecureJarResource(storagedrawers)]
[04Apr2026 15:24:09.476] [main/DEBUG] [mixin/]: Adding mixin platform agents for container SecureJarResource(immersive_paintings)
[04Apr2026 15:24:09.476] [main/DEBUG] [mixin/]: Instancing new MixinPlatformAgentMinecraftForge for SecureJarResource(immersive_paintings)
[04Apr2026 15:24:09.476] [main/DEBUG] [mixin/]: MixinPlatformAgentMinecraftForge rejected container SecureJarResource(immersive_paintings)
[04Apr2026 15:24:09.476] [main/DEBUG] [mixin/]: Instancing new MixinPlatformAgentDefault for SecureJarResource(immersive_paintings)
[04Apr2026 15:24:09.476] [main/DEBUG] [mixin/]: MixinPlatformAgentDefault accepted container SecureJarResource(immersive_paintings)
[04Apr2026 15:24:09.477] [main/DEBUG] [mixin/]: Processing prepare() for PlatformAgent[MixinPlatformAgentDefault:SecureJarResource(immersive_paintings)]
[04Apr2026 15:24:09.477] [main/DEBUG] [mixin/]: Registering mixin config: immersive_paintings.mixin.json
[04Apr2026 15:24:09.479] [main/DEBUG] [mixin/]: Compatibility level JAVA_16 specified by immersive_paintings.mixin.json is higher than the maximum level supported by this version of mixin (JAVA_13).
[04Apr2026 15:24:09.479] [main/DEBUG] [mixin/]: Adding mixin platform agents for container SecureJarResource(irons_spellbooks)
[04Apr2026 15:24:09.479] [main/DEBUG] [mixin/]: Instancing new MixinPlatformAgentMinecraftForge for SecureJarResource(irons_spellbooks)
[04Apr2026 15:24:09.479] [main/DEBUG] [mixin/]: MixinPlatformAgentMinecraftForge rejected container SecureJarResource(irons_spellbooks)
[04Apr2026 15:24:09.480] [main/DEBUG] [mixin/]: Instancing new MixinPlatformAgentDefault for SecureJarResource(irons_spellbooks)
[04Apr2026 15:24:09.480] [main/DEBUG] [mixin/]: MixinPlatformAgentDefault accepted container SecureJarResource(irons_spellbooks)
[04Apr2026 15:24:09.480] [main/DEBUG] [mixin/]: Processing prepare() for PlatformAgent[MixinPlatformAgentDefault:SecureJarResource(irons_spellbooks)]
[04Apr2026 15:24:09.480] [main/DEBUG] [mixin/]: Registering mixin config: mixins.irons_spellbooks.json
[04Apr2026 15:24:09.482] [main/DEBUG] [mixin/]: Adding mixin platform agents for container SecureJarResource(doespotatotick)
[04Apr2026 15:24:09.482] [main/DEBUG] [mixin/]: Instancing new MixinPlatformAgentMinecraftForge for SecureJarResource(doespotatotick)
[04Apr2026 15:24:09.482] [main/DEBUG] [mixin/]: MixinPlatformAgentMinecraftForge rejected container SecureJarResource(doespotatotick)
[04Apr2026 15:24:09.482] [main/DEBUG] [mixin/]: Instancing new MixinPlatformAgentDefault for SecureJarResource(doespotatotick)
[04Apr2026 15:24:09.483] [main/DEBUG] [mixin/]: MixinPlatformAgentDefault accepted container SecureJarResource(doespotatotick)
[04Apr2026 15:24:09.483] [main/DEBUG] [mixin/]: Processing prepare() for PlatformAgent[MixinPlatformAgentDefault:SecureJarResource(doespotatotick)]
[04Apr2026 15:24:09.483] [main/DEBUG] [mixin/]: Registering mixin config: doespotatotick.mixins.json
[04Apr2026 15:24:09.485] [main/DEBUG] [mixin/]: Compatibility level JAVA_8 specified by doespotatotick.mixins.json is lower than the default level supported by the current mixin service (JAVA_16).
[04Apr2026 15:24:09.486] [main/DEBUG] [mixin/]: Adding mixin platform agents for container SecureJarResource(endlessbiomes)
[04Apr2026 15:24:09.486] [main/DEBUG] [mixin/]: Instancing new MixinPlatformAgentMinecraftForge for SecureJarResource(endlessbiomes)
[04Apr2026 15:24:09.486] [main/DEBUG] [mixin/]: MixinPlatformAgentMinecraftForge rejected container SecureJarResource(endlessbiomes)
[04Apr2026 15:24:09.486] [main/DEBUG] [mixin/]: Instancing new MixinPlatformAgentDefault for SecureJarResource(endlessbiomes)
[04Apr2026 15:24:09.487] [main/DEBUG] [mixin/]: MixinPlatformAgentDefault accepted container SecureJarResource(endlessbiomes)
[04Apr2026 15:24:09.487] [main/DEBUG] [mixin/]: Processing prepare() for PlatformAgent[MixinPlatformAgentDefault:SecureJarResource(endlessbiomes)]
[04Apr2026 15:24:09.487] [main/DEBUG] [mixin/]: Adding mixin platform agents for container SecureJarResource(upgradedcore)
[04Apr2026 15:24:09.487] [main/DEBUG] [mixin/]: Instancing new MixinPlatformAgentMinecraftForge for SecureJarResource(upgradedcore)
[04Apr2026 15:24:09.487] [main/DEBUG] [mixin/]: MixinPlatformAgentMinecraftForge rejected container SecureJarResource(upgradedcore)
[04Apr2026 15:24:09.487] [main/DEBUG] [mixin/]: Instancing new MixinPlatformAgentDefault for SecureJarResource(upgradedcore)
[04Apr2026 15:24:09.488] [main/DEBUG] [mixin/]: MixinPlatformAgentDefault accepted container SecureJarResource(upgradedcore)
[04Apr2026 15:24:09.488] [main/DEBUG] [mixin/]: Processing prepare() for PlatformAgent[MixinPlatformAgentDefault:SecureJarResource(upgradedcore)]
[04Apr2026 15:24:09.488] [main/DEBUG] [mixin/]: Adding mixin platform agents for container SecureJarResource(minecolonies)
[04Apr2026 15:24:09.488] [main/DEBUG] [mixin/]: Instancing new MixinPlatformAgentMinecraftForge for SecureJarResource(minecolonies)
[04Apr2026 15:24:09.488] [main/DEBUG] [mixin/]: MixinPlatformAgentMinecraftForge rejected container SecureJarResource(minecolonies)
[04Apr2026 15:24:09.488] [main/DEBUG] [mixin/]: Instancing new MixinPlatformAgentDefault for SecureJarResource(minecolonies)
[04Apr2026 15:24:09.488] [main/DEBUG] [mixin/]: MixinPlatformAgentDefault accepted container SecureJarResource(minecolonies)
[04Apr2026 15:24:09.489] [main/DEBUG] [mixin/]: Processing prepare() for PlatformAgent[MixinPlatformAgentDefault:SecureJarResource(minecolonies)]
[04Apr2026 15:24:09.489] [main/DEBUG] [mixin/]: Adding mixin platform agents for container SecureJarResource(wabi_sabi_structures)
[04Apr2026 15:24:09.489] [main/DEBUG] [mixin/]: Instancing new MixinPlatformAgentMinecraftForge for SecureJarResource(wabi_sabi_structures)
[04Apr2026 15:24:09.489] [main/DEBUG] [mixin/]: MixinPlatformAgentMinecraftForge rejected container SecureJarResource(wabi_sabi_structures)
[04Apr2026 15:24:09.489] [main/DEBUG] [mixin/]: Instancing new MixinPlatformAgentDefault for SecureJarResource(wabi_sabi_structures)
[04Apr2026 15:24:09.489] [main/DEBUG] [mixin/]: MixinPlatformAgentDefault accepted container SecureJarResource(wabi_sabi_structures)
[04Apr2026 15:24:09.489] [main/DEBUG] [mixin/]: Processing prepare() for PlatformAgent[MixinPlatformAgentDefault:SecureJarResource(wabi_sabi_structures)]
[04Apr2026 15:24:09.489] [main/DEBUG] [mixin/]: Adding mixin platform agents for container SecureJarResource(alexsdelight)
[04Apr2026 15:24:09.490] [main/DEBUG] [mixin/]: Instancing new MixinPlatformAgentMinecraftForge for SecureJarResource(alexsdelight)
[04Apr2026 15:24:09.490] [main/DEBUG] [mixin/]: MixinPlatformAgentMinecraftForge rejected container SecureJarResource(alexsdelight)
[04Apr2026 15:24:09.490] [main/DEBUG] [mixin/]: Instancing new MixinPlatformAgentDefault for SecureJarResource(alexsdelight)
[04Apr2026 15:24:09.490] [main/DEBUG] [mixin/]: MixinPlatformAgentDefault accepted container SecureJarResource(alexsdelight)
[04Apr2026 15:24:09.490] [main/DEBUG] [mixin/]: Processing prepare() for PlatformAgent[MixinPlatformAgentDefault:SecureJarResource(alexsdelight)]
[04Apr2026 15:24:09.490] [main/DEBUG] [mixin/]: Adding mixin platform agents for container SecureJarResource(ferritecore)
[04Apr2026 15:24:09.490] [main/DEBUG] [mixin/]: Instancing new MixinPlatformAgentMinecraftForge for SecureJarResource(ferritecore)
[04Apr2026 15:24:09.491] [main/DEBUG] [mixin/]: MixinPlatformAgentMinecraftForge rejected container SecureJarResource(ferritecore)
[04Apr2026 15:24:09.491] [main/DEBUG] [mixin/]: Instancing new MixinPlatformAgentDefault for SecureJarResource(ferritecore)
[04Apr2026 15:24:09.491] [main/DEBUG] [mixin/]: MixinPlatformAgentDefault accepted container SecureJarResource(ferritecore)
[04Apr2026 15:24:09.491] [main/DEBUG] [mixin/]: Processing prepare() for PlatformAgent[MixinPlatformAgentDefault:SecureJarResource(ferritecore)]
[04Apr2026 15:24:09.491] [main/DEBUG] [mixin/]: Registering mixin config: ferritecore.predicates.mixin.json
[04Apr2026 15:24:09.493] [main/DEBUG] [mixin/]: Registering mixin config: ferritecore.fastmap.mixin.json
[04Apr2026 15:24:09.495] [main/DEBUG] [mixin/]: Registering mixin config: ferritecore.mrl.mixin.json
[04Apr2026 15:24:09.502] [main/DEBUG] [mixin/]: Registering mixin config: ferritecore.dedupmultipart.mixin.json
[04Apr2026 15:24:09.504] [main/DEBUG] [mixin/]: Registering mixin config: ferritecore.blockstatecache.mixin.json
[04Apr2026 15:24:09.506] [main/DEBUG] [mixin/]: Registering mixin config: ferritecore.dedupbakedquad.mixin.json
[04Apr2026 15:24:09.507] [main/DEBUG] [mixin/]: Registering mixin config: ferritecore.threaddetec.mixin.json
[04Apr2026 15:24:09.518] [main/DEBUG] [mixin/]: Adding mixin platform agents for container SecureJarResource(apexcore)
[04Apr2026 15:24:09.518] [main/DEBUG] [mixin/]: Instancing new MixinPlatformAgentMinecraftForge for SecureJarResource(apexcore)
[04Apr2026 15:24:09.518] [main/DEBUG] [mixin/]: MixinPlatformAgentMinecraftForge rejected container SecureJarResource(apexcore)
[04Apr2026 15:24:09.518] [main/DEBUG] [mixin/]: Instancing new MixinPlatformAgentDefault for SecureJarResource(apexcore)
[04Apr2026 15:24:09.518] [main/DEBUG] [mixin/]: MixinPlatformAgentDefault accepted container SecureJarResource(apexcore)
[04Apr2026 15:24:09.518] [main/DEBUG] [mixin/]: Processing prepare() for PlatformAgent[MixinPlatformAgentDefault:SecureJarResource(apexcore)]
[04Apr2026 15:24:09.518] [main/DEBUG] [mixin/]: Registering mixin config: apexcore.mixins.json
[04Apr2026 15:24:09.520] [main/DEBUG] [mixin/]: Adding mixin platform agents for container SecureJarResource(majruszsenchantments)
[04Apr2026 15:24:09.520] [main/DEBUG] [mixin/]: Instancing new MixinPlatformAgentMinecraftForge for SecureJarResource(majruszsenchantments)
[04Apr2026 15:24:09.520] [main/DEBUG] [mixin/]: MixinPlatformAgentMinecraftForge rejected container SecureJarResource(majruszsenchantments)
[04Apr2026 15:24:09.521] [main/DEBUG] [mixin/]: Instancing new MixinPlatformAgentDefault for SecureJarResource(majruszsenchantments)
[04Apr2026 15:24:09.521] [main/DEBUG] [mixin/]: MixinPlatformAgentDefault accepted container SecureJarResource(majruszsenchantments)
[04Apr2026 15:24:09.521] [main/DEBUG] [mixin/]: Processing prepare() for PlatformAgent[MixinPlatformAgentDefault:SecureJarResource(majruszsenchantments)]
[04Apr2026 15:24:09.521] [main/DEBUG] [mixin/]: Registering mixin config: majruszsenchantments-common.mixins.json
[04Apr2026 15:24:09.522] [main/DEBUG] [mixin/]: Adding mixin platform agents for container SecureJarResource(badoptimizations)
[04Apr2026 15:24:09.523] [main/DEBUG] [mixin/]: Instancing new MixinPlatformAgentMinecraftForge for SecureJarResource(badoptimizations)
[04Apr2026 15:24:09.523] [main/DEBUG] [mixin/]: MixinPlatformAgentMinecraftForge rejected container SecureJarResource(badoptimizations)
[04Apr2026 15:24:09.523] [main/DEBUG] [mixin/]: Instancing new MixinPlatformAgentDefault for SecureJarResource(badoptimizations)
[04Apr2026 15:24:09.523] [main/DEBUG] [mixin/]: MixinPlatformAgentDefault accepted container SecureJarResource(badoptimizations)
[04Apr2026 15:24:09.523] [main/DEBUG] [mixin/]: Processing prepare() for PlatformAgent[MixinPlatformAgentDefault:SecureJarResource(badoptimizations)]
[04Apr2026 15:24:09.523] [main/DEBUG] [mixin/]: Registering mixin config: forge-badoptimizations.mixins-common.json
[04Apr2026 15:24:09.525] [main/DEBUG] [mixin/]: Registering mixin config: forge-badoptimizations.mixins-forge.json
[04Apr2026 15:24:09.526] [main/DEBUG] [mixin/]: Adding mixin platform agents for container SecureJarResource(packetfixer)
[04Apr2026 15:24:09.527] [main/DEBUG] [mixin/]: Instancing new MixinPlatformAgentMinecraftForge for SecureJarResource(packetfixer)
[04Apr2026 15:24:09.527] [main/DEBUG] [mixin/]: MixinPlatformAgentMinecraftForge rejected container SecureJarResource(packetfixer)
[04Apr2026 15:24:09.527] [main/DEBUG] [mixin/]: Instancing new MixinPlatformAgentDefault for SecureJarResource(packetfixer)
[04Apr2026 15:24:09.527] [main/DEBUG] [mixin/]: MixinPlatformAgentDefault accepted container SecureJarResource(packetfixer)
[04Apr2026 15:24:09.527] [main/DEBUG] [mixin/]: Processing prepare() for PlatformAgent[MixinPlatformAgentDefault:SecureJarResource(packetfixer)]
[04Apr2026 15:24:09.527] [main/DEBUG] [mixin/]: Registering mixin config: packetfixer.v1_18.forge.mixins.json
[04Apr2026 15:24:09.529] [main/DEBUG] [mixin/]: Registering mixin config: packetfixer.v1_19.forge.mixins.json
[04Apr2026 15:24:09.531] [main/DEBUG] [mixin/]: Registering mixin config: packetfixer.v1_19_3.forge.mixins.json
[04Apr2026 15:24:09.533] [main/DEBUG] [mixin/]: Registering mixin config: packetfixer.v1_19_4.forge.mixins.json
[04Apr2026 15:24:09.535] [main/DEBUG] [mixin/]: Registering mixin config: packetfixer.v1_20_2.forge.mixins.json
[04Apr2026 15:24:09.537] [main/DEBUG] [mixin/]: Adding mixin platform agents for container SecureJarResource(valhelsia_core)
[04Apr2026 15:24:09.537] [main/DEBUG] [mixin/]: Instancing new MixinPlatformAgentMinecraftForge for SecureJarResource(valhelsia_core)
[04Apr2026 15:24:09.537] [main/DEBUG] [mixin/]: MixinPlatformAgentMinecraftForge rejected container SecureJarResource(valhelsia_core)
[04Apr2026 15:24:09.538] [main/DEBUG] [mixin/]: Instancing new MixinPlatformAgentDefault for SecureJarResource(valhelsia_core)
[04Apr2026 15:24:09.538] [main/DEBUG] [mixin/]: MixinPlatformAgentDefault accepted container SecureJarResource(valhelsia_core)
[04Apr2026 15:24:09.538] [main/DEBUG] [mixin/]: Processing prepare() for PlatformAgent[MixinPlatformAgentDefault:SecureJarResource(valhelsia_core)]
[04Apr2026 15:24:09.538] [main/DEBUG] [mixin/]: Registering mixin config: valhelsia_core.mixins.json
[04Apr2026 15:24:09.539] [main/DEBUG] [mixin/]: Compatibility level JAVA_16 specified by valhelsia_core.mixins.json is higher than the maximum level supported by this version of mixin (JAVA_13).
[04Apr2026 15:24:09.540] [main/DEBUG] [mixin/]: Adding mixin platform agents for container SecureJarResource(overflowingbars)
[04Apr2026 15:24:09.540] [main/DEBUG] [mixin/]: Instancing new MixinPlatformAgentMinecraftForge for SecureJarResource(overflowingbars)
[04Apr2026 15:24:09.540] [main/DEBUG] [mixin/]: MixinPlatformAgentMinecraftForge rejected container SecureJarResource(overflowingbars)
[04Apr2026 15:24:09.540] [main/DEBUG] [mixin/]: Instancing new MixinPlatformAgentDefault for SecureJarResource(overflowingbars)
[04Apr2026 15:24:09.541] [main/DEBUG] [mixin/]: MixinPlatformAgentDefault accepted container SecureJarResource(overflowingbars)
[04Apr2026 15:24:09.541] [main/DEBUG] [mixin/]: Processing prepare() for PlatformAgent[MixinPlatformAgentDefault:SecureJarResource(overflowingbars)]
[04Apr2026 15:24:09.541] [main/DEBUG] [mixin/]: Registering mixin config: overflowingbars.common.mixins.json
[04Apr2026 15:24:09.543] [main/DEBUG] [mixin/]: Adding mixin platform agents for container SecureJarResource(undead_unleashed)
[04Apr2026 15:24:09.543] [main/DEBUG] [mixin/]: Instancing new MixinPlatformAgentMinecraftForge for SecureJarResource(undead_unleashed)
[04Apr2026 15:24:09.543] [main/DEBUG] [mixin/]: MixinPlatformAgentMinecraftForge rejected container SecureJarResource(undead_unleashed)
[04Apr2026 15:24:09.543] [main/DEBUG] [mixin/]: Instancing new MixinPlatformAgentDefault for SecureJarResource(undead_unleashed)
[04Apr2026 15:24:09.544] [main/DEBUG] [mixin/]: MixinPlatformAgentDefault accepted container SecureJarResource(undead_unleashed)
[04Apr2026 15:24:09.544] [main/DEBUG] [mixin/]: Processing prepare() for PlatformAgent[MixinPlatformAgentDefault:SecureJarResource(undead_unleashed)]
[04Apr2026 15:24:09.544] [main/DEBUG] [mixin/]: Adding mixin platform agents for container SecureJarResource(MixinSquared.beta._6)
[04Apr2026 15:24:09.544] [main/DEBUG] [mixin/]: Instancing new MixinPlatformAgentMinecraftForge for SecureJarResource(MixinSquared.beta._6)
[04Apr2026 15:24:09.544] [main/DEBUG] [mixin/]: MixinPlatformAgentMinecraftForge rejected container SecureJarResource(MixinSquared.beta._6)
[04Apr2026 15:24:09.544] [main/DEBUG] [mixin/]: Instancing new MixinPlatformAgentDefault for SecureJarResource(MixinSquared.beta._6)
[04Apr2026 15:24:09.544] [main/DEBUG] [mixin/]: MixinPlatformAgentDefault accepted container SecureJarResource(MixinSquared.beta._6)
[04Apr2026 15:24:09.545] [main/DEBUG] [mixin/]: Processing prepare() for PlatformAgent[MixinPlatformAgentDefault:SecureJarResource(MixinSquared.beta._6)]
[04Apr2026 15:24:09.545] [main/DEBUG] [mixin/]: Adding mixin platform agents for container SecureJarResource(Registrate.MC1._19)
[04Apr2026 15:24:09.545] [main/DEBUG] [mixin/]: Instancing new MixinPlatformAgentMinecraftForge for SecureJarResource(Registrate.MC1._19)
[04Apr2026 15:24:09.545] [main/DEBUG] [mixin/]: MixinPlatformAgentMinecraftForge rejected container SecureJarResource(Registrate.MC1._19)
[04Apr2026 15:24:09.545] [main/DEBUG] [mixin/]: Instancing new MixinPlatformAgentDefault for SecureJarResource(Registrate.MC1._19)
[04Apr2026 15:24:09.545] [main/DEBUG] [mixin/]: MixinPlatformAgentDefault accepted container SecureJarResource(Registrate.MC1._19)
[04Apr2026 15:24:09.546] [main/DEBUG] [mixin/]: Processing prepare() for PlatformAgent[MixinPlatformAgentDefault:SecureJarResource(Registrate.MC1._19)]
[04Apr2026 15:24:09.546] [main/DEBUG] [mixin/]: Adding mixin platform agents for container SecureJarResource(jankson)
[04Apr2026 15:24:09.546] [main/DEBUG] [mixin/]: Instancing new MixinPlatformAgentMinecraftForge for SecureJarResource(jankson)
[04Apr2026 15:24:09.546] [main/DEBUG] [mixin/]: MixinPlatformAgentMinecraftForge rejected container SecureJarResource(jankson)
[04Apr2026 15:24:09.546] [main/DEBUG] [mixin/]: Instancing new MixinPlatformAgentDefault for SecureJarResource(jankson)
[04Apr2026 15:24:09.546] [main/DEBUG] [mixin/]: MixinPlatformAgentDefault accepted container SecureJarResource(jankson)
[04Apr2026 15:24:09.546] [main/DEBUG] [mixin/]: Processing prepare() for PlatformAgent[MixinPlatformAgentDefault:SecureJarResource(jankson)]
[04Apr2026 15:24:09.547] [main/DEBUG] [mixin/]: Adding mixin platform agents for container SecureJarResource(mixinextras)
[04Apr2026 15:24:09.547] [main/DEBUG] [mixin/]: Instancing new MixinPlatformAgentMinecraftForge for SecureJarResource(mixinextras)
[04Apr2026 15:24:09.547] [main/DEBUG] [mixin/]: MixinPlatformAgentMinecraftForge rejected container SecureJarResource(mixinextras)
[04Apr2026 15:24:09.547] [main/DEBUG] [mixin/]: Instancing new MixinPlatformAgentDefault for SecureJarResource(mixinextras)
[04Apr2026 15:24:09.547] [main/DEBUG] [mixin/]: MixinPlatformAgentDefault accepted container SecureJarResource(mixinextras)
[04Apr2026 15:24:09.547] [main/DEBUG] [mixin/]: Processing prepare() for PlatformAgent[MixinPlatformAgentDefault:SecureJarResource(mixinextras)]
[04Apr2026 15:24:09.547] [main/DEBUG] [mixin/]: Registering mixin config: mixinextras.init.mixins.json
[04Apr2026 15:24:09.549] [main/DEBUG] [mixin/]: Adding mixin platform agents for container SecureJarResource(Reflect)
[04Apr2026 15:24:09.549] [main/DEBUG] [mixin/]: Instancing new MixinPlatformAgentMinecraftForge for SecureJarResource(Reflect)
[04Apr2026 15:24:09.549] [main/DEBUG] [mixin/]: MixinPlatformAgentMinecraftForge rejected container SecureJarResource(Reflect)
[04Apr2026 15:24:09.549] [main/DEBUG] [mixin/]: Instancing new MixinPlatformAgentDefault for SecureJarResource(Reflect)
[04Apr2026 15:24:09.550] [main/DEBUG] [mixin/]: MixinPlatformAgentDefault accepted container SecureJarResource(Reflect)
[04Apr2026 15:24:09.550] [main/DEBUG] [mixin/]: Processing prepare() for PlatformAgent[MixinPlatformAgentDefault:SecureJarResource(Reflect)]
[04Apr2026 15:24:09.550] [main/DEBUG] [mixin/]: Adding mixin platform agents for container SecureJarResource(json.path)
[04Apr2026 15:24:09.550] [main/DEBUG] [mixin/]: Instancing new MixinPlatformAgentMinecraftForge for SecureJarResource(json.path)
[04Apr2026 15:24:09.550] [main/DEBUG] [mixin/]: MixinPlatformAgentMinecraftForge rejected container SecureJarResource(json.path)
[04Apr2026 15:24:09.551] [main/DEBUG] [mixin/]: Instancing new MixinPlatformAgentDefault for SecureJarResource(json.path)
[04Apr2026 15:24:09.551] [main/DEBUG] [mixin/]: MixinPlatformAgentDefault accepted container SecureJarResource(json.path)
[04Apr2026 15:24:09.551] [main/DEBUG] [mixin/]: Processing prepare() for PlatformAgent[MixinPlatformAgentDefault:SecureJarResource(json.path)]
[04Apr2026 15:24:09.551] [main/DEBUG] [mixin/]: Adding mixin platform agents for container SecureJarResource(mixinsquared)
[04Apr2026 15:24:09.551] [main/DEBUG] [mixin/]: Instancing new MixinPlatformAgentMinecraftForge for SecureJarResource(mixinsquared)
[04Apr2026 15:24:09.551] [main/DEBUG] [mixin/]: MixinPlatformAgentMinecraftForge rejected container SecureJarResource(mixinsquared)
[04Apr2026 15:24:09.552] [main/DEBUG] [mixin/]: Instancing new MixinPlatformAgentDefault for SecureJarResource(mixinsquared)
[04Apr2026 15:24:09.552] [main/DEBUG] [mixin/]: MixinPlatformAgentDefault accepted container SecureJarResource(mixinsquared)
[04Apr2026 15:24:09.552] [main/DEBUG] [mixin/]: Processing prepare() for PlatformAgent[MixinPlatformAgentDefault:SecureJarResource(mixinsquared)]
[04Apr2026 15:24:09.552] [main/DEBUG] [mixin/]: Registering mixin config: mixinsquared.init.mixins.json
[04Apr2026 15:24:09.562] [main/DEBUG] [mixin/]: Adding mixin platform agents for container SecureJarResource(MixinExtras)
[04Apr2026 15:24:09.562] [main/DEBUG] [mixin/]: Instancing new MixinPlatformAgentMinecraftForge for SecureJarResource(MixinExtras)
[04Apr2026 15:24:09.562] [main/DEBUG] [mixin/]: MixinPlatformAgentMinecraftForge rejected container SecureJarResource(MixinExtras)
[04Apr2026 15:24:09.562] [main/DEBUG] [mixin/]: Instancing new MixinPlatformAgentDefault for SecureJarResource(MixinExtras)
[04Apr2026 15:24:09.562] [main/DEBUG] [mixin/]: MixinPlatformAgentDefault accepted container SecureJarResource(MixinExtras)
[04Apr2026 15:24:09.563] [main/DEBUG] [mixin/]: Processing prepare() for PlatformAgent[MixinPlatformAgentDefault:SecureJarResource(MixinExtras)]
[04Apr2026 15:24:09.563] [main/DEBUG] [mixin/]: inject() running with 296 agents
[04Apr2026 15:24:09.563] [main/DEBUG] [mixin/]: Processing inject() for PlatformAgent[MixinPlatformAgentDefault:ModLauncher Root Container(ModLauncher:4f56a0a2)]
[04Apr2026 15:24:09.563] [main/DEBUG] [mixin/]: Processing inject() for PlatformAgent[MixinPlatformAgentDefault:SecureJarResource(saturn)]
[04Apr2026 15:24:09.563] [main/DEBUG] [mixin/]: Processing inject() for PlatformAgent[MixinPlatformAgentDefault:SecureJarResource(kubejs)]
[04Apr2026 15:24:09.563] [main/DEBUG] [mixin/]: Processing inject() for PlatformAgent[MixinPlatformAgentDefault:SecureJarResource(betterdungeons)]
[04Apr2026 15:24:09.564] [main/DEBUG] [mixin/]: Processing inject() for PlatformAgent[MixinPlatformAgentDefault:SecureJarResource(alexsmobs)]
[04Apr2026 15:24:09.564] [main/DEBUG] [mixin/]: Processing inject() for PlatformAgent[MixinPlatformAgentDefault:SecureJarResource(additionalentityattributes)]
[04Apr2026 15:24:09.564] [main/DEBUG] [mixin/]: Processing inject() for PlatformAgent[MixinPlatformAgentDefault:SecureJarResource(oriacs)]
[04Apr2026 15:24:09.564] [main/DEBUG] [mixin/]: Processing inject() for PlatformAgent[MixinPlatformAgentDefault:SecureJarResource(playeranimator)]
[04Apr2026 15:24:09.564] [main/DEBUG] [mixin/]: Processing inject() for PlatformAgent[MixinPlatformAgentDefault:SecureJarResource(majruszsdifficulty)]
[04Apr2026 15:24:09.564] [main/DEBUG] [mixin/]: Processing inject() for PlatformAgent[MixinPlatformAgentDefault:SecureJarResource(entitycollisionfpsfix)]
[04Apr2026 15:24:09.564] [main/DEBUG] [mixin/]: Processing inject() for PlatformAgent[MixinPlatformAgentDefault:SecureJarResource(nerb)]
[04Apr2026 15:24:09.565] [main/DEBUG] [mixin/]: Processing inject() for PlatformAgent[MixinPlatformAgentDefault:SecureJarResource(apoli)]
[04Apr2026 15:24:09.565] [main/DEBUG] [mixin/]: Processing inject() for PlatformAgent[MixinPlatformAgentDefault:SecureJarResource(stalwart_dungeons)]
[04Apr2026 15:24:09.565] [main/DEBUG] [mixin/]: Processing inject() for PlatformAgent[MixinPlatformAgentDefault:SecureJarResource(rubidium)]
[04Apr2026 15:24:09.565] [main/DEBUG] [mixin/]: Processing inject() for PlatformAgent[MixinPlatformAgentDefault:SecureJarResource(doapi)]
[04Apr2026 15:24:09.565] [main/DEBUG] [mixin/]: Processing inject() for PlatformAgent[MixinPlatformAgentDefault:SecureJarResource(modernfix)]
[04Apr2026 15:24:09.565] [main/DEBUG] [mixin/]: Processing inject() for PlatformAgent[MixinPlatformAgentDefault:SecureJarResource(armordamagelimit)]
[04Apr2026 15:24:09.566] [main/DEBUG] [mixin/]: Processing inject() for PlatformAgent[MixinPlatformAgentDefault:SecureJarResource(gateways)]
[04Apr2026 15:24:09.566] [main/DEBUG] [mixin/]: Processing inject() for PlatformAgent[MixinPlatformAgentDefault:SecureJarResource(yungsapi)]
[04Apr2026 15:24:09.566] [main/DEBUG] [mixin/]: Processing inject() for PlatformAgent[MixinPlatformAgentDefault:SecureJarResource(maxhealthfix)]
[04Apr2026 15:24:09.566] [main/DEBUG] [mixin/]: Processing inject() for PlatformAgent[MixinPlatformAgentDefault:SecureJarResource(upgradednetherite_items)]
[04Apr2026 15:24:09.566] [main/DEBUG] [mixin/]: Processing inject() for PlatformAgent[MixinPlatformAgentDefault:SecureJarResource(vinery)]
[04Apr2026 15:24:09.566] [main/DEBUG] [mixin/]: Processing inject() for PlatformAgent[MixinPlatformAgentDefault:SecureJarResource(apotheosis)]
[04Apr2026 15:24:09.566] [main/DEBUG] [mixin/]: Processing inject() for PlatformAgent[MixinPlatformAgentDefault:SecureJarResource(savage_and_ravage)]
[04Apr2026 15:24:09.567] [main/DEBUG] [mixin/]: Processing inject() for PlatformAgent[MixinPlatformAgentDefault:SecureJarResource(clayworks)]
[04Apr2026 15:24:09.567] [main/DEBUG] [mixin/]: Processing inject() for PlatformAgent[MixinPlatformAgentDefault:SecureJarResource(balm)]
[04Apr2026 15:24:09.567] [main/DEBUG] [mixin/]: Processing inject() for PlatformAgent[MixinPlatformAgentDefault:SecureJarResource(immersive_armors)]
[04Apr2026 15:24:09.567] [main/DEBUG] [mixin/]: Processing inject() for PlatformAgent[MixinPlatformAgentDefault:SecureJarResource(jeresources)]
[04Apr2026 15:24:09.567] [main/DEBUG] [mixin/]: Processing inject() for PlatformAgent[MixinPlatformAgentDefault:SecureJarResource(cloth_config)]
[04Apr2026 15:24:09.567] [main/DEBUG] [mixin/]: Processing inject() for PlatformAgent[MixinPlatformAgentDefault:SecureJarResource(betterfortresses)]
[04Apr2026 15:24:09.567] [main/DEBUG] [mixin/]: Processing inject() for PlatformAgent[MixinPlatformAgentDefault:SecureJarResource(ctov)]
[04Apr2026 15:24:09.567] [main/DEBUG] [mixin/]: Processing inject() for PlatformAgent[MixinPlatformAgentDefault:SecureJarResource(autoleveling)]
[04Apr2026 15:24:09.568] [main/DEBUG] [mixin/]: Processing inject() for PlatformAgent[MixinPlatformAgentDefault:SecureJarResource(leavesbegone)]
[04Apr2026 15:24:09.568] [main/DEBUG] [mixin/]: Processing inject() for PlatformAgent[MixinPlatformAgentDefault:SecureJarResource(iter_rpg)]
[04Apr2026 15:24:09.568] [main/DEBUG] [mixin/]: Processing inject() for PlatformAgent[MixinPlatformAgentDefault:SecureJarResource(supplementaries)]
[04Apr2026 15:24:09.568] [main/DEBUG] [mixin/]: Processing inject() for PlatformAgent[MixinPlatformAgentDefault:SecureJarResource(stylecolonies)]
[04Apr2026 15:24:09.568] [main/DEBUG] [mixin/]: Processing inject() for PlatformAgent[MixinPlatformAgentDefault:SecureJarResource(upgradednetherite)]
[04Apr2026 15:24:09.568] [main/DEBUG] [mixin/]: Processing inject() for PlatformAgent[MixinPlatformAgentDefault:SecureJarResource(advancementplaques)]
[04Apr2026 15:24:09.568] [main/DEBUG] [mixin/]: Processing inject() for PlatformAgent[MixinPlatformAgentDefault:SecureJarResource(corpse)]
[04Apr2026 15:24:09.569] [main/DEBUG] [mixin/]: Processing inject() for PlatformAgent[MixinPlatformAgentDefault:SecureJarResource(solapplepie)]
[04Apr2026 15:24:09.569] [main/DEBUG] [mixin/]: Processing inject() for PlatformAgent[MixinPlatformAgentDefault:SecureJarResource(structure_gel)]
[04Apr2026 15:24:09.569] [main/DEBUG] [mixin/]: Processing inject() for PlatformAgent[MixinPlatformAgentDefault:SecureJarResource(ftbxmodcompat)]
[04Apr2026 15:24:09.569] [main/DEBUG] [mixin/]: Processing inject() for PlatformAgent[MixinPlatformAgentDefault:SecureJarResource(combatroll)]
[04Apr2026 15:24:09.569] [main/DEBUG] [mixin/]: Processing inject() for PlatformAgent[MixinPlatformAgentDefault:SecureJarResource(morevillagers)]
[04Apr2026 15:24:09.569] [main/DEBUG] [mixin/]: Processing inject() for PlatformAgent[MixinPlatformAgentDefault:SecureJarResource(repurposed_structures)]
[04Apr2026 15:24:09.569] [main/DEBUG] [mixin/]: Processing inject() for PlatformAgent[MixinPlatformAgentDefault:SecureJarResource(explorify)]
[04Apr2026 15:24:09.570] [main/DEBUG] [mixin/]: Processing inject() for PlatformAgent[MixinPlatformAgentDefault:SecureJarResource(ironfurnaces)]
[04Apr2026 15:24:09.570] [main/DEBUG] [mixin/]: Processing inject() for PlatformAgent[MixinPlatformAgentDefault:SecureJarResource(dungeons_plus)]
[04Apr2026 15:24:09.570] [main/DEBUG] [mixin/]: Processing inject() for PlatformAgent[MixinPlatformAgentDefault:SecureJarResource(unusualend)]
[04Apr2026 15:24:09.570] [main/DEBUG] [mixin/]: Processing inject() for PlatformAgent[MixinPlatformAgentDefault:SecureJarResource(darkerdepths)]
[04Apr2026 15:24:09.570] [main/DEBUG] [mixin/]: Processing inject() for PlatformAgent[MixinPlatformAgentDefault:SecureJarResource(servercore)]
[04Apr2026 15:24:09.570] [main/DEBUG] [mixin/]: Processing inject() for PlatformAgent[MixinPlatformAgentDefault:SecureJarResource(highlighter)]
[04Apr2026 15:24:09.570] [main/DEBUG] [mixin/]: Processing inject() for PlatformAgent[MixinPlatformAgentDefault:SecureJarResource(reeses_sodium_options)]
[04Apr2026 15:24:09.571] [main/DEBUG] [mixin/]: Processing inject() for PlatformAgent[MixinPlatformAgentDefault:SecureJarResource(mcsa)]
[04Apr2026 15:24:09.571] [main/DEBUG] [mixin/]: Processing inject() for PlatformAgent[MixinPlatformAgentDefault:SecureJarResource(curios)]
[04Apr2026 15:24:09.571] [main/DEBUG] [mixin/]: Processing inject() for PlatformAgent[MixinPlatformAgentDefault:SecureJarResource(origins)]
[04Apr2026 15:24:09.571] [main/DEBUG] [mixin/]: Processing inject() for PlatformAgent[MixinPlatformAgentDefault:SecureJarResource(gamestages)]
[04Apr2026 15:24:09.571] [main/DEBUG] [mixin/]: Processing inject() for PlatformAgent[MixinPlatformAgentDefault:SecureJarResource(rightclickharvest)]
[04Apr2026 15:24:09.571] [main/DEBUG] [mixin/]: Processing inject() for PlatformAgent[MixinPlatformAgentDefault:SecureJarResource(noisium)]
[04Apr2026 15:24:09.571] [main/DEBUG] [mixin/]: Processing inject() for PlatformAgent[MixinPlatformAgentDefault:SecureJarResource(dragonenchants)]
[04Apr2026 15:24:09.571] [main/DEBUG] [mixin/]: Processing inject() for PlatformAgent[MixinPlatformAgentDefault:SecureJarResource(cumulus_menus)]
[04Apr2026 15:24:09.572] [main/DEBUG] [mixin/]: Processing inject() for PlatformAgent[MixinPlatformAgentDefault:SecureJarResource(constructionwand)]
[04Apr2026 15:24:09.572] [main/DEBUG] [mixin/]: Processing inject() for PlatformAgent[MixinPlatformAgentDefault:SecureJarResource(pluto)]
[04Apr2026 15:24:09.572] [main/DEBUG] [mixin/]: Processing inject() for PlatformAgent[MixinPlatformAgentDefault:SecureJarResource(apothiccurios)]
[04Apr2026 15:24:09.572] [main/DEBUG] [mixin/]: Processing inject() for PlatformAgent[MixinPlatformAgentDefault:SecureJarResource(betterwithminecolonies)]
[04Apr2026 15:24:09.572] [main/DEBUG] [mixin/]: Processing inject() for PlatformAgent[MixinPlatformAgentDefault:SecureJarResource(betterendisland)]
[04Apr2026 15:24:09.572] [main/DEBUG] [mixin/]: Processing inject() for PlatformAgent[MixinPlatformAgentDefault:SecureJarResource(nitrogen_internals)]
[04Apr2026 15:24:09.572] [main/DEBUG] [mixin/]: Processing inject() for PlatformAgent[MixinPlatformAgentDefault:SecureJarResource(celestisynth)]
[04Apr2026 15:24:09.573] [main/DEBUG] [mixin/]: Processing inject() for PlatformAgent[MixinPlatformAgentDefault:SecureJarResource(deep_aether)]
[04Apr2026 15:24:09.573] [main/DEBUG] [mixin/]: Processing inject() for PlatformAgent[MixinPlatformAgentDefault:SecureJarResource(toms_storage)]
[04Apr2026 15:24:09.573] [main/DEBUG] [mixin/]: Processing inject() for PlatformAgent[MixinPlatformAgentDefault:SecureJarResource(bettermineshafts)]
[04Apr2026 15:24:09.573] [main/DEBUG] [mixin/]: Processing inject() for PlatformAgent[MixinPlatformAgentDefault:SecureJarResource(geckolib3)]
[04Apr2026 15:24:09.573] [main/DEBUG] [mixin/]: Processing inject() for PlatformAgent[MixinPlatformAgentDefault:SecureJarResource(majruszlibrary)]
[04Apr2026 15:24:09.573] [main/DEBUG] [mixin/]: Processing inject() for PlatformAgent[MixinPlatformAgentDefault:SecureJarResource(betterjungletemples)]
[04Apr2026 15:24:09.573] [main/DEBUG] [mixin/]: Processing inject() for PlatformAgent[MixinPlatformAgentDefault:SecureJarResource(elytraslot)]
[04Apr2026 15:24:09.574] [main/DEBUG] [mixin/]: Processing inject() for PlatformAgent[MixinPlatformAgentDefault:SecureJarResource(mowziesmobs)]
[04Apr2026 15:24:09.574] [main/DEBUG] [mixin/]: Processing inject() for PlatformAgent[MixinPlatformAgentDefault:SecureJarResource(humancompanions)]
[04Apr2026 15:24:09.574] [main/DEBUG] [mixin/]: Processing inject() for PlatformAgent[MixinPlatformAgentDefault:SecureJarResource(ftblibrary)]
[04Apr2026 15:24:09.574] [main/DEBUG] [mixin/]: Processing inject() for PlatformAgent[MixinPlatformAgentDefault:SecureJarResource(mutantmonsters)]
[04Apr2026 15:24:09.574] [main/DEBUG] [mixin/]: Processing inject() for PlatformAgent[MixinPlatformAgentDefault:SecureJarResource(jei)]
[04Apr2026 15:24:09.574] [main/DEBUG] [mixin/]: Processing inject() for PlatformAgent[MixinPlatformAgentDefault:SecureJarResource(multipiston)]
[04Apr2026 15:24:09.574] [main/DEBUG] [mixin/]: Processing inject() for PlatformAgent[MixinPlatformAgentDefault:SecureJarResource(attributefix)]
[04Apr2026 15:24:09.575] [main/DEBUG] [mixin/]: Processing inject() for PlatformAgent[MixinPlatformAgentDefault:SecureJarResource(pehkui)]
[04Apr2026 15:24:09.575] [main/DEBUG] [mixin/]: Processing inject() for PlatformAgent[MixinPlatformAgentDefault:SecureJarResource(goblintraders)]
[04Apr2026 15:24:09.575] [main/DEBUG] [mixin/]: Processing inject() for PlatformAgent[MixinPlatformAgentDefault:SecureJarResource(libraryferret)]
[04Apr2026 15:24:09.575] [main/DEBUG] [mixin/]: Processing inject() for PlatformAgent[MixinPlatformAgentDefault:SecureJarResource(caelus)]
[04Apr2026 15:24:09.575] [main/DEBUG] [mixin/]: Processing inject() for PlatformAgent[MixinPlatformAgentDefault:SecureJarResource(paxi)]
[04Apr2026 15:24:09.575] [main/DEBUG] [mixin/]: Processing inject() for PlatformAgent[MixinPlatformAgentDefault:SecureJarResource(ringsofascension)]
[04Apr2026 15:24:09.575] [main/DEBUG] [mixin/]: Processing inject() for PlatformAgent[MixinPlatformAgentDefault:SecureJarResource(apotheotic_additions)]
[04Apr2026 15:24:09.576] [main/DEBUG] [mixin/]: Processing inject() for PlatformAgent[MixinPlatformAgentDefault:SecureJarResource(fastasyncworldsave)]
[04Apr2026 15:24:09.576] [main/DEBUG] [mixin/]: Processing inject() for PlatformAgent[MixinPlatformAgentDefault:SecureJarResource(naturescompass)]
[04Apr2026 15:24:09.576] [main/DEBUG] [mixin/]: Processing inject() for PlatformAgent[MixinPlatformAgentDefault:SecureJarResource(craterlib)]
[04Apr2026 15:24:09.576] [main/DEBUG] [mixin/]: Processing inject() for PlatformAgent[MixinPlatformAgentDefault:SecureJarResource(starlight)]
[04Apr2026 15:24:09.576] [main/DEBUG] [mixin/]: Processing inject() for PlatformAgent[MixinPlatformAgentDefault:SecureJarResource(corpsecurioscompat)]
[04Apr2026 15:24:09.576] [main/DEBUG] [mixin/]: Processing inject() for PlatformAgent[MixinPlatformAgentDefault:SecureJarResource(medieval_paintings)]
[04Apr2026 15:24:09.576] [main/DEBUG] [mixin/]: Processing inject() for PlatformAgent[MixinPlatformAgentDefault:SecureJarResource(ars_nouveau)]
[04Apr2026 15:24:09.577] [main/DEBUG] [mixin/]: Processing inject() for PlatformAgent[MixinPlatformAgentDefault:SecureJarResource(crafttweaker)]
[04Apr2026 15:24:09.577] [main/DEBUG] [mixin/]: Processing inject() for PlatformAgent[MixinPlatformAgentDefault:SecureJarResource(memoryleakfix)]
[04Apr2026 15:24:09.577] [main/DEBUG] [mixin/]: Processing inject() for PlatformAgent[MixinPlatformAgentDefault:SecureJarResource(dungeons_arise_seven_seas)]
[04Apr2026 15:24:09.577] [main/DEBUG] [mixin/]: Processing inject() for PlatformAgent[MixinPlatformAgentDefault:SecureJarResource(rubidium_extras)]
[04Apr2026 15:24:09.577] [main/DEBUG] [mixin/]: Processing inject() for PlatformAgent[MixinPlatformAgentDefault:SecureJarResource(forge)]
[04Apr2026 15:24:09.577] [main/DEBUG] [mixin/]: Processing inject() for PlatformAgent[MixinPlatformAgentDefault:SecureJarResource(infernalmobs)]
[04Apr2026 15:24:09.578] [main/DEBUG] [mixin/]: Processing inject() for PlatformAgent[MixinPlatformAgentDefault:SecureJarResource(ironchest)]
[04Apr2026 15:24:09.578] [main/DEBUG] [mixin/]: Processing inject() for PlatformAgent[MixinPlatformAgentDefault:SecureJarResource(dungeons_arise)]
[04Apr2026 15:24:09.578] [main/DEBUG] [mixin/]: Processing inject() for PlatformAgent[MixinPlatformAgentDefault:SecureJarResource(sons_of_sins)]
[04Apr2026 15:24:09.578] [main/DEBUG] [mixin/]: Processing inject() for PlatformAgent[MixinPlatformAgentDefault:SecureJarResource(minecraft)]
[04Apr2026 15:24:09.578] [main/DEBUG] [mixin/]: Processing inject() for PlatformAgent[MixinPlatformAgentDefault:SecureJarResource(terrablender)]
[04Apr2026 15:24:09.578] [main/DEBUG] [mixin/]: Processing inject() for PlatformAgent[MixinPlatformAgentDefault:SecureJarResource(bettercombat)]
[04Apr2026 15:24:09.578] [main/DEBUG] [mixin/]: Processing inject() for PlatformAgent[MixinPlatformAgentDefault:SecureJarResource(mousetweaks)]
[04Apr2026 15:24:09.579] [main/DEBUG] [mixin/]: Processing inject() for PlatformAgent[MixinPlatformAgentDefault:SecureJarResource(commonality)]
[04Apr2026 15:24:09.579] [main/DEBUG] [mixin/]: Processing inject() for PlatformAgent[MixinPlatformAgentDefault:SecureJarResource(awesomedungeonnether)]
[04Apr2026 15:24:09.579] [main/DEBUG] [mixin/]: Processing inject() for PlatformAgent[MixinPlatformAgentDefault:SecureJarResource(ftbquests)]
[04Apr2026 15:24:09.579] [main/DEBUG] [mixin/]: Processing inject() for PlatformAgent[MixinPlatformAgentDefault:SecureJarResource(necronomicon)]
[04Apr2026 15:24:09.579] [main/DEBUG] [mixin/]: Processing inject() for PlatformAgent[MixinPlatformAgentDefault:SecureJarResource(knightquest)]
[04Apr2026 15:24:09.579] [main/DEBUG] [mixin/]: Processing inject() for PlatformAgent[MixinPlatformAgentDefault:SecureJarResource(itemproductionlib)]
[04Apr2026 15:24:09.579] [main/DEBUG] [mixin/]: Processing inject() for PlatformAgent[MixinPlatformAgentDefault:SecureJarResource(spectrelib)]
[04Apr2026 15:24:09.579] [main/DEBUG] [mixin/]: Processing inject() for PlatformAgent[MixinPlatformAgentDefault:SecureJarResource(corgilib)]
[04Apr2026 15:24:09.580] [main/DEBUG] [mixin/]: Processing inject() for PlatformAgent[MixinPlatformAgentDefault:SecureJarResource(fastpaintings)]
[04Apr2026 15:24:09.580] [main/DEBUG] [mixin/]: Processing inject() for PlatformAgent[MixinPlatformAgentDefault:SecureJarResource(aeroblender)]
[04Apr2026 15:24:09.580] [main/DEBUG] [mixin/]: Processing inject() for PlatformAgent[MixinPlatformAgentDefault:SecureJarResource(domum_ornamentum)]
[04Apr2026 15:24:09.580] [main/DEBUG] [mixin/]: Processing inject() for PlatformAgent[MixinPlatformAgentDefault:SecureJarResource(calio)]
[04Apr2026 15:24:09.580] [main/DEBUG] [mixin/]: Processing inject() for PlatformAgent[MixinPlatformAgentDefault:SecureJarResource(betterfpsdist)]
[04Apr2026 15:24:09.580] [main/DEBUG] [mixin/]: Processing inject() for PlatformAgent[MixinPlatformAgentDefault:SecureJarResource(brewinandchewin)]
[04Apr2026 15:24:09.580] [main/DEBUG] [mixin/]: Processing inject() for PlatformAgent[MixinPlatformAgentDefault:SecureJarResource(farmersrespite)]
[04Apr2026 15:24:09.580] [main/DEBUG] [mixin/]: Processing inject() for PlatformAgent[MixinPlatformAgentDefault:SecureJarResource(whisperwoods)]
[04Apr2026 15:24:09.581] [main/DEBUG] [mixin/]: Processing inject() for PlatformAgent[MixinPlatformAgentDefault:SecureJarResource(ecologics)]
[04Apr2026 15:24:09.581] [main/DEBUG] [mixin/]: Processing inject() for PlatformAgent[MixinPlatformAgentDefault:SecureJarResource(xaerominimap)]
[04Apr2026 15:24:09.581] [main/DEBUG] [mixin/]: Processing inject() for PlatformAgent[MixinPlatformAgentDefault:SecureJarResource(shadowizardlib)]
[04Apr2026 15:24:09.581] [main/DEBUG] [mixin/]: Processing inject() for PlatformAgent[MixinPlatformAgentDefault:SecureJarResource(bocchium)]
[04Apr2026 15:24:09.581] [main/DEBUG] [mixin/]: Processing inject() for PlatformAgent[MixinPlatformAgentDefault:SecureJarResource(autoreglib)]
[04Apr2026 15:24:09.581] [main/DEBUG] [mixin/]: Processing inject() for PlatformAgent[MixinPlatformAgentDefault:SecureJarResource(polymorph)]
[04Apr2026 15:24:09.582] [main/DEBUG] [mixin/]: Processing inject() for PlatformAgent[MixinPlatformAgentDefault:SecureJarResource(entityculling)]
[04Apr2026 15:24:09.582] [main/DEBUG] [mixin/]: Processing inject() for PlatformAgent[MixinPlatformAgentDefault:SecureJarResource(canary)]
[04Apr2026 15:24:09.582] [main/DEBUG] [mixin/]: Processing inject() for PlatformAgent[MixinPlatformAgentDefault:SecureJarResource(strictly_origins)]
[04Apr2026 15:24:09.582] [main/DEBUG] [mixin/]: Processing inject() for PlatformAgent[MixinPlatformAgentDefault:SecureJarResource(structurize)]
[04Apr2026 15:24:09.582] [main/DEBUG] [mixin/]: Processing inject() for PlatformAgent[MixinPlatformAgentDefault:SecureJarResource(immediatelyfast)]
[04Apr2026 15:24:09.582] [main/DEBUG] [mixin/]: Processing inject() for PlatformAgent[MixinPlatformAgentDefault:SecureJarResource(tlc)]
[04Apr2026 15:24:09.582] [main/DEBUG] [mixin/]: Processing inject() for PlatformAgent[MixinPlatformAgentDefault:SecureJarResource(appleskin)]
[04Apr2026 15:24:09.583] [main/DEBUG] [mixin/]: Processing inject() for PlatformAgent[MixinPlatformAgentDefault:SecureJarResource(lootr)]
[04Apr2026 15:24:09.583] [main/DEBUG] [mixin/]: Processing inject() for PlatformAgent[MixinPlatformAgentDefault:SecureJarResource(biomemusic)]
[04Apr2026 15:24:09.583] [main/DEBUG] [mixin/]: Processing inject() for PlatformAgent[MixinPlatformAgentDefault:SecureJarResource(upgradednetherite_ultimate)]
[04Apr2026 15:24:09.583] [main/DEBUG] [mixin/]: Processing inject() for PlatformAgent[MixinPlatformAgentDefault:SecureJarResource(puzzleslib)]
[04Apr2026 15:24:09.583] [main/DEBUG] [mixin/]: Processing inject() for PlatformAgent[MixinPlatformAgentDefault:SecureJarResource(aquaculture)]
[04Apr2026 15:24:09.583] [main/DEBUG] [mixin/]: Processing inject() for PlatformAgent[MixinPlatformAgentDefault:SecureJarResource(byg)]
[04Apr2026 15:24:09.583] [main/DEBUG] [mixin/]: Processing inject() for PlatformAgent[MixinPlatformAgentDefault:SecureJarResource(delightful)]
[04Apr2026 15:24:09.583] [main/DEBUG] [mixin/]: Processing inject() for PlatformAgent[MixinPlatformAgentDefault:SecureJarResource(chunksending)]
[04Apr2026 15:24:09.584] [main/DEBUG] [mixin/]: Processing inject() for PlatformAgent[MixinPlatformAgentDefault:SecureJarResource(phantasm)]
[04Apr2026 15:24:09.584] [main/DEBUG] [mixin/]: Processing inject() for PlatformAgent[MixinPlatformAgentDefault:SecureJarResource(aquamirae)]
[04Apr2026 15:24:09.584] [main/DEBUG] [mixin/]: Processing inject() for PlatformAgent[MixinPlatformAgentDefault:SecureJarResource(defaultoptions)]
[04Apr2026 15:24:09.584] [main/DEBUG] [mixin/]: Processing inject() for PlatformAgent[MixinPlatformAgentDefault:SecureJarResource(xpbook)]
[04Apr2026 15:24:09.584] [main/DEBUG] [mixin/]: Processing inject() for PlatformAgent[MixinPlatformAgentDefault:SecureJarResource(totw_modded)]
[04Apr2026 15:24:09.584] [main/DEBUG] [mixin/]: Processing inject() for PlatformAgent[MixinPlatformAgentDefault:SecureJarResource(skyvillages)]
[04Apr2026 15:24:09.584] [main/DEBUG] [mixin/]: Processing inject() for PlatformAgent[MixinPlatformAgentDefault:SecureJarResource(blue_skies)]
[04Apr2026 15:24:09.584] [main/DEBUG] [mixin/]: Processing inject() for PlatformAgent[MixinPlatformAgentDefault:SecureJarResource(transmog)]
[04Apr2026 15:24:09.584] [main/DEBUG] [mixin/]: Processing inject() for PlatformAgent[MixinPlatformAgentDefault:SecureJarResource(ars_additions)]
[04Apr2026 15:24:09.585] [main/DEBUG] [mixin/]: Processing inject() for PlatformAgent[MixinPlatformAgentDefault:SecureJarResource(recipeessentials)]
[04Apr2026 15:24:09.585] [main/DEBUG] [mixin/]: Processing inject() for PlatformAgent[MixinPlatformAgentDefault:SecureJarResource(aether)]
[04Apr2026 15:24:09.585] [main/DEBUG] [mixin/]: Processing inject() for PlatformAgent[MixinPlatformAgentDefault:SecureJarResource(galosphere)]
[04Apr2026 15:24:09.585] [main/DEBUG] [mixin/]: Processing inject() for PlatformAgent[MixinPlatformAgentDefault:SecureJarResource(towntalk)]
[04Apr2026 15:24:09.585] [main/DEBUG] [mixin/]: Processing inject() for PlatformAgent[MixinPlatformAgentDefault:SecureJarResource(betteroceanmonuments)]
[04Apr2026 15:24:09.585] [main/DEBUG] [mixin/]: Processing inject() for PlatformAgent[MixinPlatformAgentDefault:SecureJarResource(connectivity)]
[04Apr2026 15:24:09.585] [main/DEBUG] [mixin/]: Processing inject() for PlatformAgent[MixinPlatformAgentDefault:SecureJarResource(incendium)]
[04Apr2026 15:24:09.585] [main/DEBUG] [mixin/]: Processing inject() for PlatformAgent[MixinPlatformAgentDefault:SecureJarResource(gpumemleakfix)]
[04Apr2026 15:24:09.586] [main/DEBUG] [mixin/]: Processing inject() for PlatformAgent[MixinPlatformAgentDefault:SecureJarResource(sophisticatedcore)]
[04Apr2026 15:24:09.586] [main/DEBUG] [mixin/]: Processing inject() for PlatformAgent[MixinPlatformAgentDefault:SecureJarResource(insanelib)]
[04Apr2026 15:24:09.586] [main/DEBUG] [mixin/]: Processing inject() for PlatformAgent[MixinPlatformAgentDefault:SecureJarResource(structureessentials)]
[04Apr2026 15:24:09.586] [main/DEBUG] [mixin/]: Processing inject() for PlatformAgent[MixinPlatformAgentDefault:SecureJarResource(controlling)]
[04Apr2026 15:24:09.586] [main/DEBUG] [mixin/]: Processing inject() for PlatformAgent[MixinPlatformAgentDefault:SecureJarResource(xaeroworldmap)]
[04Apr2026 15:24:09.586] [main/DEBUG] [mixin/]: Processing inject() for PlatformAgent[MixinPlatformAgentDefault:SecureJarResource(citadel)]
[04Apr2026 15:24:09.587] [main/DEBUG] [mixin/]: Processing inject() for PlatformAgent[MixinPlatformAgentDefault:SecureJarResource(placebo)]
[04Apr2026 15:24:09.587] [main/DEBUG] [mixin/]: Processing inject() for PlatformAgent[MixinPlatformAgentDefault:SecureJarResource(prism)]
[04Apr2026 15:24:09.587] [main/DEBUG] [mixin/]: Processing inject() for PlatformAgent[MixinPlatformAgentDefault:SecureJarResource(lootintegrations)]
[04Apr2026 15:24:09.587] [main/DEBUG] [mixin/]: Processing inject() for PlatformAgent[MixinPlatformAgentDefault:SecureJarResource(item_obliterator)]
[04Apr2026 15:24:09.587] [main/DEBUG] [mixin/]: Processing inject() for PlatformAgent[MixinPlatformAgentDefault:SecureJarResource(bakery)]
[04Apr2026 15:24:09.587] [main/DEBUG] [mixin/]: Processing inject() for PlatformAgent[MixinPlatformAgentDefault:SecureJarResource(bookshelf)]
[04Apr2026 15:24:09.587] [main/DEBUG] [mixin/]: Processing inject() for PlatformAgent[MixinPlatformAgentDefault:SecureJarResource(sophisticatedbackpacks)]
[04Apr2026 15:24:09.588] [main/DEBUG] [mixin/]: Processing inject() for PlatformAgent[MixinPlatformAgentDefault:SecureJarResource(royalvariations)]
[04Apr2026 15:24:09.588] [main/DEBUG] [mixin/]: Processing inject() for PlatformAgent[MixinPlatformAgentDefault:SecureJarResource(twigs)]
[04Apr2026 15:24:09.588] [main/DEBUG] [mixin/]: Processing inject() for PlatformAgent[MixinPlatformAgentDefault:SecureJarResource(relics)]
[04Apr2026 15:24:09.588] [main/DEBUG] [mixin/]: Processing inject() for PlatformAgent[MixinPlatformAgentDefault:SecureJarResource(progressivebosses)]
[04Apr2026 15:24:09.588] [main/DEBUG] [mixin/]: Processing inject() for PlatformAgent[MixinPlatformAgentDefault:SecureJarResource(takesapillage)]
[04Apr2026 15:24:09.588] [main/DEBUG] [mixin/]: Processing inject() for PlatformAgent[MixinPlatformAgentDefault:SecureJarResource(bygonenether)]
[04Apr2026 15:24:09.589] [main/DEBUG] [mixin/]: Processing inject() for PlatformAgent[MixinPlatformAgentDefault:SecureJarResource(carryon)]
[04Apr2026 15:24:09.589] [main/DEBUG] [mixin/]: Processing inject() for PlatformAgent[MixinPlatformAgentDefault:SecureJarResource(melody)]
[04Apr2026 15:24:09.589] [main/DEBUG] [mixin/]: Processing inject() for PlatformAgent[MixinPlatformAgentDefault:SecureJarResource(ftbteams)]
[04Apr2026 15:24:09.589] [main/DEBUG] [mixin/]: Processing inject() for PlatformAgent[MixinPlatformAgentDefault:SecureJarResource(dragonmounts)]
[04Apr2026 15:24:09.589] [main/DEBUG] [mixin/]: Processing inject() for PlatformAgent[MixinPlatformAgentDefault:SecureJarResource(dummmmmmy)]
[04Apr2026 15:24:09.589] [main/DEBUG] [mixin/]: Processing inject() for PlatformAgent[MixinPlatformAgentDefault:SecureJarResource(twilightforest)]
[04Apr2026 15:24:09.589] [main/DEBUG] [mixin/]: Processing inject() for PlatformAgent[MixinPlatformAgentDefault:SecureJarResource(konkrete)]
[04Apr2026 15:24:09.590] [main/DEBUG] [mixin/]: Processing inject() for PlatformAgent[MixinPlatformAgentDefault:SecureJarResource(enemyexpansion)]
[04Apr2026 15:24:09.590] [main/DEBUG] [mixin/]: Processing inject() for PlatformAgent[MixinPlatformAgentDefault:SecureJarResource(collectionofsingiro)]
[04Apr2026 15:24:09.590] [main/DEBUG] [mixin/]: Processing inject() for PlatformAgent[MixinPlatformAgentDefault:SecureJarResource(farmersdelight)]
[04Apr2026 15:24:09.590] [main/DEBUG] [mixin/]: Processing inject() for PlatformAgent[MixinPlatformAgentDefault:SecureJarResource(getittogetherdrops)]
[04Apr2026 15:24:09.590] [main/DEBUG] [mixin/]: Processing inject() for PlatformAgent[MixinPlatformAgentDefault:SecureJarResource(endrem)]
[04Apr2026 15:24:09.590] [main/DEBUG] [mixin/]: Processing inject() for PlatformAgent[MixinPlatformAgentDefault:SecureJarResource(longnbtkiller)]
[04Apr2026 15:24:09.590] [main/DEBUG] [mixin/]: Processing inject() for PlatformAgent[MixinPlatformAgentDefault:SecureJarResource(dungeons_enhanced)]
[04Apr2026 15:24:09.591] [main/DEBUG] [mixin/]: Processing inject() for PlatformAgent[MixinPlatformAgentDefault:SecureJarResource(lionfishapi)]
[04Apr2026 15:24:09.591] [main/DEBUG] [mixin/]: Processing inject() for PlatformAgent[MixinPlatformAgentDefault:SecureJarResource(cataclysm)]
[04Apr2026 15:24:09.591] [main/DEBUG] [mixin/]: Processing inject() for PlatformAgent[MixinPlatformAgentDefault:SecureJarResource(memorysettings)]
[04Apr2026 15:24:09.591] [main/DEBUG] [mixin/]: Processing inject() for PlatformAgent[MixinPlatformAgentDefault:SecureJarResource(blockui)]
[04Apr2026 15:24:09.591] [main/DEBUG] [mixin/]: Processing inject() for PlatformAgent[MixinPlatformAgentDefault:SecureJarResource(patchouli)]
[04Apr2026 15:24:09.591] [main/DEBUG] [mixin/]: Processing inject() for PlatformAgent[MixinPlatformAgentDefault:SecureJarResource(origins_classes)]
[04Apr2026 15:24:09.591] [main/DEBUG] [mixin/]: Processing inject() for PlatformAgent[MixinPlatformAgentDefault:SecureJarResource(dramaticdoors)]
[04Apr2026 15:24:09.592] [main/DEBUG] [mixin/]: Processing inject() for PlatformAgent[MixinPlatformAgentDefault:SecureJarResource(woodworks)]
[04Apr2026 15:24:09.592] [main/DEBUG] [mixin/]: Processing inject() for PlatformAgent[MixinPlatformAgentDefault:SecureJarResource(betterthirdperson)]
[04Apr2026 15:24:09.592] [main/DEBUG] [mixin/]: Processing inject() for PlatformAgent[MixinPlatformAgentDefault:SecureJarResource(ftbultimine)]
[04Apr2026 15:24:09.592] [main/DEBUG] [mixin/]: Processing inject() for PlatformAgent[MixinPlatformAgentDefault:SecureJarResource(nightconfigfixes)]
[04Apr2026 15:24:09.592] [main/DEBUG] [mixin/]: Processing inject() for PlatformAgent[MixinPlatformAgentDefault:SecureJarResource(betterstrongholds)]
[04Apr2026 15:24:09.592] [main/DEBUG] [mixin/]: Processing inject() for PlatformAgent[MixinPlatformAgentDefault:SecureJarResource(enigmaticlegacy)]
[04Apr2026 15:24:09.592] [main/DEBUG] [mixin/]: Processing inject() for PlatformAgent[MixinPlatformAgentDefault:SecureJarResource(architectury)]
[04Apr2026 15:24:09.593] [main/DEBUG] [mixin/]: Processing inject() for PlatformAgent[MixinPlatformAgentDefault:SecureJarResource(deeperdarker)]
[04Apr2026 15:24:09.593] [main/DEBUG] [mixin/]: Processing inject() for PlatformAgent[MixinPlatformAgentDefault:SecureJarResource(aiimprovements)]
[04Apr2026 15:24:09.593] [main/DEBUG] [mixin/]: Processing inject() for PlatformAgent[MixinPlatformAgentDefault:SecureJarResource(cupboard)]
[04Apr2026 15:24:09.593] [main/DEBUG] [mixin/]: Processing inject() for PlatformAgent[MixinPlatformAgentDefault:SecureJarResource(smallships)]
[04Apr2026 15:24:09.593] [main/DEBUG] [mixin/]: Processing inject() for PlatformAgent[MixinPlatformAgentDefault:SecureJarResource(letmedespawn)]
[04Apr2026 15:24:09.593] [main/DEBUG] [mixin/]: Processing inject() for PlatformAgent[MixinPlatformAgentDefault:SecureJarResource(t_and_t)]
[04Apr2026 15:24:09.593] [main/DEBUG] [mixin/]: Processing inject() for PlatformAgent[MixinPlatformAgentDefault:SecureJarResource(toomanyglyphs)]
[04Apr2026 15:24:09.594] [main/DEBUG] [mixin/]: Processing inject() for PlatformAgent[MixinPlatformAgentDefault:SecureJarResource(yeetusexperimentus)]
[04Apr2026 15:24:09.594] [main/DEBUG] [mixin/]: Processing inject() for PlatformAgent[MixinPlatformAgentDefault:SecureJarResource(dreadsteel)]
[04Apr2026 15:24:09.594] [main/DEBUG] [mixin/]: Processing inject() for PlatformAgent[MixinPlatformAgentDefault:SecureJarResource(betteradvancements)]
[04Apr2026 15:24:09.594] [main/DEBUG] [mixin/]: Processing inject() for PlatformAgent[MixinPlatformAgentDefault:SecureJarResource(majruszsaccessories)]
[04Apr2026 15:24:09.594] [main/DEBUG] [mixin/]: Processing inject() for PlatformAgent[MixinPlatformAgentDefault:SecureJarResource(bhmenu)]
[04Apr2026 15:24:09.594] [main/DEBUG] [mixin/]: Processing inject() for PlatformAgent[MixinPlatformAgentDefault:SecureJarResource(rhino)]
[04Apr2026 15:24:09.594] [main/DEBUG] [mixin/]: Processing inject() for PlatformAgent[MixinPlatformAgentDefault:SecureJarResource(awesomedungeonend)]
[04Apr2026 15:24:09.595] [main/DEBUG] [mixin/]: Processing inject() for PlatformAgent[MixinPlatformAgentDefault:SecureJarResource(octolib)]
[04Apr2026 15:24:09.595] [main/DEBUG] [mixin/]: Processing inject() for PlatformAgent[MixinPlatformAgentDefault:SecureJarResource(itemfilters)]
[04Apr2026 15:24:09.595] [main/DEBUG] [mixin/]: Processing inject() for PlatformAgent[MixinPlatformAgentDefault:SecureJarResource(simplerpc)]
[04Apr2026 15:24:09.595] [main/DEBUG] [mixin/]: Processing inject() for PlatformAgent[MixinPlatformAgentDefault:SecureJarResource(obscure_api)]
[04Apr2026 15:24:09.595] [main/DEBUG] [mixin/]: Processing inject() for PlatformAgent[MixinPlatformAgentDefault:SecureJarResource(structorytowers)]
[04Apr2026 15:24:09.595] [main/DEBUG] [mixin/]: Processing inject() for PlatformAgent[MixinPlatformAgentDefault:SecureJarResource(waystones)]
[04Apr2026 15:24:09.595] [main/DEBUG] [mixin/]: Processing inject() for PlatformAgent[MixinPlatformAgentDefault:SecureJarResource(fantasyfurniture)]
[04Apr2026 15:24:09.595] [main/DEBUG] [mixin/]: Processing inject() for PlatformAgent[MixinPlatformAgentDefault:SecureJarResource(clumps)]
[04Apr2026 15:24:09.596] [main/DEBUG] [mixin/]: Processing inject() for PlatformAgent[MixinPlatformAgentDefault:SecureJarResource(structory)]
[04Apr2026 15:24:09.596] [main/DEBUG] [mixin/]: Processing inject() for PlatformAgent[MixinPlatformAgentDefault:SecureJarResource(comforts)]
[04Apr2026 15:24:09.596] [main/DEBUG] [mixin/]: Processing inject() for PlatformAgent[MixinPlatformAgentDefault:SecureJarResource(decorative_blocks)]
[04Apr2026 15:24:09.596] [main/DEBUG] [mixin/]: Processing inject() for PlatformAgent[MixinPlatformAgentDefault:SecureJarResource(enigmaticaddons)]
[04Apr2026 15:24:09.596] [main/DEBUG] [mixin/]: Processing inject() for PlatformAgent[MixinPlatformAgentDefault:SecureJarResource(myserveriscompatible)]
[04Apr2026 15:24:09.596] [main/DEBUG] [mixin/]: Processing inject() for PlatformAgent[MixinPlatformAgentDefault:SecureJarResource(dungeoncrawl)]
[04Apr2026 15:24:09.596] [main/DEBUG] [mixin/]: Processing inject() for PlatformAgent[MixinPlatformAgentDefault:SecureJarResource(badmobs)]
[04Apr2026 15:24:09.597] [main/DEBUG] [mixin/]: Processing inject() for PlatformAgent[MixinPlatformAgentDefault:SecureJarResource(knightlib)]
[04Apr2026 15:24:09.597] [main/DEBUG] [mixin/]: Processing inject() for PlatformAgent[MixinPlatformAgentDefault:SecureJarResource(lazydfu)]
[04Apr2026 15:24:09.597] [main/DEBUG] [mixin/]: Processing inject() for PlatformAgent[MixinPlatformAgentDefault:SecureJarResource(explorerscompass)]
[04Apr2026 15:24:09.597] [main/DEBUG] [mixin/]: Processing inject() for PlatformAgent[MixinPlatformAgentDefault:SecureJarResource(betterdeserttemples)]
[04Apr2026 15:24:09.597] [main/DEBUG] [mixin/]: Processing inject() for PlatformAgent[MixinPlatformAgentDefault:SecureJarResource(bosses_of_mass_destruction)]
[04Apr2026 15:24:09.597] [main/DEBUG] [mixin/]: Processing inject() for PlatformAgent[MixinPlatformAgentDefault:SecureJarResource(blueprint)]
[04Apr2026 15:24:09.597] [main/DEBUG] [mixin/]: Processing inject() for PlatformAgent[MixinPlatformAgentDefault:SecureJarResource(azurelib)]
[04Apr2026 15:24:09.598] [main/DEBUG] [mixin/]: Processing inject() for PlatformAgent[MixinPlatformAgentDefault:SecureJarResource(dungeons_andtaverns_mr)]
[04Apr2026 15:24:09.598] [main/DEBUG] [mixin/]: Processing inject() for PlatformAgent[MixinPlatformAgentDefault:SecureJarResource(ftbchunks)]
[04Apr2026 15:24:09.598] [main/DEBUG] [mixin/]: Processing inject() for PlatformAgent[MixinPlatformAgentDefault:SecureJarResource(travelerstitles)]
[04Apr2026 15:24:09.598] [main/DEBUG] [mixin/]: Processing inject() for PlatformAgent[MixinPlatformAgentDefault:SecureJarResource(toofast)]
[04Apr2026 15:24:09.598] [main/DEBUG] [mixin/]: Processing inject() for PlatformAgent[MixinPlatformAgentDefault:SecureJarResource(raided)]
[04Apr2026 15:24:09.598] [main/DEBUG] [mixin/]: Processing inject() for PlatformAgent[MixinPlatformAgentDefault:SecureJarResource(meetyourfight)]
[04Apr2026 15:24:09.598] [main/DEBUG] [mixin/]: Processing inject() for PlatformAgent[MixinPlatformAgentDefault:SecureJarResource(enchdesc)]
[04Apr2026 15:24:09.599] [main/DEBUG] [mixin/]: Processing inject() for PlatformAgent[MixinPlatformAgentDefault:SecureJarResource(simplyswords)]
[04Apr2026 15:24:09.599] [main/DEBUG] [mixin/]: Processing inject() for PlatformAgent[MixinPlatformAgentDefault:SecureJarResource(moonlight)]
[04Apr2026 15:24:09.599] [main/DEBUG] [mixin/]: Processing inject() for PlatformAgent[MixinPlatformAgentDefault:SecureJarResource(eccentrictome)]
[04Apr2026 15:24:09.599] [main/DEBUG] [mixin/]: Processing inject() for PlatformAgent[MixinPlatformAgentDefault:SecureJarResource(itemstages)]
[04Apr2026 15:24:09.599] [main/DEBUG] [mixin/]: Processing inject() for PlatformAgent[MixinPlatformAgentDefault:SecureJarResource(jade)]
[04Apr2026 15:24:09.599] [main/DEBUG] [mixin/]: Processing inject() for PlatformAgent[MixinPlatformAgentDefault:SecureJarResource(cisco_mod)]
[04Apr2026 15:24:09.600] [main/DEBUG] [mixin/]: Processing inject() for PlatformAgent[MixinPlatformAgentDefault:SecureJarResource(culllessleaves)]
[04Apr2026 15:24:09.600] [main/DEBUG] [mixin/]: Processing inject() for PlatformAgent[MixinPlatformAgentDefault:SecureJarResource(hoporp)]
[04Apr2026 15:24:09.600] [main/DEBUG] [mixin/]: Processing inject() for PlatformAgent[MixinPlatformAgentDefault:SecureJarResource(forbidden_arcanus)]
[04Apr2026 15:24:09.600] [main/DEBUG] [mixin/]: Processing inject() for PlatformAgent[MixinPlatformAgentDefault:SecureJarResource(nethersdelight)]
[04Apr2026 15:24:09.600] [main/DEBUG] [mixin/]: Processing inject() for PlatformAgent[MixinPlatformAgentDefault:SecureJarResource(smoothboot)]
[04Apr2026 15:24:09.600] [main/DEBUG] [mixin/]: Processing inject() for PlatformAgent[MixinPlatformAgentDefault:SecureJarResource(skilltree)]
[04Apr2026 15:24:09.600] [main/DEBUG] [mixin/]: Processing inject() for PlatformAgent[MixinPlatformAgentDefault:SecureJarResource(atmospheric)]
[04Apr2026 15:24:09.601] [main/DEBUG] [mixin/]: Processing inject() for PlatformAgent[MixinPlatformAgentDefault:SecureJarResource(easy_villagers)]
[04Apr2026 15:24:09.601] [main/DEBUG] [mixin/]: Processing inject() for PlatformAgent[MixinPlatformAgentDefault:SecureJarResource(iceberg)]
[04Apr2026 15:24:09.601] [main/DEBUG] [mixin/]: Processing inject() for PlatformAgent[MixinPlatformAgentDefault:SecureJarResource(brutalbosses)]
[04Apr2026 15:24:09.601] [main/DEBUG] [mixin/]: Processing inject() for PlatformAgent[MixinPlatformAgentDefault:SecureJarResource(quark)]
[04Apr2026 15:24:09.601] [main/DEBUG] [mixin/]: Processing inject() for PlatformAgent[MixinPlatformAgentDefault:SecureJarResource(ars_elemental)]
[04Apr2026 15:24:09.601] [main/DEBUG] [mixin/]: Processing inject() for PlatformAgent[MixinPlatformAgentDefault:SecureJarResource(storagedrawers)]
[04Apr2026 15:24:09.601] [main/DEBUG] [mixin/]: Processing inject() for PlatformAgent[MixinPlatformAgentDefault:SecureJarResource(immersive_paintings)]
[04Apr2026 15:24:09.602] [main/DEBUG] [mixin/]: Processing inject() for PlatformAgent[MixinPlatformAgentDefault:SecureJarResource(irons_spellbooks)]
[04Apr2026 15:24:09.602] [main/DEBUG] [mixin/]: Processing inject() for PlatformAgent[MixinPlatformAgentDefault:SecureJarResource(doespotatotick)]
[04Apr2026 15:24:09.602] [main/DEBUG] [mixin/]: Processing inject() for PlatformAgent[MixinPlatformAgentDefault:SecureJarResource(endlessbiomes)]
[04Apr2026 15:24:09.602] [main/DEBUG] [mixin/]: Processing inject() for PlatformAgent[MixinPlatformAgentDefault:SecureJarResource(upgradedcore)]
[04Apr2026 15:24:09.602] [main/DEBUG] [mixin/]: Processing inject() for PlatformAgent[MixinPlatformAgentDefault:SecureJarResource(minecolonies)]
[04Apr2026 15:24:09.602] [main/DEBUG] [mixin/]: Processing inject() for PlatformAgent[MixinPlatformAgentDefault:SecureJarResource(wabi_sabi_structures)]
[04Apr2026 15:24:09.603] [main/DEBUG] [mixin/]: Processing inject() for PlatformAgent[MixinPlatformAgentDefault:SecureJarResource(alexsdelight)]
[04Apr2026 15:24:09.603] [main/DEBUG] [mixin/]: Processing inject() for PlatformAgent[MixinPlatformAgentDefault:SecureJarResource(ferritecore)]
[04Apr2026 15:24:09.603] [main/DEBUG] [mixin/]: Processing inject() for PlatformAgent[MixinPlatformAgentDefault:SecureJarResource(apexcore)]
[04Apr2026 15:24:09.603] [main/DEBUG] [mixin/]: Processing inject() for PlatformAgent[MixinPlatformAgentDefault:SecureJarResource(majruszsenchantments)]
[04Apr2026 15:24:09.603] [main/DEBUG] [mixin/]: Processing inject() for PlatformAgent[MixinPlatformAgentDefault:SecureJarResource(badoptimizations)]
[04Apr2026 15:24:09.603] [main/DEBUG] [mixin/]: Processing inject() for PlatformAgent[MixinPlatformAgentDefault:SecureJarResource(packetfixer)]
[04Apr2026 15:24:09.603] [main/DEBUG] [mixin/]: Processing inject() for PlatformAgent[MixinPlatformAgentDefault:SecureJarResource(valhelsia_core)]
[04Apr2026 15:24:09.603] [main/DEBUG] [mixin/]: Processing inject() for PlatformAgent[MixinPlatformAgentDefault:SecureJarResource(overflowingbars)]
[04Apr2026 15:24:09.604] [main/DEBUG] [mixin/]: Processing inject() for PlatformAgent[MixinPlatformAgentDefault:SecureJarResource(undead_unleashed)]
[04Apr2026 15:24:09.604] [main/DEBUG] [mixin/]: Processing inject() for PlatformAgent[MixinPlatformAgentDefault:SecureJarResource(MixinSquared.beta._6)]
[04Apr2026 15:24:09.604] [main/DEBUG] [mixin/]: Processing inject() for PlatformAgent[MixinPlatformAgentDefault:SecureJarResource(Registrate.MC1._19)]
[04Apr2026 15:24:09.604] [main/DEBUG] [mixin/]: Processing inject() for PlatformAgent[MixinPlatformAgentDefault:SecureJarResource(jankson)]
[04Apr2026 15:24:09.604] [main/DEBUG] [mixin/]: Processing inject() for PlatformAgent[MixinPlatformAgentDefault:SecureJarResource(mixinextras)]
[04Apr2026 15:24:09.604] [main/DEBUG] [mixin/]: Processing inject() for PlatformAgent[MixinPlatformAgentDefault:SecureJarResource(Reflect)]
[04Apr2026 15:24:09.604] [main/DEBUG] [mixin/]: Processing inject() for PlatformAgent[MixinPlatformAgentDefault:SecureJarResource(json.path)]
[04Apr2026 15:24:09.605] [main/DEBUG] [mixin/]: Processing inject() for PlatformAgent[MixinPlatformAgentDefault:SecureJarResource(mixinsquared)]
[04Apr2026 15:24:09.605] [main/DEBUG] [mixin/]: Processing inject() for PlatformAgent[MixinPlatformAgentDefault:SecureJarResource(MixinExtras)]
[04Apr2026 15:24:09.664] [main/DEBUG] [mixin/]: Preparing mixins for MixinEnvironment[PREINIT]
[04Apr2026 15:24:09.674] [main/INFO] [mixin/]: Successfully loaded Mixin Connector [ca.spottedleaf.starlight.mixin.MixinConnector]
[04Apr2026 15:24:09.678] [main/INFO] [mixin/]: Successfully loaded Mixin Connector [com.aizistral.enigmaticlegacy.MixinConnector]
[04Apr2026 15:24:09.682] [main/INFO] [cpw.mods.modlauncher.LaunchServiceHandler/MODLAUNCHER]: Launching target 'forgeserver' with arguments [nogui]
[04Apr2026 15:24:09.702] [main/DEBUG] [mixin/]: Preparing mixins for MixinEnvironment[DEFAULT]
[04Apr2026 15:24:09.706] [main/DEBUG] [mixin/]: Selecting config saturn.mixins.json
[04Apr2026 15:24:09.797] [main/INFO] [com.abdelaziz.saturn.common.Saturn/]: Loaded Saturn config file with 4 configurable options
[04Apr2026 15:24:09.820] [main/DEBUG] [mixin/]: Selecting config kubejs-forge.mixins.json
[04Apr2026 15:24:09.822] [main/DEBUG] [mixin/]: Selecting config kubejs-common.mixins.json
[04Apr2026 15:24:09.829] [main/DEBUG] [mixin/]: Selecting config betterdungeons.mixins.json
[04Apr2026 15:24:09.844] [main/DEBUG] [mixin/]: Selecting config betterdungeons_forge.mixins.json
[04Apr2026 15:24:09.846] [main/DEBUG] [mixin/]: Selecting config additionalentityattributes.mixins.json
[04Apr2026 15:24:09.848] [main/DEBUG] [mixin/]: Selecting config oriacs.mixins.json
[04Apr2026 15:24:09.849] [main/DEBUG] [mixin/]: Selecting config playerAnimator-common.mixins.json
[04Apr2026 15:24:09.854] [main/DEBUG] [mixin/]: Selecting config majruszsdifficulty-common.mixins.json
[04Apr2026 15:24:09.855] [main/DEBUG] [mixin/]: Selecting config majruszsdifficulty-forge.mixins.json
[04Apr2026 15:24:09.857] [main/DEBUG] [mixin/]: Selecting config entitycollisionfpsfix.mixins.json
[04Apr2026 15:24:09.858] [main/DEBUG] [mixin/]: Selecting config entitycollisionfpsfix.forge.mixins.json
[04Apr2026 15:24:09.869] [main/DEBUG] [mixin/]: Selecting config nerb-common.mixins.json
[04Apr2026 15:24:09.870] [main/DEBUG] [mixin/]: Selecting config nerb.mixins.json
[04Apr2026 15:24:09.872] [main/WARN] [mixin/]: Reference map 'nerb-forge-refmap.json' for nerb.mixins.json could not be read. If this is a development environment you can ignore this message
[04Apr2026 15:24:09.873] [main/DEBUG] [mixin/]: Selecting config apoli.mixins.json
[04Apr2026 15:24:09.883] [main/DEBUG] [mixin/]: Selecting config rubidium.mixins.json
[04Apr2026 15:24:09.904] [main/INFO] [Rubidium/]: Loaded configuration file for Rubidium: 30 options available, 0 override(s) found
[04Apr2026 15:24:09.914] [main/DEBUG] [mixin/]: Selecting config rubidium.compat.mixins.json
[04Apr2026 15:24:09.919] [main/DEBUG] [mixin/]: Selecting config doapi-common.mixins.json
[04Apr2026 15:24:09.921] [main/DEBUG] [mixin/]: Selecting config doapi.mixins.json
[04Apr2026 15:24:09.923] [main/DEBUG] [mixin/]: Selecting config modernfix-common.mixins.json
[04Apr2026 15:24:10.064] [main/WARN] [ModernFixConfig/]: ModelDataManager bugfixes have been disabled to prevent broken rendering with Rubidium installed. Please migrate to Embeddium.
[04Apr2026 15:24:10.072] [main/INFO] [ModernFix/]: Loaded configuration file for ModernFix 5.18.1+mc1.19.2: 87 options available, 3 override(s) found
[04Apr2026 15:24:10.073] [main/WARN] [ModernFix/]: Option 'mixin.bugfix.model_data_manager_cme' overriden (by mods [rubidium]) to 'false'
[04Apr2026 15:24:10.074] [main/WARN] [ModernFix/]: Option 'mixin.bugfix.item_cache_flag' overriden (by mods [canary]) to 'false'
[04Apr2026 15:24:10.074] [main/WARN] [ModernFix/]: Option 'mixin.perf.thread_priorities' overriden (by mods [smoothboot]) to 'false'
[04Apr2026 15:24:10.075] [main/INFO] [ModernFix/]: Applying Nashorn fix
[04Apr2026 15:24:10.096] [main/INFO] [ModernFix/]: Applied Forge config corruption patch
[04Apr2026 15:24:10.103] [main/DEBUG] [mixin/]: Selecting config modernfix-forge.mixins.json
[04Apr2026 15:24:10.106] [main/DEBUG] [mixin/]: Selecting config armordamagelimit.mixins.json
[04Apr2026 15:24:10.107] [main/DEBUG] [mixin/]: Selecting config yungsapi.mixins.json
[04Apr2026 15:24:10.120] [main/DEBUG] [mixin/]: Selecting config yungsapi_forge.mixins.json
[04Apr2026 15:24:10.122] [main/DEBUG] [mixin/]: Selecting config maxhealthfix.common.mixins.json
[04Apr2026 15:24:10.124] [main/DEBUG] [mixin/]: Selecting config maxhealthfix.forge.mixins.json
[04Apr2026 15:24:10.125] [main/DEBUG] [mixin/]: Selecting config vinery-common.mixins.json
[04Apr2026 15:24:10.127] [main/DEBUG] [mixin/]: Selecting config vinery.mixins.json
[04Apr2026 15:24:10.129] [main/WARN] [mixin/]: Reference map 'vinery-forge-refmap.json' for vinery.mixins.json could not be read. If this is a development environment you can ignore this message
[04Apr2026 15:24:10.130] [main/DEBUG] [mixin/]: Selecting config apotheosis.mixins.json
[04Apr2026 15:24:10.131] [main/DEBUG] [mixin/]: Selecting config savage_and_ravage.mixins.json
[04Apr2026 15:24:10.133] [main/DEBUG] [mixin/]: Selecting config balm.mixins.json
[04Apr2026 15:24:10.142] [main/DEBUG] [mixin/]: Selecting config immersive_armors.mixins.json
[04Apr2026 15:24:10.144] [main/DEBUG] [mixin/]: Selecting config betterfortresses.mixins.json
[04Apr2026 15:24:10.145] [main/DEBUG] [mixin/]: Selecting config betterfortresses_forge.mixins.json
[04Apr2026 15:24:10.147] [main/DEBUG] [mixin/]: Selecting config autoleveling.mixins.json
[04Apr2026 15:24:10.148] [main/DEBUG] [mixin/]: Selecting config leavesbegone.common.mixins.json
[04Apr2026 15:24:10.150] [main/DEBUG] [mixin/]: Selecting config supplementaries-common.mixins.json
[04Apr2026 15:24:10.154] [main/DEBUG] [mixin/]: Selecting config supplementaries.mixins.json
[04Apr2026 15:24:10.156] [main/DEBUG] [mixin/]: Selecting config upgradednetherite.mixins.json
[04Apr2026 15:24:10.158] [main/DEBUG] [mixin/]: Selecting config structure_gel.mixins.json
[04Apr2026 15:24:10.159] [main/DEBUG] [mixin/]: Selecting config combatroll.mixins.json
[04Apr2026 15:24:10.161] [main/DEBUG] [mixin/]: Selecting config morevillagers-common.mixins.json
[04Apr2026 15:24:10.162] [main/DEBUG] [mixin/]: Selecting config morevillagers.mixins.json
[04Apr2026 15:24:10.164] [main/WARN] [mixin/]: Reference map 'morevillagers-forge-forge-refmap.json' for morevillagers.mixins.json could not be read. If this is a development environment you can ignore this message
[04Apr2026 15:24:10.164] [main/DEBUG] [mixin/]: Selecting config repurposed_structures.mixins.json
[04Apr2026 15:24:10.166] [main/DEBUG] [mixin/]: Selecting config dungeons_plus.mixins.json
[04Apr2026 15:24:10.167] [main/DEBUG] [mixin/]: Selecting config darkerdepths.mixins.json
[04Apr2026 15:24:10.168] [main/DEBUG] [mixin/]: Selecting config servercore.common.mixins.json
[04Apr2026 15:24:10.197] [main/INFO] [com.teampotato.redirector.Redirector/]: Redirecting sc_libs/com/electronwill/nightconfig/core/io/WritingMode
[04Apr2026 15:24:10.203] [main/INFO] [com.teampotato.redirector.Redirector/]: Redirecting sc_libs/com/electronwill/nightconfig/core/io/ParsingMode
[04Apr2026 15:24:10.217] [main/INFO] [com.teampotato.redirector.Redirector/]: Redirecting sc_libs/com/electronwill/nightconfig/core/io/IndentStyle
[04Apr2026 15:24:10.219] [main/INFO] [com.teampotato.redirector.Redirector/]: Redirecting sc_libs/com/electronwill/nightconfig/core/io/NewlineStyle
[04Apr2026 15:24:10.255] [main/INFO] [com.teampotato.redirector.Redirector/]: Redirecting me/wesley1808/servercore/common/config/Config$Table
[04Apr2026 15:24:10.268] [main/DEBUG] [mixin/]: Selecting config highlighter.mixins.json
[04Apr2026 15:24:10.270] [main/DEBUG] [mixin/]: Selecting config reeses_sodium_options.mixins.json
[04Apr2026 15:24:10.272] [main/DEBUG] [mixin/]: Selecting config curios.mixins.json
[04Apr2026 15:24:10.273] [main/DEBUG] [mixin/]: Selecting config origins.mixins.json
[04Apr2026 15:24:10.275] [main/DEBUG] [mixin/]: Selecting config noisium.mixins.json
[04Apr2026 15:24:10.276] [main/DEBUG] [mixin/]: Selecting config cumulus_menus.mixins.json
[04Apr2026 15:24:10.278] [main/DEBUG] [mixin/]: Selecting config pluto.mixins.json
[04Apr2026 15:24:10.281] [main/DEBUG] [mixin/]: Selecting config apothiccurios.mixins.json
[04Apr2026 15:24:10.283] [main/DEBUG] [mixin/]: Selecting config betterendisland.mixins.json
[04Apr2026 15:24:10.284] [main/DEBUG] [mixin/]: Selecting config betterendisland_forge.mixins.json
[04Apr2026 15:24:10.285] [main/DEBUG] [mixin/]: Selecting config nitrogen_internals.mixins.json
[04Apr2026 15:24:10.288] [main/WARN] [mixin/]: Reference map 'nitrogen_internals.refmap.json' for nitrogen_internals.mixins.json could not be read. If this is a development environment you can ignore this message
[04Apr2026 15:24:10.289] [main/DEBUG] [mixin/]: Selecting config celestisynth.mixins.json
[04Apr2026 15:24:10.291] [main/DEBUG] [mixin/]: Selecting config deep_aether.mixins.json
[04Apr2026 15:24:10.293] [main/DEBUG] [mixin/]: Selecting config bettermineshafts.mixins.json
[04Apr2026 15:24:10.294] [main/DEBUG] [mixin/]: Selecting config bettermineshafts_forge.mixins.json
[04Apr2026 15:24:10.296] [main/DEBUG] [mixin/]: Selecting config majruszlibrary-common.mixins.json
[04Apr2026 15:24:10.298] [main/DEBUG] [mixin/]: Selecting config majruszlibrary-forge.mixins.json
[04Apr2026 15:24:10.301] [main/DEBUG] [mixin/]: Selecting config betterjungletemples.mixins.json
[04Apr2026 15:24:10.302] [main/DEBUG] [mixin/]: Selecting config betterjungletemples_forge.mixins.json
[04Apr2026 15:24:10.303] [main/DEBUG] [mixin/]: Selecting config elytraslot-integrations.mixins.json
[04Apr2026 15:24:10.306] [main/DEBUG] [mixin/]: Selecting config ftblibrary-common.mixins.json
[04Apr2026 15:24:10.307] [main/DEBUG] [mixin/]: Selecting config mutantmonsters.common.mixins.json
[04Apr2026 15:24:10.309] [main/DEBUG] [mixin/]: Selecting config attributefix.mixins.json
[04Apr2026 15:24:10.310] [main/DEBUG] [mixin/]: Selecting config pehkui.mixins.json
[04Apr2026 15:24:10.317] [main/DEBUG] [mixin/]: Selecting config goblintraders.mixins.json
[04Apr2026 15:24:10.319] [main/DEBUG] [mixin/]: Selecting config caelus.mixins.json
[04Apr2026 15:24:10.321] [main/DEBUG] [mixin/]: Selecting config paxi.mixins.json
[04Apr2026 15:24:10.330] [main/DEBUG] [mixin/]: Selecting config paxi_forge.mixins.json
[04Apr2026 15:24:10.332] [main/DEBUG] [mixin/]: Selecting config fastasyncworldsave.mixins.json
[04Apr2026 15:24:10.333] [main/DEBUG] [mixin/]: Selecting config craterlib.mixins.json
[04Apr2026 15:24:10.334] [main/DEBUG] [mixin/]: Selecting config craterlib.forge.mixins.json
[04Apr2026 15:24:10.335] [main/DEBUG] [mixin/]: Selecting config starlight.mixins.json
[04Apr2026 15:24:10.337] [main/DEBUG] [mixin/]: Selecting config corpsecurioscompat.mixins.json
[04Apr2026 15:24:10.338] [main/DEBUG] [mixin/]: Selecting config ars_nouveau.mixins.json
[04Apr2026 15:24:10.365] [main/DEBUG] [mixin/]: Registering new injector for @Inject with org.spongepowered.asm.mixin.injection.struct.CallbackInjectionInfo
[04Apr2026 15:24:10.369] [main/DEBUG] [mixin/]: Registering new injector for @ModifyArg with org.spongepowered.asm.mixin.injection.struct.ModifyArgInjectionInfo
[04Apr2026 15:24:10.370] [main/DEBUG] [mixin/]: Registering new injector for @ModifyArgs with org.spongepowered.asm.mixin.injection.struct.ModifyArgsInjectionInfo
[04Apr2026 15:24:10.373] [main/DEBUG] [mixin/]: Registering new injector for @Redirect with org.spongepowered.asm.mixin.injection.struct.RedirectInjectionInfo
[04Apr2026 15:24:10.375] [main/DEBUG] [mixin/]: Registering new injector for @ModifyVariable with org.spongepowered.asm.mixin.injection.struct.ModifyVariableInjectionInfo
[04Apr2026 15:24:10.377] [main/DEBUG] [mixin/]: Registering new injector for @ModifyConstant with org.spongepowered.asm.mixin.injection.struct.ModifyConstantInjectionInfo
[04Apr2026 15:24:10.389] [main/DEBUG] [mixin/]: Registering new injector for @ModifyExpressionValue with shadowed.llamalad7.mixinextras.injector.ModifyExpressionValueInjectionInfo
[04Apr2026 15:24:10.392] [main/DEBUG] [mixin/]: Registering new injector for @ModifyReceiver with shadowed.llamalad7.mixinextras.injector.ModifyReceiverInjectionInfo
[04Apr2026 15:24:10.395] [main/DEBUG] [mixin/]: Registering new injector for @ModifyReturnValue with shadowed.llamalad7.mixinextras.injector.ModifyReturnValueInjectionInfo
[04Apr2026 15:24:10.400] [main/DEBUG] [mixin/]: Registering new injector for @WrapOperation with shadowed.llamalad7.mixinextras.injector.wrapoperation.WrapOperationInjectionInfo
[04Apr2026 15:24:10.403] [main/DEBUG] [mixin/]: Registering new injector for @WrapWithCondition with shadowed.llamalad7.mixinextras.injector.WrapWithConditionInjectionInfo
[04Apr2026 15:24:10.410] [main/DEBUG] [mixin/]: Selecting config crafttweaker.mixins.json
[04Apr2026 15:24:10.415] [main/DEBUG] [mixin/]: Selecting config crafttweaker.forge.mixins.json
[04Apr2026 15:24:10.417] [main/DEBUG] [mixin/]: Selecting config memoryleakfix.mixins.json
[04Apr2026 15:24:10.450] [main/DEBUG] [mixin/]: Registering new injector for @ModifyExpressionValue with ca.fxco.memoryleakfix.mixinextras.injector.ModifyExpressionValueInjectionInfo
[04Apr2026 15:24:10.453] [main/DEBUG] [mixin/]: Registering new injector for @ModifyReceiver with ca.fxco.memoryleakfix.mixinextras.injector.ModifyReceiverInjectionInfo
[04Apr2026 15:24:10.455] [main/DEBUG] [mixin/]: Registering new injector for @ModifyReturnValue with ca.fxco.memoryleakfix.mixinextras.injector.ModifyReturnValueInjectionInfo
[04Apr2026 15:24:10.459] [main/DEBUG] [mixin/]: Registering new injector for @WrapOperation with ca.fxco.memoryleakfix.mixinextras.injector.wrapoperation.WrapOperationInjectionInfo
[04Apr2026 15:24:10.463] [main/DEBUG] [mixin/]: Registering new injector for @WrapWithCondition with ca.fxco.memoryleakfix.mixinextras.injector.WrapWithConditionInjectionInfo
[04Apr2026 15:24:10.466] [main/DEBUG] [mixin/]: Registering new injector for @SugarWrapper with ca.fxco.memoryleakfix.mixinextras.sugar.impl.SugarWrapperInjectionInfo
[04Apr2026 15:24:10.474] [main/DEBUG] [mixin/]: Selecting config rubidium_extras.mixins.json
[04Apr2026 15:24:10.476] [main/DEBUG] [mixin/]: Selecting config terrablender.mixins.json
[04Apr2026 15:24:10.478] [main/DEBUG] [mixin/]: Selecting config terrablender_forge.mixins.json
[04Apr2026 15:24:10.479] [main/DEBUG] [mixin/]: Selecting config bettercombat.mixins.json
[04Apr2026 15:24:10.482] [main/DEBUG] [mixin/]: Selecting config mousetweaks.mixins.json
[04Apr2026 15:24:10.484] [main/DEBUG] [mixin/]: Selecting config necronomicon.forge.mixins.json
[04Apr2026 15:24:10.486] [main/DEBUG] [mixin/]: Selecting config itemproductionlib.mixins.json
[04Apr2026 15:24:10.487] [main/DEBUG] [mixin/]: Selecting config corgilib.mixins.json
[04Apr2026 15:24:10.495] [main/DEBUG] [mixin/]: Selecting config corgilib.forge.mixins.json
[04Apr2026 15:24:10.497] [main/WARN] [mixin/]: Reference map '${refmap_target}refmap.json' for corgilib.forge.mixins.json could not be read. If this is a development environment you can ignore this message
[04Apr2026 15:24:10.499] [main/DEBUG] [mixin/]: Selecting config fastpaintings.mixins.json
[04Apr2026 15:24:10.501] [main/DEBUG] [mixin/]: Selecting config fastpaintings-forge.mixins.json
[04Apr2026 15:24:10.503] [main/WARN] [mixin/]: Reference map 'fastpaintings-forge-refmap.json' for fastpaintings-forge.mixins.json could not be read. If this is a development environment you can ignore this message
[04Apr2026 15:24:10.505] [main/DEBUG] [mixin/]: Selecting config aeroblender.mixins.json
[04Apr2026 15:24:10.515] [main/DEBUG] [mixin/]: Selecting config betterfpsdist.mixins.json
[04Apr2026 15:24:10.518] [main/DEBUG] [mixin/]: Selecting config brewinandchewin.mixins.json
[04Apr2026 15:24:10.519] [main/DEBUG] [mixin/]: Selecting config farmersrespite.mixins.json
[04Apr2026 15:24:10.530] [main/DEBUG] [mixin/]: Selecting config mixin.imdlib-whisperwoods.json
[04Apr2026 15:24:10.532] [main/DEBUG] [mixin/]: Selecting config whisperwoods.mixins.json
[04Apr2026 15:24:10.534] [main/DEBUG] [mixin/]: Selecting config whisperwoods-forge.mixins.json
[04Apr2026 15:24:10.535] [main/DEBUG] [mixin/]: Selecting config ecologics-common.mixins.json
[04Apr2026 15:24:10.537] [main/DEBUG] [mixin/]: Selecting config ecologics.mixins.json
[04Apr2026 15:24:10.539] [main/DEBUG] [mixin/]: Selecting config xaerohud.mixins.json
[04Apr2026 15:24:10.541] [main/DEBUG] [mixin/]: Selecting config xaerohud.forge.mixins.json
[04Apr2026 15:24:10.542] [main/DEBUG] [mixin/]: Selecting config xaerominimap.mixins.json
[04Apr2026 15:24:10.545] [main/DEBUG] [mixin/]: Selecting config xaerominimap.forge.mixins.json
[04Apr2026 15:24:10.546] [main/DEBUG] [mixin/]: Selecting config bocchium.mixins.json
[04Apr2026 15:24:10.547] [main/DEBUG] [mixin/]: Selecting config polymorph.mixins.json
[04Apr2026 15:24:10.548] [main/DEBUG] [mixin/]: Selecting config polymorph-integrations.forge.mixins.json
[04Apr2026 15:24:10.553] [main/INFO] [com.teampotato.redirector.Redirector/]: Redirecting com/illusivesoulworks/polymorph/common/integration/PolymorphIntegrations$Mod
[04Apr2026 15:24:10.557] [main/INFO] [com.teampotato.redirector.Redirector/]: Redirecting com/illusivesoulworks/polymorph/common/integration/PolymorphIntegrations$Loader
[04Apr2026 15:24:10.569] [main/DEBUG] [Polymorph/]: Loaded com.illusivesoulworks.polymorph.platform.ForgeIntegrationPlatform@e67d3b7 for service interface com.illusivesoulworks.polymorph.platform.services.IIntegrationPlatform
[04Apr2026 15:24:10.576] [main/DEBUG] [Polymorph/]: Loaded com.illusivesoulworks.polymorph.platform.ForgeClientPlatform@dbda472 for service interface com.illusivesoulworks.polymorph.platform.services.IClientPlatform
[04Apr2026 15:24:10.579] [main/DEBUG] [Polymorph/]: Loaded com.illusivesoulworks.polymorph.platform.ForgePlatform@146fa9c0 for service interface com.illusivesoulworks.polymorph.platform.services.IPlatform
[04Apr2026 15:24:10.602] [main/DEBUG] [mixin/]: Selecting config entityculling.mixins.json
[04Apr2026 15:24:10.604] [main/DEBUG] [mixin/]: Selecting config canary.mixins.json
[04Apr2026 15:24:10.651] [main/WARN] [CanaryConfig/]: Mod 'pluto' attempted to override option 'mixin.world.player_chunk_tick', which doesn't exist, ignoring
[04Apr2026 15:24:10.661] [main/INFO] [Canary/]: Loaded configuration file for Canary: 117 options available, 1 override(s) found
[04Apr2026 15:24:10.669] [main/DEBUG] [mixin/]: Selecting config immediatelyfast-forge.mixins.json
[04Apr2026 15:24:10.696] [main/DEBUG] [mixin/]: Selecting config immediatelyfast-common.mixins.json
[04Apr2026 15:24:10.698] [main/DEBUG] [mixin/]: Selecting config tlc.mixins.json
[04Apr2026 15:24:10.703] [main/WARN] [mixin/]: Reference map 'tlc.refmap.json' for tlc.mixins.json could not be read. If this is a development environment you can ignore this message
[04Apr2026 15:24:10.705] [main/DEBUG] [mixin/]: Selecting config lootr.mixins.json
[04Apr2026 15:24:10.707] [main/DEBUG] [mixin/]: Selecting config biomemusic.mixins.json
[04Apr2026 15:24:10.718] [main/DEBUG] [mixin/]: Selecting config puzzleslib.common.mixins.json
[04Apr2026 15:24:10.725] [main/DEBUG] [mixin/]: Selecting config puzzleslib.forge.mixins.json
[04Apr2026 15:24:10.726] [main/DEBUG] [mixin/]: Selecting config byg.mixins.json
[04Apr2026 15:24:10.732] [main/DEBUG] [mixin/]: Selecting config byg_forge.mixins.json
[04Apr2026 15:24:10.745] [main/DEBUG] [mixin/]: Selecting config chunksending.mixins.json
[04Apr2026 15:24:10.746] [main/DEBUG] [mixin/]: Selecting config aquamirae.mixins.json
[04Apr2026 15:24:10.747] [main/DEBUG] [mixin/]: Selecting config defaultoptions.mixins.json
[04Apr2026 15:24:10.758] [main/DEBUG] [mixin/]: Selecting config blue_skies.mixins.json
[04Apr2026 15:24:10.761] [main/DEBUG] [mixin/]: Selecting config mixins.transmog.common.json
[04Apr2026 15:24:10.762] [main/DEBUG] [mixin/]: Selecting config mixins.transmog.forge.json
[04Apr2026 15:24:10.764] [main/DEBUG] [mixin/]: Selecting config ars_additions.mixins.json
[04Apr2026 15:24:10.766] [main/DEBUG] [mixin/]: Selecting config recipeessentials.mixins.json
[04Apr2026 15:24:10.776] [main/DEBUG] [mixin/]: Selecting config aether.mixins.json
[04Apr2026 15:24:10.782] [main/DEBUG] [mixin/]: Selecting config galosphere.mixins.json
[04Apr2026 15:24:10.783] [main/DEBUG] [mixin/]: Selecting config betteroceanmonuments.mixins.json
[04Apr2026 15:24:10.784] [main/DEBUG] [mixin/]: Selecting config betteroceanmonuments_forge.mixins.json
[04Apr2026 15:24:10.786] [main/DEBUG] [mixin/]: Selecting config connectivity.mixins.json
[04Apr2026 15:24:10.789] [main/DEBUG] [mixin/]: Selecting config gpumemleakfix.mixins.json
[04Apr2026 15:24:10.794] [main/DEBUG] [mixin/]: Selecting config insanelib.mixins.json
[04Apr2026 15:24:10.796] [main/WARN] [mixin/]: Reference map 'insanelib.refmap.json' for insanelib.mixins.json could not be read. If this is a development environment you can ignore this message
[04Apr2026 15:24:10.797] [main/DEBUG] [mixin/]: Selecting config structureessentials.mixins.json
[04Apr2026 15:24:10.808] [main/DEBUG] [mixin/]: Selecting config controlling.mixins.json
[04Apr2026 15:24:10.810] [main/DEBUG] [mixin/]: Selecting config controlling.forge.mixins.json
[04Apr2026 15:24:10.812] [main/DEBUG] [mixin/]: Selecting config xaeroworldmap.mixins.json
[04Apr2026 15:24:10.815] [main/DEBUG] [mixin/]: Selecting config xaeroworldmap.forge.mixins.json
[04Apr2026 15:24:10.824] [main/DEBUG] [mixin/]: Selecting config citadel.mixins.json
[04Apr2026 15:24:10.825] [main/DEBUG] [mixin/]: Selecting config placebo.mixins.json
[04Apr2026 15:24:10.827] [main/DEBUG] [mixin/]: Selecting config prism.mixins.json
[04Apr2026 15:24:10.828] [main/DEBUG] [mixin/]: Selecting config lootintegrations.mixins.json
[04Apr2026 15:24:10.829] [main/DEBUG] [mixin/]: Selecting config item_obliterator.mixins.json
[04Apr2026 15:24:10.830] [main/DEBUG] [mixin/]: Selecting config bakery-common.mixins.json
[04Apr2026 15:24:10.840] [main/DEBUG] [mixin/]: Selecting config bakery.mixins.json
[04Apr2026 15:24:10.842] [main/WARN] [mixin/]: Reference map 'Bakery-forge-refmap.json' for bakery.mixins.json could not be read. If this is a development environment you can ignore this message
[04Apr2026 15:24:10.843] [main/DEBUG] [mixin/]: Selecting config bookshelf.common.mixins.json
[04Apr2026 15:24:10.845] [main/DEBUG] [mixin/]: Selecting config bookshelf.forge.mixins.json
[04Apr2026 15:24:10.847] [main/DEBUG] [mixin/]: Selecting config twigs.mixins.json
[04Apr2026 15:24:10.848] [main/DEBUG] [mixin/]: Selecting config relics.mixins.json
[04Apr2026 15:24:10.850] [main/DEBUG] [mixin/]: Selecting config progressivebosses.mixins.json
[04Apr2026 15:24:10.851] [main/DEBUG] [mixin/]: Selecting config takesapillage.mixins.json
[04Apr2026 15:24:10.861] [main/DEBUG] [mixin/]: Selecting config bygonenether.mixins.json
[04Apr2026 15:24:10.862] [main/DEBUG] [mixin/]: Selecting config carryon.mixins.json
[04Apr2026 15:24:10.885] [main/INFO] [com.teampotato.redirector.Redirector/]: Redirecting com/llamalad7/mixinextras/service/MixinExtrasVersion
[04Apr2026 15:24:10.907] [main/DEBUG] [MixinExtras|Service/]: com.llamalad7.mixinextras.service.MixinExtrasServiceImpl(version=0.4.1) is taking over from null
[04Apr2026 15:24:10.958] [main/DEBUG] [mixin/]: Selecting config carryon.forge.mixins.json
[04Apr2026 15:24:10.960] [main/DEBUG] [mixin/]: Selecting config melody.mixins.json
[04Apr2026 15:24:10.963] [main/DEBUG] [mixin/]: Selecting config melody.forge.mixins.json
[04Apr2026 15:24:10.963] [main/DEBUG] [mixin/]: Selecting config dragonmounts.mixins.json
[04Apr2026 15:24:10.966] [main/DEBUG] [mixin/]: Selecting config dummmmmmy-common.mixins.json
[04Apr2026 15:24:10.968] [main/DEBUG] [mixin/]: Selecting config dummmmmmy.mixins.json
[04Apr2026 15:24:10.978] [main/WARN] [mixin/]: Reference map 'dummmmmmy-forge-refmap.json' for dummmmmmy.mixins.json could not be read. If this is a development environment you can ignore this message
[04Apr2026 15:24:10.979] [main/DEBUG] [mixin/]: Selecting config konkrete.mixin.json
[04Apr2026 15:24:10.981] [main/DEBUG] [mixin/]: Selecting config farmersdelight.mixins.json
[04Apr2026 15:24:10.994] [main/DEBUG] [mixin/]: Selecting config getittogetherdrops.mixins.json
[04Apr2026 15:24:10.996] [main/DEBUG] [mixin/]: Selecting config endrem.mixins.json
[04Apr2026 15:24:10.998] [main/DEBUG] [mixin/]: Selecting config longnbtkiller.mixins.json
[04Apr2026 15:24:11.000] [main/DEBUG] [mixin/]: Selecting config lionfishapi.mixins.json
[04Apr2026 15:24:11.012] [main/DEBUG] [mixin/]: Selecting config cataclysm.mixins.json
[04Apr2026 15:24:11.014] [main/DEBUG] [mixin/]: Selecting config memorysettings.mixins.json
[04Apr2026 15:24:11.022] [main/DEBUG] [mixin/]: Selecting config patchouli_xplat.mixins.json
[04Apr2026 15:24:11.024] [main/DEBUG] [mixin/]: Selecting config origins_classes.mixins.json
[04Apr2026 15:24:11.033] [main/DEBUG] [mixin/]: Selecting config forge-dramaticdoors_forge.mixins.json
[04Apr2026 15:24:11.076] [main/DEBUG] [mixin/]: Selecting config betterthirdperson.mixins.json
[04Apr2026 15:24:11.078] [main/DEBUG] [mixin/]: Selecting config ftbultimine-common.mixins.json
[04Apr2026 15:24:11.079] [main/DEBUG] [mixin/]: Selecting config nightconfigfixes.forge.mixins.json
[04Apr2026 15:24:11.098] [main/DEBUG] [mixin/]: Selecting config betterstrongholds.mixins.json
[04Apr2026 15:24:11.107] [main/DEBUG] [mixin/]: Selecting config betterstrongholds_forge.mixins.json
[04Apr2026 15:24:11.109] [main/DEBUG] [mixin/]: Selecting config architectury.mixins.json
[04Apr2026 15:24:11.118] [main/DEBUG] [mixin/]: Selecting config architectury-common.mixins.json
[04Apr2026 15:24:11.120] [main/DEBUG] [mixin/]: Selecting config mixins.deeperdarker.json
[04Apr2026 15:24:11.126] [main/DEBUG] [mixin/]: Selecting config cupboard.mixins.json
[04Apr2026 15:24:11.128] [main/DEBUG] [mixin/]: Selecting config smallships-common.mixins.json
[04Apr2026 15:24:11.130] [main/DEBUG] [mixin/]: Selecting config smallships-common-soft.mixins.json
[04Apr2026 15:24:11.131] [main/DEBUG] [mixin/]: Selecting config smallships.mixins.json
[04Apr2026 15:24:11.133] [main/WARN] [mixin/]: Reference map 'smallships-forge-refmap.json' for smallships.mixins.json could not be read. If this is a development environment you can ignore this message
[04Apr2026 15:24:11.134] [main/DEBUG] [mixin/]: Selecting config letmedespawn.mixins.json
[04Apr2026 15:24:11.135] [main/DEBUG] [mixin/]: Selecting config t_and_t.mixins.json
[04Apr2026 15:24:11.136] [main/DEBUG] [mixin/]: Selecting config toomanyglyphs.mixins.json
[04Apr2026 15:24:11.148] [main/DEBUG] [mixin/]: Selecting config yeetusexperimentus.mixins.json
[04Apr2026 15:24:11.150] [main/DEBUG] [mixin/]: Selecting config majruszsaccessories-common.mixins.json
[04Apr2026 15:24:11.157] [main/DEBUG] [mixin/]: Selecting config bhmenu.mixins.json
[04Apr2026 15:24:11.158] [main/DEBUG] [mixin/]: Selecting config rhino-common.mixins.json
[04Apr2026 15:24:11.167] [main/DEBUG] [mixin/]: Selecting config octolib.mixins.json
[04Apr2026 15:24:11.169] [main/WARN] [mixin/]: Reference map 'octolib.refmap.json' for octolib.mixins.json could not be read. If this is a development environment you can ignore this message
[04Apr2026 15:24:11.170] [main/DEBUG] [mixin/]: Selecting config itemfilters-common.mixins.json
[04Apr2026 15:24:11.171] [main/DEBUG] [mixin/]: Selecting config obscure_api.mixins.json
[04Apr2026 15:24:11.173] [main/DEBUG] [mixin/]: Selecting config waystones.mixins.json
[04Apr2026 15:24:11.175] [main/DEBUG] [mixin/]: Selecting config fantasyfurniture.mixins.json
[04Apr2026 15:24:11.177] [main/DEBUG] [mixin/]: Selecting config clumps.mixins.json
[04Apr2026 15:24:11.178] [main/DEBUG] [mixin/]: Selecting config comforts.mixins.json
[04Apr2026 15:24:11.180] [main/DEBUG] [mixin/]: Selecting config decorative_blocks.mixins.json
[04Apr2026 15:24:11.181] [main/DEBUG] [mixin/]: Selecting config enigmaticaddons.mixins.json
[04Apr2026 15:24:11.184] [main/DEBUG] [mixin/]: Selecting config myserveriscompatible.mixins.json
[04Apr2026 15:24:11.186] [main/DEBUG] [mixin/]: Selecting config lazydfu.mixins.json
[04Apr2026 15:24:11.188] [main/DEBUG] [mixin/]: Selecting config betterdeserttemples.mixins.json
[04Apr2026 15:24:11.190] [main/DEBUG] [mixin/]: Selecting config betterdeserttemples_forge.mixins.json
[04Apr2026 15:24:11.192] [main/DEBUG] [mixin/]: Selecting config mixins.bosses_of_mass_destruction.json
[04Apr2026 15:24:11.193] [main/DEBUG] [mixin/]: Selecting config blueprint.mixins.json
[04Apr2026 15:24:11.195] [main/DEBUG] [mixin/]: Selecting config azurelib.mixins.json
[04Apr2026 15:24:11.196] [main/DEBUG] [mixin/]: Selecting config azurelib.forge.mixins.json
[04Apr2026 15:24:11.201] [main/DEBUG] [mixin/]: Selecting config ftbchunks-common.mixins.json
[04Apr2026 15:24:11.202] [main/DEBUG] [mixin/]: Selecting config travelerstitles.mixins.json
[04Apr2026 15:24:11.203] [main/DEBUG] [mixin/]: Selecting config travelerstitles_forge.mixins.json
[04Apr2026 15:24:11.205] [main/DEBUG] [mixin/]: Selecting config toofast.mixins.json
[04Apr2026 15:24:11.206] [main/DEBUG] [mixin/]: Selecting config simplyswords-common.mixins.json
[04Apr2026 15:24:11.208] [main/WARN] [mixin/]: Reference map 'simplyswords-common-refmap.json' for simplyswords-common.mixins.json could not be read. If this is a development environment you can ignore this message
[04Apr2026 15:24:11.209] [main/DEBUG] [mixin/]: Selecting config simplyswords.mixins.json
[04Apr2026 15:24:11.211] [main/WARN] [mixin/]: Reference map 'simplyswords-forge-refmap.json' for simplyswords.mixins.json could not be read. If this is a development environment you can ignore this message
[04Apr2026 15:24:11.211] [main/DEBUG] [mixin/]: Selecting config moonlight-common.mixins.json
[04Apr2026 15:24:11.213] [main/DEBUG] [mixin/]: Selecting config moonlight.mixins.json
[04Apr2026 15:24:11.214] [main/DEBUG] [mixin/]: Selecting config cull-less-leaves.mixins.json
[04Apr2026 15:24:11.222] [main/DEBUG] [mixin/]: Selecting config forbidden_arcanus.mixins.json
[04Apr2026 15:24:11.224] [main/DEBUG] [mixin/]: Selecting config nethersdelight.mixins.json
[04Apr2026 15:24:11.231] [main/DEBUG] [mixin/]: Selecting config smoothboot.mixins.json
[04Apr2026 15:24:11.233] [main/DEBUG] [mixin/]: Selecting config skilltree.mixins.json
[04Apr2026 15:24:11.242] [main/DEBUG] [mixin/]: Selecting config atmospheric.mixins.json
[04Apr2026 15:24:11.243] [main/DEBUG] [mixin/]: Selecting config iceberg.mixins.json
[04Apr2026 15:24:11.246] [main/DEBUG] [mixin/]: Selecting config brutalbosses.mixins.json
[04Apr2026 15:24:11.248] [main/DEBUG] [mixin/]: Selecting config quark.mixins.json
[04Apr2026 15:24:11.260] [main/DEBUG] [mixin/]: Selecting config quark_integrations.mixins.json
[04Apr2026 15:24:11.262] [main/DEBUG] [mixin/]: Selecting config ars_elemental.mixins.json
[04Apr2026 15:24:11.264] [main/DEBUG] [mixin/]: Selecting config immersive_paintings.mixin.json
[04Apr2026 15:24:11.266] [main/WARN] [mixin/]: Reference map 'immersive_paintings-common-refmap.json' for immersive_paintings.mixin.json could not be read. If this is a development environment you can ignore this message
[04Apr2026 15:24:11.267] [main/DEBUG] [mixin/]: Selecting config mixins.irons_spellbooks.json
[04Apr2026 15:24:11.268] [main/DEBUG] [mixin/]: Selecting config doespotatotick.mixins.json
[04Apr2026 15:24:11.269] [main/DEBUG] [mixin/]: Selecting config ferritecore.predicates.mixin.json
[04Apr2026 15:24:11.285] [main/INFO] [com.teampotato.redirector.Redirector/]: Redirecting malte0811/ferritecore/mixin/config/FerriteMixinConfig$LithiumSupportState
[04Apr2026 15:24:11.294] [main/DEBUG] [mixin/]: Selecting config ferritecore.fastmap.mixin.json
[04Apr2026 15:24:11.296] [main/DEBUG] [mixin/]: Selecting config ferritecore.mrl.mixin.json
[04Apr2026 15:24:11.305] [main/DEBUG] [mixin/]: Selecting config ferritecore.dedupmultipart.mixin.json
[04Apr2026 15:24:11.307] [main/DEBUG] [mixin/]: Selecting config ferritecore.blockstatecache.mixin.json
[04Apr2026 15:24:11.310] [main/DEBUG] [mixin/]: Selecting config ferritecore.dedupbakedquad.mixin.json
[04Apr2026 15:24:11.311] [main/DEBUG] [mixin/]: Selecting config ferritecore.threaddetec.mixin.json
[04Apr2026 15:24:11.313] [main/DEBUG] [mixin/]: Selecting config apexcore.mixins.json
[04Apr2026 15:24:11.314] [main/DEBUG] [mixin/]: Selecting config majruszsenchantments-common.mixins.json
[04Apr2026 15:24:11.315] [main/DEBUG] [mixin/]: Selecting config forge-badoptimizations.mixins-common.json
[04Apr2026 15:24:11.320] [main/INFO] [BadOptimizations/]: Loading config from /home/sylein/cisco-server/config/badoptimizations.txt
[04Apr2026 15:24:11.321] [main/INFO] [BadOptimizations/]: Config version: 3
[04Apr2026 15:24:11.322] [main/INFO] [BadOptimizations/]: BadOptimizations config dump:
[04Apr2026 15:24:11.322] [main/INFO] [BadOptimizations/]: enable_toast_optimizations: true
[04Apr2026 15:24:11.322] [main/INFO] [BadOptimizations/]: ignore_mod_incompatibilities: false
[04Apr2026 15:24:11.323] [main/INFO] [BadOptimizations/]: lightmap_time_change_needed_for_update: 80
[04Apr2026 15:24:11.323] [main/INFO] [BadOptimizations/]: enable_lightmap_caching: true
[04Apr2026 15:24:11.323] [main/INFO] [BadOptimizations/]: enable_particle_manager_optimization: true
[04Apr2026 15:24:11.323] [main/INFO] [BadOptimizations/]: enable_entity_renderer_caching: true
[04Apr2026 15:24:11.323] [main/INFO] [BadOptimizations/]: log_config: true
[04Apr2026 15:24:11.323] [main/INFO] [BadOptimizations/]: enable_remove_redundant_fov_calculations: true
[04Apr2026 15:24:11.323] [main/INFO] [BadOptimizations/]: config_version: 3
[04Apr2026 15:24:11.323] [main/INFO] [BadOptimizations/]: enable_sky_angle_caching_in_worldrenderer: true
[04Apr2026 15:24:11.323] [main/INFO] [BadOptimizations/]: enable_block_entity_renderer_caching: true
[04Apr2026 15:24:11.323] [main/INFO] [BadOptimizations/]: skycolor_time_change_needed_for_update: 3
[04Apr2026 15:24:11.323] [main/INFO] [BadOptimizations/]: enable_entity_flag_caching: true
[04Apr2026 15:24:11.323] [main/INFO] [BadOptimizations/]: enable_debug_renderer_disable_if_not_needed: true
[04Apr2026 15:24:11.323] [main/INFO] [BadOptimizations/]: enable_sky_color_caching: true
[04Apr2026 15:24:11.324] [main/INFO] [BadOptimizations/]: enable_remove_tutorial_if_not_demo: true
[04Apr2026 15:24:11.324] [main/INFO] [BadOptimizations/]: show_f3_text: true
[04Apr2026 15:24:11.324] [main/INFO] [BadOptimizations/]: Disabled entity_renderer_caching because Twilight Forest is present
[04Apr2026 15:24:11.325] [main/DEBUG] [mixin/]: Selecting config forge-badoptimizations.mixins-forge.json
[04Apr2026 15:24:11.335] [main/DEBUG] [mixin/]: Selecting config packetfixer.v1_18.forge.mixins.json
[04Apr2026 15:24:11.338] [main/DEBUG] [mixin/]: Selecting config packetfixer.v1_19.forge.mixins.json
[04Apr2026 15:24:11.354] [main/INFO] [dev.tonimatas.packetfixer.mixins.v1_19_forge.MixinPlugin/]: Packet Fixer forge 1.19-1.19.2 has been applied successfully.
[04Apr2026 15:24:11.356] [main/DEBUG] [mixin/]: Selecting config packetfixer.v1_19_3.forge.mixins.json
[04Apr2026 15:24:11.359] [main/DEBUG] [mixin/]: Selecting config packetfixer.v1_19_4.forge.mixins.json
[04Apr2026 15:24:11.370] [main/DEBUG] [mixin/]: Selecting config packetfixer.v1_20_2.forge.mixins.json
[04Apr2026 15:24:11.372] [main/DEBUG] [mixin/]: Selecting config valhelsia_core.mixins.json
[04Apr2026 15:24:11.374] [main/DEBUG] [mixin/]: Selecting config overflowingbars.common.mixins.json
[04Apr2026 15:24:11.375] [main/DEBUG] [mixin/]: Selecting config mixinextras.init.mixins.json
[04Apr2026 15:24:11.377] [main/DEBUG] [mixin/]: Selecting config mixinsquared.init.mixins.json
[04Apr2026 15:24:11.394] [main/DEBUG] [mixin/]: Registering new target selector for @mixinsquared:handler with com.bawnorton.mixinsquared.selector.DynamicSelectorHandler
[04Apr2026 15:24:11.411] [main/DEBUG] [mixin/]: Selecting config enigmaticlegacy.mixins.json
[04Apr2026 15:24:11.414] [main/DEBUG] [mixin/]: Preparing saturn.mixins.json (33)
[04Apr2026 15:24:11.661] [main/DEBUG] [mixin/]: Preparing kubejs-forge.mixins.json (7)
[04Apr2026 15:24:11.694] [main/DEBUG] [net.minecraftforge.coremod.transformer.CoreModBaseTransformer/COREMOD]: Transforming net/minecraft/world/entity/Entity
[04Apr2026 15:24:11.856] [main/DEBUG] [mixin/]: Preparing kubejs-common.mixins.json (50)
[04Apr2026 15:24:11.915] [main/DEBUG] [net.minecraftforge.coremod.transformer.CoreModBaseTransformer/COREMOD]: Transforming net/minecraft/world/damagesource/DamageSource
[04Apr2026 15:24:11.961] [main/DEBUG] [mixin/]: @Mixin target net/minecraft/world/item/crafting/Ingredient$TagValue is public in kubejs-common.mixins.json:IngredientTagValueMixin and should be specified in value
[04Apr2026 15:24:11.969] [main/DEBUG] [net.minecraftforge.coremod.transformer.CoreModBaseTransformer/COREMOD]: Transforming m_218868_ with desc ()Ljava/util/OptionalInt;
[04Apr2026 15:24:11.991] [main/DEBUG] [net.minecraftforge.coremod.transformer.CoreModBaseTransformer/COREMOD]: Transforming m_41787_ with desc ()V
[04Apr2026 15:24:12.001] [main/DEBUG] [net.minecraftforge.coremod.transformer.CoreModBaseTransformer/COREMOD]: Transforming net/minecraft/world/item/ItemStack
[04Apr2026 15:24:12.015] [main/DEBUG] [net.minecraftforge.coremod.transformer.CoreModBaseTransformer/COREMOD]: Transforming getEnchantmentLevel with desc (Lnet/minecraft/world/item/enchantment/Enchantment;)I
[04Apr2026 15:24:12.024] [main/INFO] [net.minecraftforge.coremod.CoreMod.placebo/COREMODLOG]: Patching IForgeItemStack#getEnchantmentLevel
[04Apr2026 15:24:12.036] [main/DEBUG] [net.minecraftforge.coremod.transformer.CoreModBaseTransformer/COREMOD]: Transforming getAllEnchantments with desc ()Ljava/util/Map;
[04Apr2026 15:24:12.046] [main/INFO] [net.minecraftforge.coremod.CoreMod.placebo/COREMODLOG]: Patching IForgeItemStack#getEnchantmentLevel
[04Apr2026 15:24:12.060] [main/DEBUG] [net.minecraftforge.coremod.transformer.CoreModBaseTransformer/COREMOD]: Transforming canEquip with desc (Lnet/minecraft/world/entity/EquipmentSlot;Lnet/minecraft/world/entity/Entity;)Z
[04Apr2026 15:24:12.097] [main/DEBUG] [net.minecraftforge.coremod.transformer.CoreModBaseTransformer/COREMOD]: Transforming getHighlightTip with desc (Lnet/minecraft/network/chat/Component;)Lnet/minecraft/network/chat/Component;
[04Apr2026 15:24:12.106] [main/DEBUG] [net.minecraftforge.coremod.transformer.CoreModBaseTransformer/COREMOD]: Transforming getFoodProperties with desc (Lnet/minecraft/world/entity/LivingEntity;)Lnet/minecraft/world/food/FoodProperties;
[04Apr2026 15:24:12.212] [main/DEBUG] [mixin/]: Preparing betterdungeons.mixins.json (6)
[04Apr2026 15:24:12.234] [main/DEBUG] [mixin/]: Preparing betterdungeons_forge.mixins.json (0)
[04Apr2026 15:24:12.235] [main/DEBUG] [mixin/]: Preparing additionalentityattributes.mixins.json (4)
[04Apr2026 15:24:12.236] [main/DEBUG] [mixin/]: Preparing oriacs.mixins.json (8)
[04Apr2026 15:24:12.243] [main/WARN] [mixin/]: Error loading class: com/simibubi/create/content/contraptions/components/fan/AirCurrent (java.lang.ClassNotFoundException: com.simibubi.create.content.contraptions.components.fan.AirCurrent)
[04Apr2026 15:24:12.243] [main/DEBUG] [mixin/]: Skipping virtual target com.simibubi.create.content.contraptions.components.fan.AirCurrent for oriacs.mixins.json:AirCurrentMixin
[04Apr2026 15:24:12.263] [main/DEBUG] [mixin/]: Preparing playerAnimator-common.mixins.json (14)
[04Apr2026 15:24:12.263] [main/DEBUG] [mixin/]: Preparing majruszsdifficulty-common.mixins.json (7)
[04Apr2026 15:24:12.270] [main/DEBUG] [mixin/]: Preparing majruszsdifficulty-forge.mixins.json (1)
[04Apr2026 15:24:12.273] [main/DEBUG] [mixin/]: Preparing entitycollisionfpsfix.mixins.json (2)
[04Apr2026 15:24:12.273] [main/DEBUG] [mixin/]: Preparing entitycollisionfpsfix.forge.mixins.json (0)
[04Apr2026 15:24:12.273] [main/DEBUG] [mixin/]: Preparing nerb-common.mixins.json (4)
[04Apr2026 15:24:12.276] [main/DEBUG] [mixin/]: Preparing nerb.mixins.json (0)
[04Apr2026 15:24:12.276] [main/DEBUG] [mixin/]: Preparing apoli.mixins.json (47)
[04Apr2026 15:24:12.320] [main/DEBUG] [net.minecraftforge.coremod.transformer.CoreModBaseTransformer/COREMOD]: Transforming net/minecraft/world/effect/MobEffectInstance
[04Apr2026 15:24:12.351] [main/DEBUG] [mixin/]: Preparing rubidium.mixins.json (55)
[04Apr2026 15:24:12.351] [main/DEBUG] [mixin/]: Preparing rubidium.compat.mixins.json (1)
[04Apr2026 15:24:12.351] [main/DEBUG] [mixin/]: Preparing doapi-common.mixins.json (3)
[04Apr2026 15:24:12.351] [main/DEBUG] [mixin/]: Preparing doapi.mixins.json (7)
[04Apr2026 15:24:12.376] [main/DEBUG] [mixin/]: Preparing modernfix-common.mixins.json (91)
[04Apr2026 15:24:12.381] [main/DEBUG] [ModernFix/]: No rules matched mixin 'perf.compact_mojang_registries.MappedRegistryMixin', treating as foreign and disabling!
[04Apr2026 15:24:12.554] [main/DEBUG] [net.minecraftforge.coremod.transformer.CoreModBaseTransformer/COREMOD]: Transforming net/minecraft/world/level/biome/Biome
[04Apr2026 15:24:12.598] [main/DEBUG] [mixin/]: Preparing modernfix-forge.mixins.json (50)
[04Apr2026 15:24:12.690] [main/DEBUG] [mixin/]: Preparing armordamagelimit.mixins.json (1)
[04Apr2026 15:24:12.697] [main/DEBUG] [mixin/]: Preparing yungsapi.mixins.json (10)
[04Apr2026 15:24:12.703] [main/DEBUG] [yungsapi/]: Loaded com.yungnickyoung.minecraft.yungsapi.services.ForgePlatformHelper@74797b90 for service interface com.yungnickyoung.minecraft.yungsapi.services.IPlatformHelper
[04Apr2026 15:24:12.709] [main/DEBUG] [yungsapi/]: Loaded com.yungnickyoung.minecraft.yungsapi.services.ForgeAutoRegisterHelper@698e1bf5 for service interface com.yungnickyoung.minecraft.yungsapi.services.IAutoRegisterHelper
[04Apr2026 15:24:12.713] [main/DEBUG] [yungsapi/]: Loaded com.yungnickyoung.minecraft.yungsapi.services.ForgeBlockEntityTypeHelper@1d3e5a05 for service interface com.yungnickyoung.minecraft.yungsapi.services.IBlockEntityTypeHelper
[04Apr2026 15:24:12.751] [main/DEBUG] [mixin/]: Preparing yungsapi_forge.mixins.json (1)
[04Apr2026 15:24:12.752] [main/DEBUG] [mixin/]: Preparing maxhealthfix.common.mixins.json (1)
[04Apr2026 15:24:12.753] [main/DEBUG] [mixin/]: Preparing maxhealthfix.forge.mixins.json (0)
[04Apr2026 15:24:12.753] [main/DEBUG] [mixin/]: Preparing vinery-common.mixins.json (11)
[04Apr2026 15:24:12.763] [main/DEBUG] [mixin/]: Preparing vinery.mixins.json (0)
[04Apr2026 15:24:12.763] [main/DEBUG] [mixin/]: Preparing apotheosis.mixins.json (37)
[04Apr2026 15:24:12.786] [main/DEBUG] [net.minecraftforge.coremod.transformer.CoreModBaseTransformer/COREMOD]: Transforming net/minecraft/world/inventory/AnvilMenu
[04Apr2026 15:24:12.949] [main/INFO] [net.minecraftforge.coremod.CoreMod.apotheosis/COREMODLOG]: Replaced 2 calls to Enchantment#getMaxLevel() in net/minecraft/world/inventory/AnvilMenu
[04Apr2026 15:24:12.974] [main/DEBUG] [net.minecraftforge.coremod.transformer.CoreModBaseTransformer/COREMOD]: Transforming getEnchantmentLevel with desc (Lnet/minecraft/world/item/enchantment/Enchantment;)I
[04Apr2026 15:24:12.975] [main/INFO] [net.minecraftforge.coremod.CoreMod.placebo/COREMODLOG]: Patching IForgeItemStack#getEnchantmentLevel
[04Apr2026 15:24:12.976] [main/DEBUG] [net.minecraftforge.coremod.transformer.CoreModBaseTransformer/COREMOD]: Transforming getAllEnchantments with desc ()Ljava/util/Map;
[04Apr2026 15:24:12.977] [main/INFO] [net.minecraftforge.coremod.CoreMod.placebo/COREMODLOG]: Patching IForgeItemStack#getEnchantmentLevel
[04Apr2026 15:24:12.977] [main/DEBUG] [net.minecraftforge.coremod.transformer.CoreModBaseTransformer/COREMOD]: Transforming canEquip with desc (Lnet/minecraft/world/entity/EquipmentSlot;Lnet/minecraft/world/entity/Entity;)Z
[04Apr2026 15:24:12.978] [main/DEBUG] [net.minecraftforge.coremod.transformer.CoreModBaseTransformer/COREMOD]: Transforming getHighlightTip with desc (Lnet/minecraft/network/chat/Component;)Lnet/minecraft/network/chat/Component;
[04Apr2026 15:24:12.978] [main/DEBUG] [net.minecraftforge.coremod.transformer.CoreModBaseTransformer/COREMOD]: Transforming getFoodProperties with desc (Lnet/minecraft/world/entity/LivingEntity;)Lnet/minecraft/world/food/FoodProperties;
[04Apr2026 15:24:13.005] [main/DEBUG] [mixin/]: Preparing savage_and_ravage.mixins.json (7)
[04Apr2026 15:24:13.016] [main/DEBUG] [mixin/]: Preparing balm.mixins.json (14)
[04Apr2026 15:24:13.024] [main/DEBUG] [mixin/]: Preparing immersive_armors.mixins.json (10)
[04Apr2026 15:24:13.026] [main/DEBUG] [mixin/]: Preparing betterfortresses.mixins.json (6)
[04Apr2026 15:24:13.030] [main/DEBUG] [mixin/]: Preparing betterfortresses_forge.mixins.json (0)
[04Apr2026 15:24:13.030] [main/DEBUG] [mixin/]: Preparing autoleveling.mixins.json (4)
[04Apr2026 15:24:13.035] [main/WARN] [mixin/]: Error loading class: vazkii/neat/HealthBarRenderer (java.lang.ClassNotFoundException: vazkii.neat.HealthBarRenderer)
[04Apr2026 15:24:13.036] [main/WARN] [mixin/]: @Mixin target vazkii.neat.HealthBarRenderer was not found autoleveling.mixins.json:neat/HealthBarRendererMixin
[04Apr2026 15:24:13.036] [main/DEBUG] [mixin/]: Preparing leavesbegone.common.mixins.json (3)
[04Apr2026 15:24:13.046] [main/DEBUG] [mixin/]: Preparing supplementaries-common.mixins.json (64)
[04Apr2026 15:24:13.122] [main/DEBUG] [net.minecraftforge.coremod.transformer.CoreModBaseTransformer/COREMOD]: Transforming m_7373_ with desc (Lnet/minecraft/world/item/ItemStack;Lnet/minecraft/world/level/Level;Ljava/util/List;Lnet/minecraft/world/item/TooltipFlag;)V
[04Apr2026 15:24:13.152] [main/DEBUG] [mixin/]: Preparing supplementaries.mixins.json (20)
[04Apr2026 15:24:13.174] [main/DEBUG] [mixin/]: @Mixin target net/minecraft/world/entity/npc/VillagerTrades$TreasureMapForEmeralds is public in supplementaries.mixins.json:TreasureMapForEmeraldsMixin and should be specified in value
[04Apr2026 15:24:13.177] [main/DEBUG] [mixin/]: @Mixin target vectorwing.farmersdelight.common.block.TomatoVineBlock is public in supplementaries.mixins.json:CompatFarmersDelightMixin and should be specified in value
[04Apr2026 15:24:13.209] [main/DEBUG] [mixin/]: Preparing upgradednetherite.mixins.json (2)
[04Apr2026 15:24:13.210] [main/DEBUG] [mixin/]: Preparing structure_gel.mixins.json (14)
[04Apr2026 15:24:13.217] [main/DEBUG] [net.minecraftforge.coremod.transformer.CoreModBaseTransformer/COREMOD]: Transforming net/minecraft/world/level/levelgen/structure/Structure
[04Apr2026 15:24:13.228] [main/DEBUG] [mixin/]: Preparing combatroll.mixins.json (7)
[04Apr2026 15:24:13.237] [main/DEBUG] [mixin/]: Preparing morevillagers-common.mixins.json (2)
[04Apr2026 15:24:13.240] [main/DEBUG] [mixin/]: Preparing morevillagers.mixins.json (0)
[04Apr2026 15:24:13.240] [main/DEBUG] [mixin/]: Preparing repurposed_structures.mixins.json (28)
[04Apr2026 15:24:13.270] [main/DEBUG] [mixin/]: Preparing dungeons_plus.mixins.json (3)
[04Apr2026 15:24:13.270] [main/DEBUG] [mixin/]: Preparing darkerdepths.mixins.json (3)
[04Apr2026 15:24:13.278] [main/DEBUG] [mixin/]: Preparing servercore.common.mixins.json (61)
[04Apr2026 15:24:13.352] [main/DEBUG] [net.minecraftforge.coremod.transformer.CoreModBaseTransformer/COREMOD]: Transforming net/minecraft/world/level/block/LiquidBlock
[04Apr2026 15:24:13.357] [main/DEBUG] [mixin/]: Preparing highlighter.mixins.json (4)
[04Apr2026 15:24:13.357] [main/DEBUG] [mixin/]: Preparing reeses_sodium_options.mixins.json (7)
[04Apr2026 15:24:13.357] [main/DEBUG] [mixin/]: Preparing curios.mixins.json (8)
[04Apr2026 15:24:13.361] [main/DEBUG] [mixin/]: Preparing origins.mixins.json (10)
[04Apr2026 15:24:13.367] [main/DEBUG] [mixin/]: Preparing noisium.mixins.json (3)
[04Apr2026 15:24:13.375] [main/DEBUG] [mixin/]: Preparing cumulus_menus.mixins.json (4)
[04Apr2026 15:24:13.375] [main/DEBUG] [mixin/]: Preparing pluto.mixins.json (16)
[04Apr2026 15:24:13.387] [main/DEBUG] [net.minecraftforge.coremod.transformer.CoreModBaseTransformer/COREMOD]: Transforming m_8543_ with desc ()V
[04Apr2026 15:24:13.401] [main/DEBUG] [mixin/]: Preparing apothiccurios.mixins.json (2)
[04Apr2026 15:24:13.404] [main/DEBUG] [mixin/]: Preparing betterendisland.mixins.json (8)
[04Apr2026 15:24:13.418] [main/DEBUG] [mixin/]: Preparing betterendisland_forge.mixins.json (0)
[04Apr2026 15:24:13.419] [main/DEBUG] [mixin/]: Preparing nitrogen_internals.mixins.json (0)
[04Apr2026 15:24:13.419] [main/DEBUG] [mixin/]: Preparing celestisynth.mixins.json (8)
[04Apr2026 15:24:13.422] [main/DEBUG] [mixin/]: Preparing deep_aether.mixins.json (10)
[04Apr2026 15:24:13.429] [main/DEBUG] [mixin/]: Preparing bettermineshafts.mixins.json (4)
[04Apr2026 15:24:13.430] [main/DEBUG] [mixin/]: Preparing bettermineshafts_forge.mixins.json (0)
[04Apr2026 15:24:13.430] [main/DEBUG] [mixin/]: Preparing majruszlibrary-common.mixins.json (56)
[04Apr2026 15:24:13.458] [main/DEBUG] [net.minecraftforge.coremod.transformer.CoreModBaseTransformer/COREMOD]: Transforming m_37145_ with desc (Lnet/minecraft/core/BlockPos;)V
[04Apr2026 15:24:13.465] [main/INFO] [net.minecraftforge.coremod.CoreMod.apotheosis/COREMODLOG]: Patching FishingHook#catchingFish
[04Apr2026 15:24:13.485] [main/DEBUG] [mixin/]: Preparing majruszlibrary-forge.mixins.json (4)
[04Apr2026 15:24:13.486] [main/DEBUG] [mixin/]: Preparing betterjungletemples.mixins.json (7)
[04Apr2026 15:24:13.488] [main/DEBUG] [mixin/]: Preparing betterjungletemples_forge.mixins.json (0)
[04Apr2026 15:24:13.488] [main/DEBUG] [mixin/]: Preparing elytraslot-integrations.mixins.json (4)
[04Apr2026 15:24:13.492] [main/DEBUG] [Elytra Slot/]: Loaded com.illusivesoulworks.elytraslot.platform.ForgeElytraPlatform@811d8d6 for service interface com.illusivesoulworks.elytraslot.platform.services.IElytraPlatform
[04Apr2026 15:24:13.493] [main/DEBUG] [Elytra Slot/]: Loaded com.illusivesoulworks.elytraslot.platform.ForgePlatform@1c966488 for service interface com.illusivesoulworks.elytraslot.platform.services.IPlatform
[04Apr2026 15:24:13.494] [main/DEBUG] [Elytra Slot/]: Loaded com.illusivesoulworks.elytraslot.platform.ForgeClientPlatform@f26cd76 for service interface com.illusivesoulworks.elytraslot.platform.services.IClientPlatform
[04Apr2026 15:24:13.495] [main/DEBUG] [Elytra Slot/]: Loaded com.illusivesoulworks.elytraslot.platform.ForgeLoadingPlatform@10bcbbed for service interface com.illusivesoulworks.elytraslot.platform.services.ILoadingPlatform
[04Apr2026 15:24:13.496] [main/DEBUG] [mixin/]: Preparing ftblibrary-common.mixins.json (5)
[04Apr2026 15:24:13.500] [main/DEBUG] [mixin/]: Preparing mutantmonsters.common.mixins.json (2)
[04Apr2026 15:24:13.502] [main/DEBUG] [mixin/]: Preparing attributefix.mixins.json (1)
[04Apr2026 15:24:13.503] [main/DEBUG] [mixin/]: Preparing pehkui.mixins.json (280)
[04Apr2026 15:24:13.509] [main/DEBUG] [net.minecraftforge.versions.mcp.MCPVersion/CORE]: MCP Version package package net.minecraftforge.versions.mcp, Minecraft, version 1.19.2 from cpw.mods.modlauncher.TransformingClassLoader@69c33ea2
[04Apr2026 15:24:13.509] [main/DEBUG] [net.minecraftforge.versions.mcp.MCPVersion/CORE]: Found MC version information 1.19.2
[04Apr2026 15:24:13.509] [main/DEBUG] [net.minecraftforge.versions.mcp.MCPVersion/CORE]: Found MCP version information 20220805.130853
[04Apr2026 15:24:13.670] [main/DEBUG] [mixin/]: Preparing goblintraders.mixins.json (5)
[04Apr2026 15:24:13.673] [main/DEBUG] [mixin/]: Preparing caelus.mixins.json (4)
[04Apr2026 15:24:13.674] [main/DEBUG] [mixin/]: Preparing paxi.mixins.json (1)
[04Apr2026 15:24:13.674] [main/DEBUG] [mixin/]: Preparing paxi_forge.mixins.json (1)
[04Apr2026 15:24:13.676] [main/DEBUG] [mixin/]: Preparing fastasyncworldsave.mixins.json (1)
[04Apr2026 15:24:13.677] [main/DEBUG] [mixin/]: Preparing craterlib.mixins.json (13)
[04Apr2026 15:24:13.681] [main/DEBUG] [mixin/]: Preparing craterlib.forge.mixins.json (2)
[04Apr2026 15:24:13.681] [main/DEBUG] [mixin/]: Preparing starlight.mixins.json (13)
[04Apr2026 15:24:13.690] [main/DEBUG] [mixin/]: Preparing corpsecurioscompat.mixins.json (1)
[04Apr2026 15:24:13.691] [main/DEBUG] [mixin/]: Preparing ars_nouveau.mixins.json (26)
[04Apr2026 15:24:13.700] [main/DEBUG] [mixin/]: Preparing crafttweaker.mixins.json (29)
[04Apr2026 15:24:13.712] [main/DEBUG] [mixin/]: Preparing crafttweaker.forge.mixins.json (7)
[04Apr2026 15:24:13.715] [main/DEBUG] [mixin/]: Preparing memoryleakfix.mixins.json (7)
[04Apr2026 15:24:13.722] [main/DEBUG] [mixin/]: Preparing rubidium_extras.mixins.json (19)
[04Apr2026 15:24:13.725] [main/DEBUG] [mixin/]: Preparing terrablender.mixins.json (4)
[04Apr2026 15:24:13.732] [main/DEBUG] [mixin/]: Preparing terrablender_forge.mixins.json (1)
[04Apr2026 15:24:13.734] [main/DEBUG] [mixin/]: Preparing bettercombat.mixins.json (16)
[04Apr2026 15:24:13.738] [main/DEBUG] [mixin/]: Preparing mousetweaks.mixins.json (1)
[04Apr2026 15:24:13.739] [main/DEBUG] [mixin/]: Preparing necronomicon.forge.mixins.json (1)
[04Apr2026 15:24:13.739] [main/DEBUG] [mixin/]: Preparing itemproductionlib.mixins.json (10)
[04Apr2026 15:24:13.747] [main/WARN] [mixin/]: Error loading class: tfar/davespotioneering/blockentity/AdvancedBrewingStandBlockEntity (java.lang.ClassNotFoundException: tfar.davespotioneering.blockentity.AdvancedBrewingStandBlockEntity)
[04Apr2026 15:24:13.747] [main/WARN] [mixin/]: @Mixin target tfar.davespotioneering.blockentity.AdvancedBrewingStandBlockEntity was not found itemproductionlib.mixins.json:davespotioneering/AdvancedBrewingStandBlockEntityMixin
[04Apr2026 15:24:13.755] [main/WARN] [mixin/]: Error loading class: fuzs/visualworkbench/world/inventory/ModCraftingMenu (java.lang.ClassNotFoundException: fuzs.visualworkbench.world.inventory.ModCraftingMenu)
[04Apr2026 15:24:13.755] [main/WARN] [mixin/]: @Mixin target fuzs.visualworkbench.world.inventory.ModCraftingMenu was not found itemproductionlib.mixins.json:visualworkbench/ModCraftingMenuMixin
[04Apr2026 15:24:13.755] [main/DEBUG] [mixin/]: Preparing corgilib.mixins.json (7)
[04Apr2026 15:24:13.758] [main/DEBUG] [mixin/]: Preparing corgilib.forge.mixins.json (0)
[04Apr2026 15:24:13.758] [main/DEBUG] [mixin/]: Preparing fastpaintings.mixins.json (4)
[04Apr2026 15:24:13.759] [main/DEBUG] [mixin/]: Preparing fastpaintings-forge.mixins.json (0)
[04Apr2026 15:24:13.759] [main/DEBUG] [mixin/]: Preparing aeroblender.mixins.json (8)
[04Apr2026 15:24:13.763] [main/DEBUG] [mixin/]: Preparing betterfpsdist.mixins.json (4)
[04Apr2026 15:24:13.763] [main/DEBUG] [mixin/]: Preparing brewinandchewin.mixins.json (1)
[04Apr2026 15:24:13.763] [main/DEBUG] [mixin/]: Preparing farmersrespite.mixins.json (1)
[04Apr2026 15:24:13.764] [main/DEBUG] [mixin/]: Preparing mixin.imdlib-whisperwoods.json (5)
[04Apr2026 15:24:13.766] [main/DEBUG] [mixin/]: Preparing whisperwoods.mixins.json (3)
[04Apr2026 15:24:13.767] [main/DEBUG] [mixin/]: Preparing whisperwoods-forge.mixins.json (1)
[04Apr2026 15:24:13.767] [main/DEBUG] [mixin/]: Preparing ecologics-common.mixins.json (3)
[04Apr2026 15:24:13.769] [main/DEBUG] [mixin/]: Preparing ecologics.mixins.json (2)
[04Apr2026 15:24:13.771] [main/DEBUG] [mixin/]: Preparing xaerohud.mixins.json (22)
[04Apr2026 15:24:13.772] [main/DEBUG] [mixin/]: Preparing xaerohud.forge.mixins.json (0)
[04Apr2026 15:24:13.772] [main/DEBUG] [mixin/]: Preparing xaerominimap.mixins.json (0)
[04Apr2026 15:24:13.772] [main/DEBUG] [mixin/]: Preparing xaerominimap.forge.mixins.json (0)
[04Apr2026 15:24:13.772] [main/DEBUG] [mixin/]: Preparing bocchium.mixins.json (2)
[04Apr2026 15:24:13.772] [main/DEBUG] [mixin/]: Preparing polymorph.mixins.json (8)
[04Apr2026 15:24:13.774] [main/DEBUG] [mixin/]: Preparing polymorph-integrations.forge.mixins.json (2)
[04Apr2026 15:24:13.775] [main/DEBUG] [mixin/]: Preparing entityculling.mixins.json (6)
[04Apr2026 15:24:13.775] [main/DEBUG] [mixin/]: Preparing canary.mixins.json (204)
[04Apr2026 15:24:13.817] [main/WARN] [Canary/]: Force-disabling mixin 'entity.collisions.suffocation.EntityMixin' as rule 'mixin.entity.collisions.suffocation' (added by user configuration) disables it and children
[04Apr2026 15:24:13.929] [main/DEBUG] [mixin/]: Preparing immediatelyfast-forge.mixins.json (4)
[04Apr2026 15:24:13.929] [main/DEBUG] [mixin/]: Preparing immediatelyfast-common.mixins.json (36)
[04Apr2026 15:24:13.929] [main/DEBUG] [mixin/]: Preparing tlc.mixins.json (0)
[04Apr2026 15:24:13.929] [main/DEBUG] [mixin/]: Preparing lootr.mixins.json (7)
[04Apr2026 15:24:13.933] [main/DEBUG] [mixin/]: Preparing biomemusic.mixins.json (5)
[04Apr2026 15:24:13.933] [main/DEBUG] [mixin/]: Preparing puzzleslib.common.mixins.json (1)
[04Apr2026 15:24:13.933] [main/DEBUG] [mixin/]: Preparing puzzleslib.forge.mixins.json (7)
[04Apr2026 15:24:13.939] [main/DEBUG] [mixin/]: Preparing byg.mixins.json (104)
[04Apr2026 15:24:13.984] [main/DEBUG] [net.minecraftforge.coremod.transformer.CoreModBaseTransformer/COREMOD]: Transforming net/minecraft/world/level/block/StairBlock
[04Apr2026 15:24:14.020] [main/DEBUG] [mixin/]: Preparing byg_forge.mixins.json (4)
[04Apr2026 15:24:14.021] [main/DEBUG] [mixin/]: Preparing chunksending.mixins.json (2)
[04Apr2026 15:24:14.022] [main/DEBUG] [mixin/]: Preparing aquamirae.mixins.json (1)
[04Apr2026 15:24:14.023] [main/DEBUG] [mixin/]: Preparing defaultoptions.mixins.json (4)
[04Apr2026 15:24:14.023] [main/DEBUG] [mixin/]: Preparing blue_skies.mixins.json (20)
[04Apr2026 15:24:14.027] [main/DEBUG] [mixin/]: Preparing mixins.transmog.common.json (6)
[04Apr2026 15:24:14.028] [main/DEBUG] [mixin/]: Preparing mixins.transmog.forge.json (0)
[04Apr2026 15:24:14.028] [main/DEBUG] [mixin/]: Preparing ars_additions.mixins.json (8)
[04Apr2026 15:24:14.041] [main/DEBUG] [mixin/]: Preparing recipeessentials.mixins.json (15)
[04Apr2026 15:24:14.052] [main/INFO] [com.cupboard.Cupboard/]: Loaded config for: recipeessentials.json
[04Apr2026 15:24:14.069] [main/DEBUG] [mixin/]: Preparing aether.mixins.json (53)
[04Apr2026 15:24:14.095] [main/DEBUG] [mixin/]: Preparing galosphere.mixins.json (12)
[04Apr2026 15:24:14.099] [main/DEBUG] [mixin/]: Preparing betteroceanmonuments.mixins.json (5)
[04Apr2026 15:24:14.100] [main/DEBUG] [mixin/]: Preparing betteroceanmonuments_forge.mixins.json (0)
[04Apr2026 15:24:14.100] [main/DEBUG] [mixin/]: Preparing connectivity.mixins.json (19)
[04Apr2026 15:24:14.112] [main/DEBUG] [mixin/]: Preparing gpumemleakfix.mixins.json (1)
[04Apr2026 15:24:14.112] [main/DEBUG] [mixin/]: Preparing insanelib.mixins.json (0)
[04Apr2026 15:24:14.112] [main/DEBUG] [mixin/]: Preparing structureessentials.mixins.json (8)
[04Apr2026 15:24:14.118] [main/INFO] [com.cupboard.Cupboard/]: Loaded config for: structureessentials.json
[04Apr2026 15:24:14.123] [main/DEBUG] [mixin/]: Preparing controlling.mixins.json (5)
[04Apr2026 15:24:14.123] [main/DEBUG] [mixin/]: Preparing controlling.forge.mixins.json (0)
[04Apr2026 15:24:14.123] [main/DEBUG] [mixin/]: Preparing xaeroworldmap.mixins.json (12)
[04Apr2026 15:24:14.124] [main/DEBUG] [mixin/]: Preparing xaeroworldmap.forge.mixins.json (2)
[04Apr2026 15:24:14.124] [main/DEBUG] [mixin/]: Preparing citadel.mixins.json (17)
[04Apr2026 15:24:14.137] [main/DEBUG] [mixin/]: Preparing placebo.mixins.json (5)
[04Apr2026 15:24:14.139] [main/DEBUG] [mixin/]: Preparing prism.mixins.json (1)
[04Apr2026 15:24:14.140] [main/DEBUG] [mixin/]: Preparing lootintegrations.mixins.json (3)
[04Apr2026 15:24:14.141] [main/DEBUG] [mixin/]: Preparing item_obliterator.mixins.json (6)
[04Apr2026 15:24:14.143] [main/DEBUG] [mixin/]: Preparing bakery-common.mixins.json (1)
[04Apr2026 15:24:14.144] [main/DEBUG] [mixin/]: Preparing bakery.mixins.json (0)
[04Apr2026 15:24:14.144] [main/DEBUG] [mixin/]: Preparing bookshelf.common.mixins.json (19)
[04Apr2026 15:24:14.153] [main/DEBUG] [mixin/]: Preparing bookshelf.forge.mixins.json (1)
[04Apr2026 15:24:14.154] [main/DEBUG] [mixin/]: Preparing twigs.mixins.json (5)
[04Apr2026 15:24:14.158] [main/DEBUG] [mixin/]: Preparing relics.mixins.json (15)
[04Apr2026 15:24:14.163] [main/DEBUG] [mixin/]: Preparing progressivebosses.mixins.json (13)
[04Apr2026 15:24:14.173] [main/DEBUG] [mixin/]: Preparing takesapillage.mixins.json (3)
[04Apr2026 15:24:14.176] [main/DEBUG] [mixin/]: Preparing bygonenether.mixins.json (7)
[04Apr2026 15:24:14.179] [main/DEBUG] [mixin/]: Preparing carryon.mixins.json (5)
[04Apr2026 15:24:14.181] [main/DEBUG] [mixin/]: Preparing carryon.forge.mixins.json (0)
[04Apr2026 15:24:14.181] [main/DEBUG] [mixin/]: Preparing melody.mixins.json (3)
[04Apr2026 15:24:14.181] [main/DEBUG] [mixin/]: Preparing melody.forge.mixins.json (0)
[04Apr2026 15:24:14.182] [main/DEBUG] [mixin/]: Preparing dragonmounts.mixins.json (3)
[04Apr2026 15:24:14.182] [main/DEBUG] [mixin/]: Preparing dummmmmmy-common.mixins.json (2)
[04Apr2026 15:24:14.184] [main/DEBUG] [mixin/]: Preparing dummmmmmy.mixins.json (0)
[04Apr2026 15:24:14.184] [main/DEBUG] [mixin/]: Preparing konkrete.mixin.json (4)
[04Apr2026 15:24:14.184] [main/DEBUG] [mixin/]: Preparing farmersdelight.mixins.json (9)
[04Apr2026 15:24:14.190] [main/DEBUG] [mixin/]: Preparing getittogetherdrops.mixins.json (1)
[04Apr2026 15:24:14.191] [main/DEBUG] [mixin/]: Preparing endrem.mixins.json (1)
[04Apr2026 15:24:14.194] [main/DEBUG] [mixin/]: Preparing longnbtkiller.mixins.json (3)
[04Apr2026 15:24:14.195] [main/DEBUG] [mixin/]: Preparing lionfishapi.mixins.json (2)
[04Apr2026 15:24:14.196] [main/DEBUG] [mixin/]: Preparing cataclysm.mixins.json (28)
[04Apr2026 15:24:14.211] [main/DEBUG] [mixin/]: Preparing memorysettings.mixins.json (1)
[04Apr2026 15:24:14.212] [main/DEBUG] [mixin/]: Preparing patchouli_xplat.mixins.json (9)
[04Apr2026 15:24:14.213] [main/DEBUG] [mixin/]: Preparing origins_classes.mixins.json (26)
[04Apr2026 15:24:14.225] [main/WARN] [mixin/]: Error loading class: shadows/apotheosis/ench/table/ApothEnchantContainer (java.lang.ClassNotFoundException: shadows.apotheosis.ench.table.ApothEnchantContainer)
[04Apr2026 15:24:14.226] [main/WARN] [mixin/]: @Mixin target shadows.apotheosis.ench.table.ApothEnchantContainer was not found origins_classes.mixins.json:common.apotheosis.ApotheosisEnchantmentMenuMixin
[04Apr2026 15:24:14.231] [main/WARN] [mixin/]: Error loading class: se/mickelus/tetra/blocks/workbench/WorkbenchTile (java.lang.ClassNotFoundException: se.mickelus.tetra.blocks.workbench.WorkbenchTile)
[04Apr2026 15:24:14.232] [main/WARN] [mixin/]: @Mixin target se.mickelus.tetra.blocks.workbench.WorkbenchTile was not found origins_classes.mixins.json:common.tetra.WorkbenchTileMixin
[04Apr2026 15:24:14.233] [main/DEBUG] [mixin/]: Preparing forge-dramaticdoors_forge.mixins.json (14)
[04Apr2026 15:24:14.244] [main/DEBUG] [mixin/]: Preparing betterthirdperson.mixins.json (6)
[04Apr2026 15:24:14.244] [main/DEBUG] [mixin/]: Preparing ftbultimine-common.mixins.json (2)
[04Apr2026 15:24:14.246] [main/DEBUG] [mixin/]: Preparing nightconfigfixes.forge.mixins.json (2)
[04Apr2026 15:24:14.247] [main/DEBUG] [mixin/]: Preparing betterstrongholds.mixins.json (3)
[04Apr2026 15:24:14.249] [main/DEBUG] [mixin/]: Preparing betterstrongholds_forge.mixins.json (0)
[04Apr2026 15:24:14.249] [main/DEBUG] [mixin/]: Preparing architectury.mixins.json (8)
[04Apr2026 15:24:14.252] [main/DEBUG] [mixin/]: Preparing architectury-common.mixins.json (9)
[04Apr2026 15:24:14.255] [main/DEBUG] [net.minecraftforge.coremod.transformer.CoreModBaseTransformer/COREMOD]: Transforming net/minecraft/world/item/BucketItem
[04Apr2026 15:24:14.266] [main/DEBUG] [mixin/]: Preparing mixins.deeperdarker.json (5)
[04Apr2026 15:24:14.276] [main/WARN] [mixin/]: Error loading class: net/minecraft/client/renderer/entity/PhantomRenderer (java.lang.ClassNotFoundException: net.minecraft.client.renderer.entity.PhantomRenderer)
[04Apr2026 15:24:14.277] [main/WARN] [mixin/]: @Mixin target net.minecraft.client.renderer.entity.PhantomRenderer was not found mixins.deeperdarker.json:PhantomRendererMixin
[04Apr2026 15:24:14.280] [main/DEBUG] [mixin/]: Preparing cupboard.mixins.json (5)
[04Apr2026 15:24:14.282] [main/DEBUG] [mixin/]: Preparing smallships-common.mixins.json (14)
[04Apr2026 15:24:14.293] [main/DEBUG] [mixin/]: Preparing smallships-common-soft.mixins.json (1)
[04Apr2026 15:24:14.294] [main/DEBUG] [mixin/]: Preparing smallships.mixins.json (0)
[04Apr2026 15:24:14.294] [main/DEBUG] [mixin/]: Preparing letmedespawn.mixins.json (3)
[04Apr2026 15:24:14.295] [main/DEBUG] [mixin/]: Preparing t_and_t.mixins.json (1)
[04Apr2026 15:24:14.295] [main/DEBUG] [mixin/]: Preparing toomanyglyphs.mixins.json (3)
[04Apr2026 15:24:14.299] [main/DEBUG] [mixin/]: Preparing yeetusexperimentus.mixins.json (3)
[04Apr2026 15:24:14.299] [main/DEBUG] [mixin/]: Preparing majruszsaccessories-common.mixins.json (2)
[04Apr2026 15:24:14.299] [main/DEBUG] [mixin/]: Preparing bhmenu.mixins.json (2)
[04Apr2026 15:24:14.299] [main/DEBUG] [mixin/]: Preparing rhino-common.mixins.json (8)
[04Apr2026 15:24:14.305] [main/DEBUG] [mixin/]: Preparing octolib.mixins.json (0)
[04Apr2026 15:24:14.305] [main/DEBUG] [mixin/]: Preparing itemfilters-common.mixins.json (1)
[04Apr2026 15:24:14.306] [main/DEBUG] [mixin/]: Preparing obscure_api.mixins.json (6)
[04Apr2026 15:24:14.307] [main/DEBUG] [mixin/]: Preparing waystones.mixins.json (3)
[04Apr2026 15:24:14.309] [main/DEBUG] [mixin/]: @Mixin target net/minecraft/world/level/levelgen/structure/pools/JigsawPlacement$Placer is public in waystones.mixins.json:JigsawPlacementPlacerMixin and should be specified in value
[04Apr2026 15:24:14.309] [main/DEBUG] [mixin/]: Preparing fantasyfurniture.mixins.json (1)
[04Apr2026 15:24:14.309] [main/DEBUG] [mixin/]: Preparing clumps.mixins.json (2)
[04Apr2026 15:24:14.310] [main/DEBUG] [mixin/]: Preparing comforts.mixins.json (1)
[04Apr2026 15:24:14.311] [main/DEBUG] [mixin/]: Preparing decorative_blocks.mixins.json (6)
[04Apr2026 15:24:14.314] [main/DEBUG] [mixin/]: Preparing enigmaticaddons.mixins.json (34)
[04Apr2026 15:24:14.361] [main/DEBUG] [mixin/]: Preparing myserveriscompatible.mixins.json (1)
[04Apr2026 15:24:14.361] [main/DEBUG] [mixin/]: Preparing lazydfu.mixins.json (1)
[04Apr2026 15:24:14.362] [main/DEBUG] [mixin/]: Preparing betterdeserttemples.mixins.json (8)
[04Apr2026 15:24:14.365] [main/DEBUG] [mixin/]: Preparing betterdeserttemples_forge.mixins.json (0)
[04Apr2026 15:24:14.365] [main/DEBUG] [mixin/]: Preparing mixins.bosses_of_mass_destruction.json (14)
[04Apr2026 15:24:14.369] [main/DEBUG] [mixin/]: Preparing blueprint.mixins.json (31)
[04Apr2026 15:24:14.385] [main/DEBUG] [mixin/]: @Mixin target net/minecraft/world/level/levelgen/SurfaceRules$Context is public in blueprint.mixins.json:SurfaceRulesContextMixin and should be specified in value
[04Apr2026 15:24:14.385] [main/DEBUG] [mixin/]: Preparing azurelib.mixins.json (0)
[04Apr2026 15:24:14.385] [main/DEBUG] [mixin/]: Preparing azurelib.forge.mixins.json (11)
[04Apr2026 15:24:14.386] [main/DEBUG] [mixin/]: Preparing ftbchunks-common.mixins.json (6)
[04Apr2026 15:24:14.389] [main/DEBUG] [mixin/]: Preparing travelerstitles.mixins.json (3)
[04Apr2026 15:24:14.389] [main/DEBUG] [mixin/]: Preparing travelerstitles_forge.mixins.json (1)
[04Apr2026 15:24:14.389] [main/DEBUG] [mixin/]: Preparing toofast.mixins.json (1)
[04Apr2026 15:24:14.389] [main/DEBUG] [mixin/]: Preparing simplyswords-common.mixins.json (0)
[04Apr2026 15:24:14.389] [main/DEBUG] [mixin/]: Preparing simplyswords.mixins.json (0)
[04Apr2026 15:24:14.389] [main/DEBUG] [mixin/]: Preparing moonlight-common.mixins.json (26)
[04Apr2026 15:24:14.408] [main/DEBUG] [mixin/]: Preparing moonlight.mixins.json (10)
[04Apr2026 15:24:14.414] [main/DEBUG] [mixin/]: Preparing cull-less-leaves.mixins.json (4)
[04Apr2026 15:24:14.414] [main/DEBUG] [mixin/]: Preparing forbidden_arcanus.mixins.json (12)
[04Apr2026 15:24:14.418] [main/DEBUG] [mixin/]: Preparing nethersdelight.mixins.json (4)
[04Apr2026 15:24:14.423] [main/DEBUG] [mixin/]: Preparing smoothboot.mixins.json (5)
[04Apr2026 15:24:14.426] [main/DEBUG] [mixin/]: Preparing skilltree.mixins.json (28)
[04Apr2026 15:24:14.442] [main/WARN] [mixin/]: Error loading class: fuzs/easymagic/world/inventory/ModEnchantmentMenu (java.lang.ClassNotFoundException: fuzs.easymagic.world.inventory.ModEnchantmentMenu)
[04Apr2026 15:24:14.443] [main/WARN] [mixin/]: @Mixin target fuzs.easymagic.world.inventory.ModEnchantmentMenu was not found skilltree.mixins.json:easymagic/ModEnchantmentMenuMixin
[04Apr2026 15:24:14.447] [main/DEBUG] [mixin/]: Preparing atmospheric.mixins.json (11)
[04Apr2026 15:24:14.453] [main/DEBUG] [mixin/]: @Mixin target net/minecraft/world/item/SwordItem is public in atmospheric.mixins.json:SwordItemMixin and should be specified in value
[04Apr2026 15:24:14.454] [main/DEBUG] [mixin/]: @Mixin target net/minecraft/world/item/ShearsItem is public in atmospheric.mixins.json:SwordItemMixin and should be specified in value
[04Apr2026 15:24:14.454] [main/DEBUG] [mixin/]: Preparing iceberg.mixins.json (6)
[04Apr2026 15:24:14.455] [main/DEBUG] [mixin/]: Preparing brutalbosses.mixins.json (9)
[04Apr2026 15:24:14.460] [main/DEBUG] [mixin/]: Preparing quark.mixins.json (106)
[04Apr2026 15:24:14.487] [main/DEBUG] [net.minecraftforge.coremod.transformer.CoreModBaseTransformer/COREMOD]: Transforming net/minecraft/world/entity/npc/VillagerTrades$EnchantBookForEmeralds
[04Apr2026 15:24:14.571] [main/INFO] [net.minecraftforge.coremod.CoreMod.apotheosis/COREMODLOG]: Replaced 1 calls to Enchantment#getMaxLevel() in net/minecraft/world/entity/npc/VillagerTrades$EnchantBookForEmeralds
[04Apr2026 15:24:14.573] [main/INFO] [net.minecraftforge.coremod.CoreMod.apotheosis/COREMODLOG]: Replaced 1 calls to Enchantment#isTreasureOnly() in net/minecraft/world/entity/npc/VillagerTrades$EnchantBookForEmeralds
[04Apr2026 15:24:14.573] [main/INFO] [net.minecraftforge.coremod.CoreMod.apotheosis/COREMODLOG]: Replaced 1 calls to Enchantment#isTradeable() in net/minecraft/world/entity/npc/VillagerTrades$EnchantBookForEmeralds
[04Apr2026 15:24:14.575] [main/DEBUG] [net.minecraftforge.coremod.transformer.CoreModBaseTransformer/COREMOD]: Transforming net/minecraft/world/item/EnchantedBookItem
[04Apr2026 15:24:14.606] [main/INFO] [net.minecraftforge.coremod.CoreMod.apotheosis/COREMODLOG]: Replaced 2 calls to Enchantment#getMaxLevel() in net/minecraft/world/item/EnchantedBookItem
[04Apr2026 15:24:14.608] [main/DEBUG] [net.minecraftforge.coremod.transformer.CoreModBaseTransformer/COREMOD]: Transforming net/minecraft/world/level/storage/loot/functions/EnchantRandomlyFunction
[04Apr2026 15:24:14.633] [main/INFO] [net.minecraftforge.coremod.CoreMod.apotheosis/COREMODLOG]: Replaced 1 calls to Enchantment#getMaxLevel() in net/minecraft/world/level/storage/loot/functions/EnchantRandomlyFunction
[04Apr2026 15:24:14.633] [main/INFO] [net.minecraftforge.coremod.CoreMod.apotheosis/COREMODLOG]: Replaced 1 calls to Enchantment#isDiscoverable() in net/minecraft/world/level/storage/loot/functions/EnchantRandomlyFunction
[04Apr2026 15:24:14.658] [main/DEBUG] [mixin/]: Preparing quark_integrations.mixins.json (1)
[04Apr2026 15:24:14.662] [main/DEBUG] [mixin/]: Preparing ars_elemental.mixins.json (15)
[04Apr2026 15:24:14.680] [main/DEBUG] [mixin/]: Preparing immersive_paintings.mixin.json (0)
[04Apr2026 15:24:14.680] [main/DEBUG] [mixin/]: Preparing mixins.irons_spellbooks.json (21)
[04Apr2026 15:24:14.686] [main/DEBUG] [net.minecraftforge.coremod.transformer.CoreModBaseTransformer/COREMOD]: Transforming m_78204_ with desc (Lcom/mojang/serialization/Dynamic;Lcom/mojang/datafixers/DataFixer;I)Lcom/mojang/datafixers/util/Pair;
[04Apr2026 15:24:14.697] [main/DEBUG] [mixin/]: Preparing doespotatotick.mixins.json (7)
[04Apr2026 15:24:14.699] [main/DEBUG] [mixin/]: Preparing ferritecore.predicates.mixin.json (3)
[04Apr2026 15:24:14.699] [main/DEBUG] [mixin/]: Preparing ferritecore.fastmap.mixin.json (1)
[04Apr2026 15:24:14.702] [main/DEBUG] [mixin/]: Preparing ferritecore.mrl.mixin.json (2)
[04Apr2026 15:24:14.702] [main/DEBUG] [mixin/]: Preparing ferritecore.dedupmultipart.mixin.json (2)
[04Apr2026 15:24:14.702] [main/DEBUG] [mixin/]: Preparing ferritecore.blockstatecache.mixin.json (8)
[04Apr2026 15:24:14.706] [main/DEBUG] [mixin/]: @Mixin target net/minecraft/world/level/block/state/BlockBehaviour$BlockStateBase$Cache is public in ferritecore.blockstatecache.mixin.json:BlockStateCacheMixin and should be specified in value
[04Apr2026 15:24:14.708] [main/DEBUG] [mixin/]: Preparing ferritecore.dedupbakedquad.mixin.json (2)
[04Apr2026 15:24:14.708] [main/DEBUG] [mixin/]: Preparing ferritecore.threaddetec.mixin.json (1)
[04Apr2026 15:24:14.709] [main/DEBUG] [mixin/]: Preparing apexcore.mixins.json (2)
[04Apr2026 15:24:14.709] [main/DEBUG] [mixin/]: Preparing majruszsenchantments-common.mixins.json (4)
[04Apr2026 15:24:14.711] [main/DEBUG] [mixin/]: Preparing forge-badoptimizations.mixins-common.json (24)
[04Apr2026 15:24:14.711] [main/DEBUG] [mixin/]: Preparing forge-badoptimizations.mixins-forge.json (1)
[04Apr2026 15:24:14.711] [main/DEBUG] [mixin/]: Preparing packetfixer.v1_18.forge.mixins.json (13)
[04Apr2026 15:24:14.716] [main/DEBUG] [mixin/]: Preparing packetfixer.v1_19.forge.mixins.json (13)
[04Apr2026 15:24:14.723] [main/DEBUG] [mixin/]: Preparing packetfixer.v1_19_3.forge.mixins.json (13)
[04Apr2026 15:24:14.727] [main/DEBUG] [mixin/]: Preparing packetfixer.v1_19_4.forge.mixins.json (13)
[04Apr2026 15:24:14.731] [main/DEBUG] [mixin/]: Preparing packetfixer.v1_20_2.forge.mixins.json (15)
[04Apr2026 15:24:14.736] [main/DEBUG] [mixin/]: Preparing valhelsia_core.mixins.json (11)
[04Apr2026 15:24:14.741] [main/DEBUG] [mixin/]: Preparing overflowingbars.common.mixins.json (1)
[04Apr2026 15:24:14.741] [main/DEBUG] [mixin/]: Preparing mixinextras.init.mixins.json (0)
[04Apr2026 15:24:14.741] [main/DEBUG] [mixin/]: Preparing mixinsquared.init.mixins.json (0)
[04Apr2026 15:24:14.741] [main/DEBUG] [mixin/]: Preparing enigmaticlegacy.mixins.json (33)
[04Apr2026 15:24:14.758] [main/WARN] [mixin/]: Error loading class: net/darkhax/darkutils/features/charms/CharmEffects (java.lang.ClassNotFoundException: net.darkhax.darkutils.features.charms.CharmEffects)
[04Apr2026 15:24:14.760] [main/DEBUG] [mixin/]: Skipping virtual target net.darkhax.darkutils.features.charms.CharmEffects for enigmaticlegacy.mixins.json:MixinCharmEffects
[04Apr2026 15:24:14.762] [main/WARN] [mixin/]: Error loading class: com/brandon3055/csg/ModEventHandler (java.lang.ClassNotFoundException: com.brandon3055.csg.ModEventHandler)
[04Apr2026 15:24:14.763] [main/DEBUG] [mixin/]: Skipping virtual target com.brandon3055.csg.ModEventHandler for enigmaticlegacy.mixins.json:MixinStarterGear
[04Apr2026 15:24:14.776] [main/INFO] [memoryleakfix/]: [MemoryLeakFix] Will be applying 2 memory leak fixes!
[04Apr2026 15:24:14.777] [main/INFO] [memoryleakfix/]: [MemoryLeakFix] Currently enabled memory leak fixes: [entityMemoriesLeak, biomeTemperatureLeak]
[04Apr2026 15:24:14.820] [main/DEBUG] [mixin/]: Inner class dev/latvian/mods/kubejs/core/mixin/common/GameRulesMixin$1 in dev/latvian/mods/kubejs/core/mixin/common/GameRulesMixin on net/minecraft/world/level/GameRules gets unique name net/minecraft/world/level/GameRules$Anonymous$38a211d035e942479f6c2a22af777b42
[04Apr2026 15:24:14.899] [main/DEBUG] [mixin/]: Inner class immersive_armors/mixin/MobEntityMixin$1 in immersive_armors/mixin/MobEntityMixin on net/minecraft/world/entity/Mob gets unique name net/minecraft/world/entity/Mob$Anonymous$b6e05ae20fcd4376b445decf1be9c261
[04Apr2026 15:24:14.983] [main/DEBUG] [mixin/]: Inner class com/majruszlibrary/mixin/MixinEntity$Config in com/majruszlibrary/mixin/MixinEntity on net/minecraft/world/entity/Entity gets unique name net/minecraft/world/entity/Entity$Config$1459546215fd40f6baa96685a97b448e
[04Apr2026 15:24:15.037] [main/DEBUG] [mixin/]: Inner class com/abdelaziz/canary/mixin/ai/poi/SectionStorageMixin$1 in com/abdelaziz/canary/mixin/ai/poi/SectionStorageMixin on net/minecraft/world/level/chunk/storage/SectionStorage gets unique name net/minecraft/world/level/chunk/storage/SectionStorage$Anonymous$c961a6c3b2234dcc924e0c0bcd23e28e
[04Apr2026 15:24:15.047] [main/DEBUG] [mixin/]: Inner class com/abdelaziz/canary/mixin/chunk/palette/PalettedContainerMixin$1 in com/abdelaziz/canary/mixin/chunk/palette/PalettedContainerMixin on net/minecraft/world/level/chunk/PalettedContainer$Strategy gets unique name net/minecraft/world/level/chunk/PalettedContainer$Strategy$Anonymous$3581a864b8e549a2af38064482dbd102
[04Apr2026 15:24:15.047] [main/DEBUG] [mixin/]: Inner class com/abdelaziz/canary/mixin/chunk/palette/PalettedContainerMixin$2 in com/abdelaziz/canary/mixin/chunk/palette/PalettedContainerMixin on net/minecraft/world/level/chunk/PalettedContainer$Strategy gets unique name net/minecraft/world/level/chunk/PalettedContainer$Strategy$Anonymous$15d40f8b92ad4b9cbb1b40ff1fc9ad1f
[04Apr2026 15:24:15.079] [main/DEBUG] [mixin/]: Inner class potionstudios/byg/mixin/common/entity/MixinZombie$1 in potionstudios/byg/mixin/common/entity/MixinZombie on net/minecraft/world/entity/monster/Zombie gets unique name net/minecraft/world/entity/monster/Zombie$Anonymous$65e702681a414eb9b77ff4a5767a19fb
[04Apr2026 15:24:15.100] [main/DEBUG] [mixin/]: Inner class com/connectivity/mixin/AdvancedPacketErrorLogging$2 in com/connectivity/mixin/AdvancedPacketErrorLogging on net/minecraft/network/Connection gets unique name net/minecraft/network/Connection$Anonymous$036c423f9496476aa452f6dc7dc64f79
[04Apr2026 15:24:15.101] [main/DEBUG] [mixin/]: Inner class com/connectivity/mixin/AdvancedPacketErrorLogging$1 in com/connectivity/mixin/AdvancedPacketErrorLogging on net/minecraft/network/Connection gets unique name net/minecraft/network/Connection$Anonymous$d2945cec9d5c43b08b868886385ba306
[04Apr2026 15:24:15.118] [main/DEBUG] [mixin/]: Inner class com/plr/longnbtkiller/mixin/MixinCompoundTag$1 in com/plr/longnbtkiller/mixin/MixinCompoundTag on net/minecraft/nbt/CompoundTag gets unique name net/minecraft/nbt/CompoundTag$Anonymous$c3c14ad6ab454f2cb03dabe9896df1c4
[04Apr2026 15:24:15.120] [main/DEBUG] [mixin/]: Inner class com/plr/longnbtkiller/mixin/MixinListTag$1 in com/plr/longnbtkiller/mixin/MixinListTag on net/minecraft/nbt/ListTag gets unique name net/minecraft/nbt/ListTag$Anonymous$d9f2df0b0ece40c28b23f559df974d8f
[04Apr2026 15:24:15.198] [main/DEBUG] [mixin/]: Inner class io/redspace/ironsspellbooks/mixin/SmithingMenuMixin$1 in io/redspace/ironsspellbooks/mixin/SmithingMenuMixin on net/minecraft/world/inventory/SmithingMenu gets unique name net/minecraft/world/inventory/SmithingMenu$Anonymous$e73cb344f0454e56ac96d79bf700bdda
[04Apr2026 15:24:15.209] [main/DEBUG] [mixin/]: Prepared 1743 mixins in 5.506 sec (3.2ms avg) (0ms load, 0ms transform, 0ms plugin)
[04Apr2026 15:24:15.213] [main/INFO] [MixinExtras|Service/]: Initializing MixinExtras via com.llamalad7.mixinextras.service.MixinExtrasServiceImpl(version=0.4.1).
[04Apr2026 15:24:15.215] [main/WARN] [MixinExtras|Service/]: Found problematic active MixinExtras instance at ca.fxco.memoryleakfix.mixinextras (version 0.2.0-beta.6)
[04Apr2026 15:24:15.216] [main/WARN] [MixinExtras|Service/]: Versions from 0.2.0-beta.1 to 0.2.0-beta.9 have limited support and it is strongly recommended to update.
[04Apr2026 15:24:15.217] [main/DEBUG] [mixin/]: Registering new injector for @SugarWrapper with com.llamalad7.mixinextras.sugar.impl.SugarWrapperInjectionInfo
[04Apr2026 15:24:15.218] [main/DEBUG] [mixin/]: Registering new injector for @FactoryRedirectWrapper with com.llamalad7.mixinextras.wrapper.factory.FactoryRedirectWrapperInjectionInfo
[04Apr2026 15:24:15.226] [main/DEBUG] [mixin/]: Mixing server.MainMixin from smoothboot.mixins.json into net.minecraft.server.Main
[04Apr2026 15:24:15.242] [main/DEBUG] [mixin/]: Mixing MainMixin from iceberg.mixins.json into net.minecraft.server.Main
[04Apr2026 15:24:15.408] [main/DEBUG] [mixin/]: Mixing features.misc.MinecraftServerMixin from servercore.common.mixins.json into net.minecraft.server.MinecraftServer
[04Apr2026 15:24:15.409] [main/DEBUG] [mixin/]: servercore.common.mixins.json:features.misc.MinecraftServerMixin: Class version 61 required is higher than the class version supported by the current version of Mixin (JAVA_16 supports class version 60)
[04Apr2026 15:24:15.415] [main/DEBUG] [mixin/]: Mixing allocations.server_directory.MinecraftServerMixin from saturn.mixins.json into net.minecraft.server.MinecraftServer
[04Apr2026 15:24:15.417] [main/DEBUG] [mixin/]: Mixing MinecraftServerMixin from kubejs-common.mixins.json into net.minecraft.server.MinecraftServer
[04Apr2026 15:24:15.425] [main/DEBUG] [mixin/]: Renaming synthetic method lambda$kjs$getData$0(Ldev/latvian/mods/kubejs/KubeJSPlugin;)V to md69b439$lambda$kjs$getData$0$0 in kubejs-common.mixins.json:MinecraftServerMixin
[04Apr2026 15:24:15.466] [main/DEBUG] [mixin/]: Mixing inject_resources.MinecraftServerMixin from kubejs-common.mixins.json into net.minecraft.server.MinecraftServer
[04Apr2026 15:24:15.468] [main/DEBUG] [mixin/]: Mixing core.MinecraftServerMixin from modernfix-common.mixins.json into net.minecraft.server.MinecraftServer
[04Apr2026 15:24:15.470] [main/DEBUG] [mixin/]: Mixing perf.dedicated_reload_executor.MinecraftServerMixin from modernfix-common.mixins.json into net.minecraft.server.MinecraftServer
[04Apr2026 15:24:15.472] [main/DEBUG] [mixin/]: Mixing MinecraftServerMixin from balm.mixins.json into net.minecraft.server.MinecraftServer
[04Apr2026 15:24:15.472] [main/DEBUG] [mixin/]: Renaming synthetic method lambda$reloadResources$0(Ljava/lang/Void;)V to md69b439$lambda$reloadResources$0$1 in balm.mixins.json:MinecraftServerMixin
[04Apr2026 15:24:15.483] [main/DEBUG] [mixin/]: Mixing MinecraftServerMixin from structure_gel.mixins.json into net.minecraft.server.MinecraftServer
[04Apr2026 15:24:15.487] [main/DEBUG] [net.minecraftforge.coremod.transformer.CoreModBaseTransformer/COREMOD]: Transforming <init> with desc (JZZLnet/minecraft/core/Registry;Ljava/util/Optional;)V
[04Apr2026 15:24:15.512] [main/DEBUG] [mixin/]: Mixing MinecraftServerMixin from servercore.common.mixins.json into net.minecraft.server.MinecraftServer
[04Apr2026 15:24:15.513] [main/DEBUG] [mixin/]: servercore.common.mixins.json:MinecraftServerMixin: Class version 61 required is higher than the class version supported by the current version of Mixin (JAVA_16 supports class version 60)
[04Apr2026 15:24:15.519] [main/DEBUG] [mixin/]: Mixing MixinMinecraftServer from majruszlibrary-common.mixins.json into net.minecraft.server.MinecraftServer
[04Apr2026 15:24:15.521] [main/DEBUG] [mixin/]: Renaming synthetic method lambda$loadLevel$2(Lit/unimi/dsi/fastutil/ints/Int2ObjectMap;Ljava/lang/Integer;Ljava/util/List;)V to md69b439$lambda$loadLevel$2$2 in majruszlibrary-common.mixins.json:MixinMinecraftServer
[04Apr2026 15:24:15.522] [main/DEBUG] [mixin/]: Renaming synthetic method lambda$loadLevel$1(I)[Lnet/minecraft/world/entity/npc/VillagerTrades$ItemListing; to md69b439$lambda$loadLevel$1$3 in majruszlibrary-common.mixins.json:MixinMinecraftServer
[04Apr2026 15:24:15.522] [main/DEBUG] [mixin/]: Renaming synthetic method lambda$loadLevel$0(Lit/unimi/dsi/fastutil/ints/Int2ObjectMap;Ljava/lang/Integer;[Lnet/minecraft/world/entity/npc/VillagerTrades$ItemListing;)V to md69b439$lambda$loadLevel$0$4 in majruszlibrary-common.mixins.json:MixinMinecraftServer
[04Apr2026 15:24:15.544] [main/DEBUG] [mixin/]: Mixing common.access.server.AccessMinecraftServer from crafttweaker.mixins.json into net.minecraft.server.MinecraftServer
[04Apr2026 15:24:15.545] [main/DEBUG] [mixin/]: Mixing MixinMinecraftServer from xaerohud.mixins.json into net.minecraft.server.MinecraftServer
[04Apr2026 15:24:15.547] [main/DEBUG] [mixin/]: Mixing access.MinecraftServerAccess from byg.mixins.json into net.minecraft.server.MinecraftServer
[04Apr2026 15:24:15.547] [main/DEBUG] [mixin/]: Mixing server.MixinMinecraftServer from byg.mixins.json into net.minecraft.server.MinecraftServer
[04Apr2026 15:24:15.589] [main/DEBUG] [mixin/]: Mixing MixinMinecraftServer from xaeroworldmap.mixins.json into net.minecraft.server.MinecraftServer
[04Apr2026 15:24:15.591] [main/DEBUG] [mixin/]: Mixing MinecraftServerMixin from citadel.mixins.json into net.minecraft.server.MinecraftServer
[04Apr2026 15:24:15.595] [main/DEBUG] [mixin/]: Mixing MinecraftServerMixin from letmedespawn.mixins.json into net.minecraft.server.MinecraftServer
[04Apr2026 15:24:16.019] [main/DEBUG] [mixin/]: Mixing perf.fix_loop_spin_waiting.BlockableEventLoopMixin from modernfix-common.mixins.json into net.minecraft.util.thread.BlockableEventLoop
[04Apr2026 15:24:16.030] [main/DEBUG] [mixin/]: Mixing GameTestServerMixin from blueprint.mixins.json into net.minecraft.gametest.framework.GameTestServer
[04Apr2026 15:24:16.039] [main/DEBUG] [mixin/]: Mixing MixinDedicatedServer from majruszlibrary-common.mixins.json into net.minecraft.server.dedicated.DedicatedServer
[04Apr2026 15:24:16.041] [main/DEBUG] [mixin/]: Mixing DedicatedServerMixin from blueprint.mixins.json into net.minecraft.server.dedicated.DedicatedServer
[04Apr2026 15:24:16.057] [main/DEBUG] [Smooth Boot (Reloaded)/]: Config path: /home/sylein/cisco-server/config/smoothboot.json
[04Apr2026 15:24:16.063] [main/DEBUG] [mixin/]: Mixing math.sine_lut.MthMixin from canary.mixins.json into net.minecraft.util.Mth
[04Apr2026 15:24:16.076] [main/DEBUG] [mixin/]: Mixing UtilMixin from kubejs-common.mixins.json into net.minecraft.Util
[04Apr2026 15:24:16.077] [main/DEBUG] [mixin/]: Mixing SuppressLogMixin from bettermineshafts.mixins.json into net.minecraft.Util
[04Apr2026 15:24:16.079] [main/DEBUG] [mixin/]: Mixing UtilMixin from mixin.imdlib-whisperwoods.json into net.minecraft.Util
[04Apr2026 15:24:16.083] [main/DEBUG] [mixin/]: Mixing UtilMixin from blue_skies.mixins.json into net.minecraft.Util
[04Apr2026 15:24:16.084] [main/DEBUG] [mixin/]: Mixing UtilMixin from ftbchunks-common.mixins.json into net.minecraft.Util
[04Apr2026 15:24:16.091] [main/DEBUG] [mixin/]: Mixing UtilMixin from smoothboot.mixins.json into net.minecraft.Util
[04Apr2026 15:24:16.092] [main/DEBUG] [mixin/]: Renaming synthetic method lambda$replIoWorker$1(Ljava/lang/Runnable;)Ljava/lang/Thread; to md69b439$lambda$replIoWorker$1$0 in smoothboot.mixins.json:UtilMixin
[04Apr2026 15:24:16.092] [main/DEBUG] [mixin/]: Renaming synthetic method lambda$replWorker$0(Ljava/lang/String;Ljava/util/concurrent/ForkJoinPool;)Ljava/util/concurrent/ForkJoinWorkerThread; to md69b439$lambda$replWorker$0$1 in smoothboot.mixins.json:UtilMixin
[04Apr2026 15:24:16.179] [main/DEBUG] [Smooth Boot (Reloaded)/]: Config: com.abdelaziz.smoothboot.config.SmoothBootConfig@273c4b3
[04Apr2026 15:24:16.179] [main/INFO] [Smooth Boot (Reloaded)/]: Smooth Boot (Reloaded) config initialized
[04Apr2026 15:24:16.180] [main/DEBUG] [Smooth Boot (Reloaded)/]: Initialized server game thread
[04Apr2026 15:24:16.181] [main/DEBUG] [mixin/]: Mixing SharedConstantsMixin from lazydfu.mixins.json into net.minecraft.SharedConstants
[04Apr2026 15:24:16.181] [main/DEBUG] [mixin/]: lazydfu.mixins.json:SharedConstantsMixin: Class version 61 required is higher than the class version supported by the current version of Mixin (JAVA_16 supports class version 60)
[04Apr2026 15:24:16.186] [main/INFO] [com.teampotato.redirector.Redirector/]: Redirecting net/minecraft/util/datafix/DataFixerOptimizationOption
[04Apr2026 15:24:16.196] [main/DEBUG] [io.netty.util.internal.logging.InternalLoggerFactory/]: Using SLF4J as the default logging framework
[04Apr2026 15:24:16.200] [main/DEBUG] [io.netty.util.ResourceLeakDetector/]: -Dio.netty.leakDetection.level: simple
[04Apr2026 15:24:16.200] [main/DEBUG] [io.netty.util.ResourceLeakDetector/]: -Dio.netty.leakDetection.targetRecords: 4
[04Apr2026 15:24:16.217] [main/INFO] [com.teampotato.redirector.Redirector/]: Redirecting net/minecraft/util/Unit
[04Apr2026 15:24:16.220] [main/DEBUG] [mixin/]: Mixing components.MutableComponentMixin from kubejs-common.mixins.json into net.minecraft.network.chat.MutableComponent
[04Apr2026 15:24:16.259] [main/DEBUG] [mixin/]: Mixing TextColorMixin from rhino-common.mixins.json into net.minecraft.network.chat.TextColor
[04Apr2026 15:24:16.289] [main/DEBUG] [mixin/]: Mixing ChatFormattingMixin from rhino-common.mixins.json into net.minecraft.ChatFormatting
[04Apr2026 15:24:16.296] [main/INFO] [com.teampotato.redirector.Redirector/]: Redirecting net/minecraft/ChatFormatting
[04Apr2026 15:24:16.314] [main/DEBUG] [mixin/]: Mixing perf.tag_id_caching.TagOrElementLocationMixin from modernfix-forge.mixins.json into net.minecraft.util.ExtraCodecs$TagOrElementLocation
[04Apr2026 15:24:16.314] [main/WARN] [mixin/]: Static binding violation: PRIVATE @Overwrite method m_216202_ in modernfix-forge.mixins.json:perf.tag_id_caching.TagOrElementLocationMixin cannot reduce visibiliy of PUBLIC target method, visibility will be upgraded.
[04Apr2026 15:24:16.332] [main/DEBUG] [mixin/]: Mixing ResourceLocationMixin from ftblibrary-common.mixins.json into net.minecraft.resources.ResourceLocation
[04Apr2026 15:24:16.333] [main/DEBUG] [mixin/]: ftblibrary-common.mixins.json:ResourceLocationMixin: Class version 61 required is higher than the class version supported by the current version of Mixin (JAVA_8 supports class version 52)
[04Apr2026 15:24:16.338] [main/DEBUG] [mixin/]: Mixing ResourceLocationMixin from rhino-common.mixins.json into net.minecraft.resources.ResourceLocation
[04Apr2026 15:24:16.349] [main/DEBUG] [mixin/]: Mixing ResourceLocationExceptionMixin from connectivity.mixins.json into net.minecraft.ResourceLocationException
[04Apr2026 15:24:16.432] [main/DEBUG] [oshi.util.FileUtil/]: No oshi.properties file found from ClassLoader cpw.mods.modlauncher.TransformingClassLoader@69c33ea2
[04Apr2026 15:24:16.433] [main/DEBUG] [oshi.util.FileUtil/]: No oshi.properties file found from ClassLoader jdk.internal.loader.ClassLoaders$AppClassLoader@30946e09
[04Apr2026 15:24:16.466] [main/DEBUG] [oshi.util.FileUtil/]: Reading file /proc/cpuinfo
[04Apr2026 15:24:16.467] [main/DEBUG] [oshi.util.FileUtil/]: Reading file /proc/cpuinfo
[04Apr2026 15:24:16.495] [main/DEBUG] [oshi.util.FileUtil/]: No oshi.architecture.properties file found from ClassLoader cpw.mods.modlauncher.TransformingClassLoader@69c33ea2
[04Apr2026 15:24:16.496] [main/DEBUG] [oshi.util.FileUtil/]: No oshi.architecture.properties file found from ClassLoader jdk.internal.loader.ClassLoaders$AppClassLoader@30946e09
[04Apr2026 15:24:16.632] [main/DEBUG] [oshi.util.FileUtil/]: Reading file /proc/meminfo
[04Apr2026 15:24:16.633] [main/DEBUG] [oshi.util.FileUtil/]: Reading file /proc/meminfo
[04Apr2026 15:24:16.651] [main/DEBUG] [mixin/]: Mixing feature.measure_time.BootstrapMixin from modernfix-common.mixins.json into net.minecraft.server.Bootstrap
[04Apr2026 15:24:16.656] [main/DEBUG] [mixin/]: Mixing core.BootstrapMixin from modernfix-forge.mixins.json into net.minecraft.server.Bootstrap
[04Apr2026 15:24:16.664] [main/DEBUG] [mixin/]: Mixing LoadConfig from t_and_t.mixins.json into net.minecraft.server.Bootstrap
[04Apr2026 15:24:16.686] [main/INFO] [net.minecraft.server.Bootstrap/]: ModernFix reached bootstrap stage (28.34 s after launch)
[04Apr2026 15:24:16.693] [main/DEBUG] [mixin/]: Mixing RegistryMixin from combatroll.mixins.json into net.minecraft.core.Registry
[04Apr2026 15:24:16.695] [main/DEBUG] [mixin/]: Mixing access.RegistryAccess from byg.mixins.json into net.minecraft.core.Registry
[04Apr2026 15:24:16.696] [main/DEBUG] [mixin/]: Renaming @Invoker method byg_invokeRegisterSimple(Lnet/minecraft/resources/ResourceKey;Lcom/mojang/serialization/Lifecycle;Lnet/minecraft/core/Registry$RegistryBootstrap;)Lnet/minecraft/core/Registry; to byg_invokeRegisterSimple_$md$69b439$0 in byg.mixins.json:access.RegistryAccess
[04Apr2026 15:24:16.712] [main/DEBUG] [mixin/]: Mixing perf.mojang_registry_size.MappedRegistryMixin from modernfix-common.mixins.json into net.minecraft.core.MappedRegistry
[04Apr2026 15:24:16.720] [main/DEBUG] [mixin/]: Mixing MappedRegistryMixin from structureessentials.mixins.json into net.minecraft.core.MappedRegistry
[04Apr2026 15:24:16.769] [main/DEBUG] [mixin/]: Mixing perf.mojang_registry_size.ResourceKeyMixin from modernfix-common.mixins.json into net.minecraft.resources.ResourceKey
[04Apr2026 15:24:16.770] [main/DEBUG] [mixin/]: Renaming synthetic method lambda$createEfficient$0(Lnet/minecraft/resources/ResourceLocation;)Ljava/util/Map; to md69b439$lambda$createEfficient$0$0 in modernfix-common.mixins.json:perf.mojang_registry_size.ResourceKeyMixin
[04Apr2026 15:24:16.781] [main/DEBUG] [mixin/]: Mixing perf.resource_key_equality.ResourceKeyMixin from modernfix-forge.mixins.json into net.minecraft.resources.ResourceKey
[04Apr2026 15:24:16.783] [main/DEBUG] [mixin/]: Mixing access.ResourceKeyAccess from byg.mixins.json into net.minecraft.resources.ResourceKey
[04Apr2026 15:24:16.786] [main/DEBUG] [mixin/]: Renaming @Invoker method create(Lnet/minecraft/resources/ResourceLocation;Lnet/minecraft/resources/ResourceLocation;)Lnet/minecraft/resources/ResourceKey; to create_$md$69b439$1 in byg.mixins.json:access.ResourceKeyAccess
[04Apr2026 15:24:16.787] [main/DEBUG] [mixin/]: Mixing ResourceKeyMixin from rhino-common.mixins.json into net.minecraft.resources.ResourceKey
[04Apr2026 15:24:16.823] [main/INFO] [com.teampotato.redirector.Redirector/]: Redirecting net/minecraft/Util$IdentityStrategy
[04Apr2026 15:24:16.829] [main/DEBUG] [mixin/]: Mixing inject.MixinGameEvent from architectury-common.mixins.json into net.minecraft.world.level.gameevent.GameEvent
[04Apr2026 15:24:16.840] [main/INFO] [com.teampotato.redirector.Redirector/]: Redirecting net/minecraft/core/Holder$Reference$Type
[04Apr2026 15:24:16.846] [main/DEBUG] [mixin/]: Mixing perf.reduce_blockstate_cache_rebuilds.GameDataMixin from modernfix-forge.mixins.json into net.minecraftforge.registries.GameData
[04Apr2026 15:24:16.875] [main/DEBUG] [mixin/]: Mixing perf.fast_registry_validation.ForgeRegistryMixin from modernfix-forge.mixins.json into net.minecraftforge.registries.ForgeRegistry
[04Apr2026 15:24:16.884] [main/DEBUG] [mixin/]: Mixing perf.forge_registry_alloc.ForgeRegistryMixin from modernfix-forge.mixins.json into net.minecraftforge.registries.ForgeRegistry
[04Apr2026 15:24:16.909] [main/WARN] [mixin/]: @Final field delegatesByName:Ljava/util/Map; in modernfix-forge.mixins.json:perf.forge_registry_alloc.ForgeRegistryMixin should be final
[04Apr2026 15:24:16.910] [main/WARN] [mixin/]: @Final field delegatesByValue:Ljava/util/Map; in modernfix-forge.mixins.json:perf.forge_registry_alloc.ForgeRegistryMixin should be final
[04Apr2026 15:24:16.940] [main/DEBUG] [mixin/]: Mixing perf.reduce_blockstate_cache_rebuilds.BlockCallbacksMixin from modernfix-forge.mixins.json into net.minecraftforge.registries.GameData$BlockCallbacks
[04Apr2026 15:24:16.951] [main/DEBUG] [mixin/]: Mixing perf.forge_registry_alloc.DelegateHolderMixin from modernfix-forge.mixins.json into net.minecraft.world.level.block.Block
[04Apr2026 15:24:16.953] [main/DEBUG] [mixin/]: Mixing BlockMixin from vinery-common.mixins.json into net.minecraft.world.level.block.Block
[04Apr2026 15:24:16.955] [main/DEBUG] [mixin/]: Mixing BlockMixin from apotheosis.mixins.json into net.minecraft.world.level.block.Block
[04Apr2026 15:24:16.965] [main/DEBUG] [mixin/]: Mixing shapes.blockstate_cache.BlockMixin from canary.mixins.json into net.minecraft.world.level.block.Block
[04Apr2026 15:24:16.966] [main/DEBUG] [mixin/]: Renaming synthetic method lambda$static$0(Lnet/minecraft/world/phys/shapes/VoxelShape;)Z to md69b439$lambda$static$0$0 in canary.mixins.json:shapes.blockstate_cache.BlockMixin
[04Apr2026 15:24:16.969] [main/DEBUG] [mixin/]: Mixing common.minecraft.BlockMixin from origins_classes.mixins.json into net.minecraft.world.level.block.Block
[04Apr2026 15:24:16.970] [main/DEBUG] [mixin/]: Renaming synthetic method lambda$originsClasses$additionalDrop$1(Lnet/minecraft/world/entity/player/Player;Lnet/minecraft/world/level/Level;Lnet/minecraft/core/BlockPos;Lnet/minecraft/world/level/block/state/BlockState;Lnet/minecraft/core/Holder;)Z to md69b439$lambda$originsClasses$additionalDrop$1$1 in origins_classes.mixins.json:common.minecraft.BlockMixin
[04Apr2026 15:24:16.970] [main/DEBUG] [mixin/]: Renaming synthetic method lambda$originsClasses$additionalDrop$0(Lnet/minecraft/world/level/block/state/BlockState;)Lnet/minecraft/world/level/block/state/BlockState; to md69b439$lambda$originsClasses$additionalDrop$0$2 in origins_classes.mixins.json:common.minecraft.BlockMixin
[04Apr2026 15:24:16.985] [main/DEBUG] [mixin/]: Mixing inject.MixinBlock from architectury-common.mixins.json into net.minecraft.world.level.block.Block
[04Apr2026 15:24:16.986] [main/DEBUG] [mixin/]: Mixing BlockMixin from atmospheric.mixins.json into net.minecraft.world.level.block.Block
[04Apr2026 15:24:17.044] [main/DEBUG] [mixin/]: Mixing BlockBehaviourMixin from kubejs-common.mixins.json into net.minecraft.world.level.block.state.BlockBehaviour
[04Apr2026 15:24:17.054] [main/DEBUG] [mixin/]: Mixing forge.BlockBehaviourMixin from apoli.mixins.json into net.minecraft.world.level.block.state.BlockBehaviour
[04Apr2026 15:24:17.055] [main/DEBUG] [mixin/]: Renaming synthetic method lambda$allowUnbreakableBreaking$1(Lnet/minecraft/world/entity/player/Player;Lnet/minecraft/core/BlockPos;Lnet/minecraft/world/level/block/state/BlockState;Lnet/minecraft/core/Holder;)Z to md69b439$lambda$allowUnbreakableBreaking$1$0 in apoli.mixins.json:forge.BlockBehaviourMixin
[04Apr2026 15:24:17.055] [main/DEBUG] [mixin/]: Renaming synthetic method lambda$allowUnbreakableBreaking$0(Lnet/minecraft/world/level/block/state/BlockState;)Lnet/minecraft/world/level/block/state/BlockState; to md69b439$lambda$allowUnbreakableBreaking$0$1 in apoli.mixins.json:forge.BlockBehaviourMixin
[04Apr2026 15:24:17.062] [main/DEBUG] [mixin/]: Mixing common.access.block.AccessBlockBehaviour from crafttweaker.mixins.json into net.minecraft.world.level.block.state.BlockBehaviour
[04Apr2026 15:24:17.063] [main/DEBUG] [mixin/]: Mixing BlockLootMixin from forge-dramaticdoors_forge.mixins.json into net.minecraft.world.level.block.state.BlockBehaviour
[04Apr2026 15:24:17.109] [main/DEBUG] [mixin/]: Mixing math.fast_blockpos.BlockPosMixin from canary.mixins.json into net.minecraft.core.BlockPos
[04Apr2026 15:24:17.168] [main/DEBUG] [net.minecraftforge.coremod.transformer.CoreModBaseTransformer/COREMOD]: Transforming net/minecraft/world/entity/Entity
[04Apr2026 15:24:17.185] [main/DEBUG] [mixin/]: Mixing EntityLoadMixin from cupboard.mixins.json into net.minecraft.world.entity.Entity
[04Apr2026 15:24:17.195] [main/DEBUG] [mixin/]: Mixing EntityMixin from kubejs-forge.mixins.json into net.minecraft.world.entity.Entity
[04Apr2026 15:24:17.196] [main/DEBUG] [mixin/]: Mixing EntityMixin from kubejs-common.mixins.json into net.minecraft.world.entity.Entity
[04Apr2026 15:24:17.204] [main/DEBUG] [mixin/]: Mixing EntityMixin from oriacs.mixins.json into net.minecraft.world.entity.Entity
[04Apr2026 15:24:17.208] [main/DEBUG] [mixin/]: Mixing EntityAccessor from apoli.mixins.json into net.minecraft.world.entity.Entity
[04Apr2026 15:24:17.208] [main/DEBUG] [mixin/]: Mixing EntityMixin from apoli.mixins.json into net.minecraft.world.entity.Entity
[04Apr2026 15:24:17.210] [main/DEBUG] [mixin/]: Renaming synthetic method lambda$modifyMovementVelocityXZ$2(Lnet/minecraft/core/Holder;)Z to md69b439$lambda$modifyMovementVelocityXZ$2$0 in apoli.mixins.json:EntityMixin
[04Apr2026 15:24:17.211] [main/DEBUG] [mixin/]: Renaming synthetic method lambda$modifyMovementVelocityXZ$1(Lnet/minecraft/core/Holder;)Z to md69b439$lambda$modifyMovementVelocityXZ$1$1 in apoli.mixins.json:EntityMixin
[04Apr2026 15:24:17.211] [main/DEBUG] [mixin/]: Renaming synthetic method lambda$modifyMovementVelocityXZ$0(Lnet/minecraft/core/Holder;)Z to md69b439$lambda$modifyMovementVelocityXZ$0$2 in apoli.mixins.json:EntityMixin
[04Apr2026 15:24:17.245] [main/DEBUG] [mixin/]: Mixing EntityMixin from supplementaries-common.mixins.json into net.minecraft.world.entity.Entity
[04Apr2026 15:24:17.259] [main/DEBUG] [mixin/]: Mixing EntityMixin from structure_gel.mixins.json into net.minecraft.world.entity.Entity
[04Apr2026 15:24:17.262] [main/DEBUG] [mixin/]: Mixing EntityMixin from dungeons_plus.mixins.json into net.minecraft.world.entity.Entity
[04Apr2026 15:24:17.265] [main/DEBUG] [mixin/]: Mixing features.activation_range.EntityMixin from servercore.common.mixins.json into net.minecraft.world.entity.Entity
[04Apr2026 15:24:17.266] [main/DEBUG] [mixin/]: servercore.common.mixins.json:features.activation_range.EntityMixin: Class version 61 required is higher than the class version supported by the current version of Mixin (JAVA_16 supports class version 60)
[04Apr2026 15:24:17.279] [main/DEBUG] [mixin/]: Mixing features.misc.EntityMixin from servercore.common.mixins.json into net.minecraft.world.entity.Entity
[04Apr2026 15:24:17.280] [main/DEBUG] [mixin/]: servercore.common.mixins.json:features.misc.EntityMixin: Class version 61 required is higher than the class version supported by the current version of Mixin (JAVA_16 supports class version 60)
[04Apr2026 15:24:17.283] [main/DEBUG] [mixin/]: Mixing AccessorEntity from curios.mixins.json into net.minecraft.world.entity.Entity
[04Apr2026 15:24:17.285] [main/DEBUG] [mixin/]: Mixing SelectionInvulnerabilityMixin from origins.mixins.json into net.minecraft.world.entity.Entity
[04Apr2026 15:24:17.285] [main/DEBUG] [mixin/]: Renaming synthetic method lambda$makeOriginInvulnerable$3(Lorg/spongepowered/asm/mixin/injection/callback/CallbackInfoReturnable;Lnet/minecraft/world/entity/Entity;Lio/github/edwinmindcraft/origins/api/capabilities/IOriginContainer;)V to md69b439$lambda$makeOriginInvulnerable$3$3 in origins.mixins.json:SelectionInvulnerabilityMixin
[04Apr2026 15:24:17.286] [main/DEBUG] [mixin/]: Renaming synthetic method lambda$makeOriginInvulnerable$2(Lnet/minecraft/world/entity/Entity;Lnet/minecraft/core/Holder$Reference;)Ljava/lang/String; to md69b439$lambda$makeOriginInvulnerable$2$4 in origins.mixins.json:SelectionInvulnerabilityMixin
[04Apr2026 15:24:17.286] [main/DEBUG] [mixin/]: Renaming synthetic method lambda$makeOriginInvulnerable$1(Ljava/util/Optional;)Ljava/util/stream/Stream; to md69b439$lambda$makeOriginInvulnerable$1$5 in origins.mixins.json:SelectionInvulnerabilityMixin
[04Apr2026 15:24:17.286] [main/DEBUG] [mixin/]: Renaming synthetic method lambda$makeOriginInvulnerable$0(Lio/github/edwinmindcraft/origins/api/capabilities/IOriginContainer;Lnet/minecraft/world/entity/Entity;Lnet/minecraft/core/Holder$Reference;)Z to md69b439$lambda$makeOriginInvulnerable$0$6 in origins.mixins.json:SelectionInvulnerabilityMixin
[04Apr2026 15:24:17.305] [main/DEBUG] [mixin/]: Mixing MixinEntity from majruszlibrary-common.mixins.json into net.minecraft.world.entity.Entity
[04Apr2026 15:24:17.326] [main/DEBUG] [mixin/]: Mixing EntityMixin from pehkui.mixins.json into net.minecraft.world.entity.Entity
[04Apr2026 15:24:17.361] [main/DEBUG] [mixin/]: Mixing ThreadSafeScaledEntityMixin from pehkui.mixins.json into net.minecraft.world.entity.Entity
[04Apr2026 15:24:17.374] [main/DEBUG] [mixin/]: Mixing compat117plus.EntityCalculateDimensionsMixin from pehkui.mixins.json into net.minecraft.world.entity.Entity
[04Apr2026 15:24:17.375] [main/DEBUG] [mixin/]: Renaming synthetic method lambda$pehkui$calculateDimensions$0(Lnet/minecraft/world/entity/Entity;DLnet/minecraft/world/phys/Vec3;)V to md69b439$lambda$pehkui$calculateDimensions$0$7 in pehkui.mixins.json:compat117plus.EntityCalculateDimensionsMixin
[04Apr2026 15:24:17.386] [main/DEBUG] [mixin/]: Mixing compat117plus.EntityMixin from pehkui.mixins.json into net.minecraft.world.entity.Entity
[04Apr2026 15:24:17.392] [main/DEBUG] [mixin/]: Mixing compat1204minus.compat116plus.EntityMixin from pehkui.mixins.json into net.minecraft.world.entity.Entity
[04Apr2026 15:24:17.394] [main/DEBUG] [mixin/]: Mixing step_height.compat1193minus.EntityMixin from pehkui.mixins.json into net.minecraft.world.entity.Entity
[04Apr2026 15:24:17.397] [main/DEBUG] [mixin/]: Mixing entityMemoriesLeak.Entity_clearMemoriesMixin from memoryleakfix.mixins.json into net.minecraft.world.entity.Entity
[04Apr2026 15:24:17.398] [main/DEBUG] [mixin/]: Mixing MixinEntity from corgilib.mixins.json into net.minecraft.world.entity.Entity
[04Apr2026 15:24:17.400] [main/DEBUG] [mixin/]: Mixing alloc.deep_passengers.EntityMixin from canary.mixins.json into net.minecraft.world.entity.Entity
[04Apr2026 15:24:17.407] [main/DEBUG] [mixin/]: Mixing collections.fluid_submersion.EntityMixin from canary.mixins.json into net.minecraft.world.entity.Entity
[04Apr2026 15:24:17.411] [main/DEBUG] [mixin/]: Mixing entity.collisions.movement.EntityMixin from canary.mixins.json into net.minecraft.world.entity.Entity
[04Apr2026 15:24:17.418] [main/DEBUG] [mixin/]: Mixing entity.collisions.unpushable_cramming.EntityMixin from canary.mixins.json into net.minecraft.world.entity.Entity
[04Apr2026 15:24:17.419] [main/DEBUG] [mixin/]: Mixing entity.skip_fire_check.EntityMixin from canary.mixins.json into net.minecraft.world.entity.Entity
[04Apr2026 15:24:17.424] [main/DEBUG] [mixin/]: Mixing common.EntityMixin from aether.mixins.json into net.minecraft.world.entity.Entity
[04Apr2026 15:24:17.436] [main/DEBUG] [mixin/]: Mixing common.accessor.EntityAccessor from aether.mixins.json into net.minecraft.world.entity.Entity
[04Apr2026 15:24:17.437] [main/DEBUG] [mixin/]: Mixing EntityMixin from galosphere.mixins.json into net.minecraft.world.entity.Entity
[04Apr2026 15:24:17.438] [main/DEBUG] [mixin/]: Mixing entity.AccessorEntity from bookshelf.common.mixins.json into net.minecraft.world.entity.Entity
[04Apr2026 15:24:17.439] [main/DEBUG] [mixin/]: Mixing EntityAccess from relics.mixins.json into net.minecraft.world.entity.Entity
[04Apr2026 15:24:17.439] [main/DEBUG] [mixin/]: relics.mixins.json:EntityAccess: Class version 61 required is higher than the class version supported by the current version of Mixin (JAVA_8 supports class version 52)
[04Apr2026 15:24:17.439] [main/DEBUG] [mixin/]: Mixing EntityMixin from relics.mixins.json into net.minecraft.world.entity.Entity
[04Apr2026 15:24:17.440] [main/DEBUG] [mixin/]: relics.mixins.json:EntityMixin: Class version 61 required is higher than the class version supported by the current version of Mixin (JAVA_8 supports class version 52)
[04Apr2026 15:24:17.449] [main/DEBUG] [mixin/]: Mixing EntityMixin from carryon.mixins.json into net.minecraft.world.entity.Entity
[04Apr2026 15:24:17.456] [main/DEBUG] [mixin/]: Mixing EntityMixin from lionfishapi.mixins.json into net.minecraft.world.entity.Entity
[04Apr2026 15:24:17.461] [main/DEBUG] [mixin/]: Mixing leashing.EntityMixin from smallships-common.mixins.json into net.minecraft.world.entity.Entity
[04Apr2026 15:24:17.465] [main/DEBUG] [mixin/]: Mixing EntityMixin from letmedespawn.mixins.json into net.minecraft.world.entity.Entity
[04Apr2026 15:24:17.465] [main/DEBUG] [mixin/]: Mixing MixinEntity from enigmaticaddons.mixins.json into net.minecraft.world.entity.Entity
[04Apr2026 15:24:17.467] [main/DEBUG] [mixin/]: Mixing multipart_entities.MixinEntity from mixins.bosses_of_mass_destruction.json into net.minecraft.world.entity.Entity
[04Apr2026 15:24:17.469] [main/DEBUG] [mixin/]: Mixing EntityMixin from blueprint.mixins.json into net.minecraft.world.entity.Entity
[04Apr2026 15:24:17.471] [main/DEBUG] [mixin/]: Renaming synthetic method lambda$read$1(Lnet/minecraft/nbt/Tag;)V to md69b439$lambda$read$1$8 in blueprint.mixins.json:EntityMixin
[04Apr2026 15:24:17.472] [main/DEBUG] [mixin/]: Renaming synthetic method lambda$writeTrackedData$0(Lnet/minecraft/nbt/ListTag;Lcom/teamabnormals/blueprint/common/world/storage/tracking/TrackedData;Lcom/teamabnormals/blueprint/common/world/storage/tracking/IDataManager$DataEntry;)V to md69b439$lambda$writeTrackedData$0$9 in blueprint.mixins.json:EntityMixin
[04Apr2026 15:24:17.634] [main/DEBUG] [mixin/]: Mixing EntityMixin from atmospheric.mixins.json into net.minecraft.world.entity.Entity
[04Apr2026 15:24:17.636] [main/DEBUG] [mixin/]: Mixing EntityCapReader from brutalbosses.mixins.json into net.minecraft.world.entity.Entity
[04Apr2026 15:24:17.636] [main/DEBUG] [mixin/]: brutalbosses.mixins.json:EntityCapReader: Class version 61 required is higher than the class version supported by the current version of Mixin (JAVA_8 supports class version 52)
[04Apr2026 15:24:17.637] [main/DEBUG] [mixin/]: Mixing EntityMixin from quark.mixins.json into net.minecraft.world.entity.Entity
[04Apr2026 15:24:17.642] [main/DEBUG] [mixin/]: Mixing EntityMixin from mixins.irons_spellbooks.json into net.minecraft.world.entity.Entity
[04Apr2026 15:24:17.652] [main/DEBUG] [mixin/]: Mixing EntityMixin from doespotatotick.mixins.json into net.minecraft.world.entity.Entity
[04Apr2026 15:24:17.653] [main/DEBUG] [mixin/]: doespotatotick.mixins.json:EntityMixin: Class version 61 required is higher than the class version supported by the current version of Mixin (JAVA_8 supports class version 52)
[04Apr2026 15:24:18.082] [main/DEBUG] [mixin/]: Mixing IForgeEntityMixin from apotheosis.mixins.json into net.minecraftforge.common.extensions.IForgeEntity
[04Apr2026 15:24:18.086] [main/DEBUG] [mixin/]: Mixing step_height.IForgeEntityMixin from pehkui.mixins.json into net.minecraftforge.common.extensions.IForgeEntity
[04Apr2026 15:24:18.115] [main/DEBUG] [mixin/]: Mixing reach.PlayerEntityMixin from pehkui.mixins.json into net.minecraft.world.entity.player.Player
[04Apr2026 15:24:18.116] [main/DEBUG] [mixin/]: Mixing allocations.fall_sounds.PlayerMixin from saturn.mixins.json into net.minecraft.world.entity.player.Player
[04Apr2026 15:24:18.117] [main/DEBUG] [mixin/]: Mixing allocations.item_cooldowns.PlayerMixin from saturn.mixins.json into net.minecraft.world.entity.player.Player
[04Apr2026 15:24:18.117] [main/DEBUG] [mixin/]: Mixing common.DigSpeedMixin from additionalentityattributes.mixins.json into net.minecraft.world.entity.player.Player
[04Apr2026 15:24:18.119] [main/DEBUG] [mixin/]: Mixing common.PlayerEntityMixin from additionalentityattributes.mixins.json into net.minecraft.world.entity.player.Player
[04Apr2026 15:24:18.120] [main/DEBUG] [mixin/]: Mixing PlayerEntityMixin from apoli.mixins.json into net.minecraft.world.entity.player.Player
[04Apr2026 15:24:18.122] [main/DEBUG] [net.minecraftforge.coremod.transformer.CoreModBaseTransformer/COREMOD]: Transforming jumpInFluid with desc (Lnet/minecraftforge/fluids/FluidType;)V
[04Apr2026 15:24:18.135] [main/DEBUG] [net.minecraftforge.coremod.transformer.CoreModBaseTransformer/COREMOD]: Transforming sinkInFluid with desc (Lnet/minecraftforge/fluids/FluidType;)V
[04Apr2026 15:24:18.141] [main/DEBUG] [mixin/]: Mixing forge.PlayerMixin from apoli.mixins.json into net.minecraft.world.entity.player.Player
[04Apr2026 15:24:18.142] [main/DEBUG] [mixin/]: Mixing PlayerMixin from apotheosis.mixins.json into net.minecraft.world.entity.player.Player
[04Apr2026 15:24:18.143] [main/DEBUG] [mixin/]: Mixing PlayerProjectileMixin from supplementaries.mixins.json into net.minecraft.world.entity.player.Player
[04Apr2026 15:24:18.144] [main/DEBUG] [mixin/]: Mixing PlayerEntityAccessor from combatroll.mixins.json into net.minecraft.world.entity.player.Player
[04Apr2026 15:24:18.144] [main/DEBUG] [mixin/]: Mixing PlayerEntityMixin from combatroll.mixins.json into net.minecraft.world.entity.player.Player
[04Apr2026 15:24:18.146] [main/DEBUG] [mixin/]: Mixing NoCobwebSlowdownMixin from origins.mixins.json into net.minecraft.world.entity.player.Player
[04Apr2026 15:24:18.147] [main/DEBUG] [mixin/]: Mixing WaterBreathingMixin$UpdateAir from origins.mixins.json into net.minecraft.world.entity.player.Player
[04Apr2026 15:24:18.148] [main/DEBUG] [mixin/]: Mixing PlayerMixin from celestisynth.mixins.json into net.minecraft.world.entity.player.Player
[04Apr2026 15:24:18.156] [main/DEBUG] [mixin/]: Mixing MixinPlayer from majruszlibrary-common.mixins.json into net.minecraft.world.entity.player.Player
[04Apr2026 15:24:18.159] [main/DEBUG] [mixin/]: Mixing PlayerEntityMixin from pehkui.mixins.json into net.minecraft.world.entity.player.Player
[04Apr2026 15:24:18.162] [main/DEBUG] [mixin/]: Mixing compat117plus.PlayerEntityMixin from pehkui.mixins.json into net.minecraft.world.entity.player.Player
[04Apr2026 15:24:18.163] [main/DEBUG] [mixin/]: Mixing compat1193minus.PlayerEntityMixin from pehkui.mixins.json into net.minecraft.world.entity.player.Player
[04Apr2026 15:24:18.163] [main/DEBUG] [mixin/]: Mixing compat1193minus.compat115plus.PlayerEntityMixin from pehkui.mixins.json into net.minecraft.world.entity.player.Player
[04Apr2026 15:24:18.164] [main/DEBUG] [mixin/]: Mixing compat1201minus.EntityVehicleHeightOffsetMixin from pehkui.mixins.json into net.minecraft.world.entity.player.Player
[04Apr2026 15:24:18.165] [main/DEBUG] [mixin/]: Mixing compat1204minus.PlayerEntityMixin from pehkui.mixins.json into net.minecraft.world.entity.player.Player
[04Apr2026 15:24:18.166] [main/DEBUG] [mixin/]: Mixing elytra.ElytraPlayerMixin from ars_nouveau.mixins.json into net.minecraft.world.entity.player.Player
[04Apr2026 15:24:18.171] [main/DEBUG] [mixin/]: Mixing PlayerEntityAccessor from bettercombat.mixins.json into net.minecraft.world.entity.player.Player
[04Apr2026 15:24:18.171] [main/DEBUG] [mixin/]: Mixing PlayerEntityMixin from bettercombat.mixins.json into net.minecraft.world.entity.player.Player
[04Apr2026 15:24:18.189] [main/DEBUG] [mixin/]: Mixing common.entity.MixinPlayer from byg.mixins.json into net.minecraft.world.entity.player.Player
[04Apr2026 15:24:18.199] [main/DEBUG] [mixin/]: Mixing PlayerEntityMixin from blue_skies.mixins.json into net.minecraft.world.entity.player.Player
[04Apr2026 15:24:18.201] [main/DEBUG] [mixin/]: Mixing common.PlayerMixin from aether.mixins.json into net.minecraft.world.entity.player.Player
[04Apr2026 15:24:18.203] [main/DEBUG] [mixin/]: Mixing common.accessor.PlayerAccessor from aether.mixins.json into net.minecraft.world.entity.player.Player
[04Apr2026 15:24:18.204] [main/DEBUG] [mixin/]: Mixing PlayerMixin from galosphere.mixins.json into net.minecraft.world.entity.player.Player
[04Apr2026 15:24:18.204] [main/DEBUG] [mixin/]: Renaming synthetic method lambda$GE$getProjectile$1(Lnet/minecraft/world/item/ItemStack;)Z to md69b439$lambda$GE$getProjectile$1$0 in galosphere.mixins.json:PlayerMixin
[04Apr2026 15:24:18.205] [main/DEBUG] [mixin/]: Renaming synthetic method lambda$GE$getProjectile$0(Lnet/minecraft/world/item/ItemStack;)Z to md69b439$lambda$GE$getProjectile$0$1 in galosphere.mixins.json:PlayerMixin
[04Apr2026 15:24:18.207] [main/DEBUG] [mixin/]: Mixing NoAxeDisableModShieldMixin from bygonenether.mixins.json into net.minecraft.world.entity.player.Player
[04Apr2026 15:24:18.209] [main/DEBUG] [mixin/]: Mixing PlayerMixin from carryon.mixins.json into net.minecraft.world.entity.player.Player
[04Apr2026 15:24:18.210] [main/DEBUG] [mixin/]: Mixing common.minecraft.PlayerMixin from origins_classes.mixins.json into net.minecraft.world.entity.player.Player
[04Apr2026 15:24:18.211] [main/DEBUG] [mixin/]: Mixing AccessorPlayer from comforts.mixins.json into net.minecraft.world.entity.player.Player
[04Apr2026 15:24:18.212] [main/DEBUG] [mixin/]: Mixing MixinPlayer from enigmaticaddons.mixins.json into net.minecraft.world.entity.player.Player
[04Apr2026 15:24:18.221] [main/DEBUG] [mixin/]: Mixing PlayerMixin from forbidden_arcanus.mixins.json into net.minecraft.world.entity.player.Player
[04Apr2026 15:24:18.221] [main/DEBUG] [mixin/]: forbidden_arcanus.mixins.json:PlayerMixin: Class version 61 required is higher than the class version supported by the current version of Mixin (JAVA_16 supports class version 60)
[04Apr2026 15:24:18.226] [main/DEBUG] [mixin/]: Mixing minecraft/PlayerMixin from skilltree.mixins.json into net.minecraft.world.entity.player.Player
[04Apr2026 15:24:18.235] [main/DEBUG] [mixin/]: Mixing PlayerMixin from mixins.irons_spellbooks.json into net.minecraft.world.entity.player.Player
[04Apr2026 15:24:18.236] [main/INFO] [mixin/]: Mixing MixinPlayer from enigmaticlegacy.mixins.json into net.minecraft.world.entity.player.Player
[04Apr2026 15:24:18.240] [main/DEBUG] [mixin/]: Mixing PlayerMixin from kubejs-common.mixins.json into net.minecraft.world.entity.player.Player
[04Apr2026 15:24:18.241] [main/DEBUG] [mixin/]: Renaming synthetic method lambda$kjs$getData$0(Ldev/latvian/mods/kubejs/KubeJSPlugin;)V to md69b439$lambda$kjs$getData$0$2 in kubejs-common.mixins.json:PlayerMixin
[04Apr2026 15:24:18.392] [main/DEBUG] [net.minecraftforge.coremod.transformer.CoreModBaseTransformer/COREMOD]: Transforming jumpInFluid with desc (Lnet/minecraftforge/fluids/FluidType;)V
[04Apr2026 15:24:18.393] [main/DEBUG] [net.minecraftforge.coremod.transformer.CoreModBaseTransformer/COREMOD]: Transforming sinkInFluid with desc (Lnet/minecraftforge/fluids/FluidType;)V
[04Apr2026 15:24:18.408] [main/DEBUG] [mixin/]: Mixing reach.IForgePlayerMixin from pehkui.mixins.json into net.minecraftforge.common.extensions.IForgePlayer
[04Apr2026 15:24:18.409] [main/DEBUG] [mixin/]: Mixing PlayerInteractDistScaling from brutalbosses.mixins.json into net.minecraftforge.common.extensions.IForgePlayer
[04Apr2026 15:24:18.410] [main/DEBUG] [mixin/]: brutalbosses.mixins.json:PlayerInteractDistScaling: Class version 61 required is higher than the class version supported by the current version of Mixin (JAVA_8 supports class version 52)
[04Apr2026 15:24:18.435] [main/DEBUG] [mixin/]: Mixing allocations.fall_sounds.LivingEntityMixin from saturn.mixins.json into net.minecraft.world.entity.LivingEntity
[04Apr2026 15:24:18.435] [main/DEBUG] [mixin/]: Mixing LivingEntityMixin from kubejs-common.mixins.json into net.minecraft.world.entity.LivingEntity
[04Apr2026 15:24:18.436] [main/DEBUG] [mixin/]: Mixing common.LivingEntityMixin from additionalentityattributes.mixins.json into net.minecraft.world.entity.LivingEntity
[04Apr2026 15:24:18.437] [main/DEBUG] [mixin/]: Mixing LivingEntityMixin from oriacs.mixins.json into net.minecraft.world.entity.LivingEntity
[04Apr2026 15:24:18.438] [main/DEBUG] [mixin/]: Mixing LivingEntityMixin from apoli.mixins.json into net.minecraft.world.entity.LivingEntity
[04Apr2026 15:24:18.443] [main/DEBUG] [mixin/]: Renaming synthetic method lambda$preventApplyingFoodEffects$10(Lio/github/edwinmindcraft/apoli/api/power/configuration/ConfiguredPower;)Z to md69b439$lambda$preventApplyingFoodEffects$10$0 in apoli.mixins.json:LivingEntityMixin
[04Apr2026 15:24:18.443] [main/DEBUG] [mixin/]: Renaming synthetic method lambda$modifyAttributeValue$9(Lnet/minecraft/world/entity/ai/attributes/Attribute;Lnet/minecraft/core/Holder;)Z to md69b439$lambda$modifyAttributeValue$9$1 in apoli.mixins.json:LivingEntityMixin
[04Apr2026 15:24:18.443] [main/DEBUG] [mixin/]: Renaming synthetic method lambda$sendPlayerDismountPacket$8(Lnet/minecraft/server/level/ServerPlayer;)Lnet/minecraft/server/level/ServerPlayer; to md69b439$lambda$sendPlayerDismountPacket$8$2 in apoli.mixins.json:LivingEntityMixin
[04Apr2026 15:24:18.444] [main/DEBUG] [mixin/]: Renaming synthetic method lambda$modifyWalkableFluids$7(Lnet/minecraft/world/level/material/FluidState;Lnet/minecraft/core/Holder;)Z to md69b439$lambda$modifyWalkableFluids$7$3 in apoli.mixins.json:LivingEntityMixin
[04Apr2026 15:24:18.444] [main/DEBUG] [mixin/]: Renaming synthetic method lambda$addEquipmentPowers$6(Ljava/util/List;Lnet/minecraft/resources/ResourceLocation;Lio/github/edwinmindcraft/apoli/api/component/IPowerContainer;)V to md69b439$lambda$addEquipmentPowers$6$4 in apoli.mixins.json:LivingEntityMixin
[04Apr2026 15:24:18.445] [main/DEBUG] [mixin/]: Renaming synthetic method lambda$addEquipmentPowers$5(Lio/github/edwinmindcraft/apoli/api/component/IPowerContainer;Lnet/minecraft/resources/ResourceLocation;Lio/github/apace100/apoli/util/StackPowerUtil$StackPower;)V to md69b439$lambda$addEquipmentPowers$5$5 in apoli.mixins.json:LivingEntityMixin
[04Apr2026 15:24:18.445] [main/DEBUG] [mixin/]: Renaming synthetic method lambda$removeEquipmentPowers$4(Ljava/util/List;Lnet/minecraft/resources/ResourceLocation;Lio/github/edwinmindcraft/apoli/api/component/IPowerContainer;)V to md69b439$lambda$removeEquipmentPowers$4$6 in apoli.mixins.json:LivingEntityMixin
[04Apr2026 15:24:18.445] [main/DEBUG] [mixin/]: Renaming synthetic method lambda$removeEquipmentPowers$3(Lio/github/edwinmindcraft/apoli/api/component/IPowerContainer;Lnet/minecraft/resources/ResourceLocation;Lio/github/apace100/apoli/util/StackPowerUtil$StackPower;)V to md69b439$lambda$removeEquipmentPowers$3$7 in apoli.mixins.json:LivingEntityMixin
[04Apr2026 15:24:18.446] [main/DEBUG] [mixin/]: Renaming synthetic method lambda$syncAttacker$2()Lnet/minecraft/world/entity/Entity; to md69b439$lambda$syncAttacker$2$8 in apoli.mixins.json:LivingEntityMixin
[04Apr2026 15:24:18.446] [main/DEBUG] [mixin/]: Renaming synthetic method lambda$modifyStatusEffect$1(Lnet/minecraft/world/effect/MobEffect;Lnet/minecraft/core/Holder;)Z to md69b439$lambda$modifyStatusEffect$1$9 in apoli.mixins.json:LivingEntityMixin
[04Apr2026 15:24:18.446] [main/DEBUG] [mixin/]: Renaming synthetic method lambda$modifyStatusEffect$0(Lnet/minecraft/world/effect/MobEffect;Lnet/minecraft/core/Holder;)Z to md69b439$lambda$modifyStatusEffect$0$a in apoli.mixins.json:LivingEntityMixin
[04Apr2026 15:24:18.476] [main/DEBUG] [mixin/]: Mixing perf.forge_cap_retrieval.LivingEntityMixin from modernfix-forge.mixins.json into net.minecraft.world.entity.LivingEntity
[04Apr2026 15:24:18.478] [main/DEBUG] [mixin/]: Mixing MixinLivingEntity from maxhealthfix.common.mixins.json into net.minecraft.world.entity.LivingEntity
[04Apr2026 15:24:18.479] [main/DEBUG] [mixin/]: Mixing LivingEntityMixin from vinery-common.mixins.json into net.minecraft.world.entity.LivingEntity
[04Apr2026 15:24:18.486] [main/DEBUG] [mixin/]: Mixing LivingEntityInvoker from apotheosis.mixins.json into net.minecraft.world.entity.LivingEntity
[04Apr2026 15:24:18.487] [main/DEBUG] [mixin/]: Mixing LivingEntityMixin from apotheosis.mixins.json into net.minecraft.world.entity.LivingEntity
[04Apr2026 15:24:18.493] [main/DEBUG] [mixin/]: Mixing MHFMixinLivingEntity from apotheosis.mixins.json into net.minecraft.world.entity.LivingEntity
[04Apr2026 15:24:18.495] [main/DEBUG] [mixin/]: Mixing MixinLivingEntity from immersive_armors.mixins.json into net.minecraft.world.entity.LivingEntity
[04Apr2026 15:24:18.499] [main/DEBUG] [mixin/]: Mixing LivingEntityAccessor from autoleveling.mixins.json into net.minecraft.world.entity.LivingEntity
[04Apr2026 15:24:18.499] [main/DEBUG] [mixin/]: Mixing LivingEntityMixin from supplementaries-common.mixins.json into net.minecraft.world.entity.LivingEntity
[04Apr2026 15:24:18.501] [main/DEBUG] [mixin/]: Mixing features.activation_range.inactive_ticks.LivingEntityMixin from servercore.common.mixins.json into net.minecraft.world.entity.LivingEntity
[04Apr2026 15:24:18.502] [main/DEBUG] [mixin/]: servercore.common.mixins.json:features.activation_range.inactive_ticks.LivingEntityMixin: Class version 61 required is higher than the class version supported by the current version of Mixin (JAVA_16 supports class version 60)
[04Apr2026 15:24:18.502] [main/DEBUG] [mixin/]: Mixing MixinLivingEntity from curios.mixins.json into net.minecraft.world.entity.LivingEntity
[04Apr2026 15:24:18.504] [main/DEBUG] [mixin/]: Mixing LikeWaterMixin from origins.mixins.json into net.minecraft.world.entity.LivingEntity
[04Apr2026 15:24:18.505] [main/DEBUG] [mixin/]: Mixing WaterBreathingMixin$CanBreatheInWater from origins.mixins.json into net.minecraft.world.entity.LivingEntity
[04Apr2026 15:24:18.506] [main/DEBUG] [mixin/]: Mixing LivingEntityMixin from celestisynth.mixins.json into net.minecraft.world.entity.LivingEntity
[04Apr2026 15:24:18.510] [main/DEBUG] [mixin/]: Mixing MixinLivingEntity from majruszlibrary-common.mixins.json into net.minecraft.world.entity.LivingEntity
[04Apr2026 15:24:18.519] [main/DEBUG] [mixin/]: Mixing LivingEntityMixin from pehkui.mixins.json into net.minecraft.world.entity.LivingEntity
[04Apr2026 15:24:18.520] [main/DEBUG] [mixin/]: Renaming synthetic method lambda$pehkui$tickMovement$minVelocity$0(I)Z to md69b439$lambda$pehkui$tickMovement$minVelocity$0$b in pehkui.mixins.json:LivingEntityMixin
[04Apr2026 15:24:18.525] [main/DEBUG] [net.minecraftforge.coremod.transformer.CoreModBaseTransformer/COREMOD]: Transforming getFriction with desc (Lnet/minecraft/world/level/LevelReader;Lnet/minecraft/core/BlockPos;Lnet/minecraft/world/entity/Entity;)F
[04Apr2026 15:24:18.537] [main/DEBUG] [net.minecraftforge.coremod.transformer.CoreModBaseTransformer/COREMOD]: Transforming canHarvestBlock with desc (Lnet/minecraft/world/level/BlockGetter;Lnet/minecraft/core/BlockPos;Lnet/minecraft/world/entity/player/Player;)Z
[04Apr2026 15:24:18.569] [main/DEBUG] [mixin/]: Mixing compat117plus.LivingEntityMixin from pehkui.mixins.json into net.minecraft.world.entity.LivingEntity
[04Apr2026 15:24:18.569] [main/DEBUG] [mixin/]: Mixing compat1193minus.compat116plus.LivingEntityMixin from pehkui.mixins.json into net.minecraft.world.entity.LivingEntity
[04Apr2026 15:24:18.570] [main/DEBUG] [mixin/]: Mixing compat1204minus.LivingEntityMixin from pehkui.mixins.json into net.minecraft.world.entity.LivingEntity
[04Apr2026 15:24:18.572] [main/DEBUG] [mixin/]: Mixing MixinLivingEntity from caelus.mixins.json into net.minecraft.world.entity.LivingEntity
[04Apr2026 15:24:18.573] [main/DEBUG] [mixin/]: Mixing elytra.MixinLivingEntity from ars_nouveau.mixins.json into net.minecraft.world.entity.LivingEntity
[04Apr2026 15:24:18.574] [main/DEBUG] [mixin/]: Mixing perks.PerkLivingEntity from ars_nouveau.mixins.json into net.minecraft.world.entity.LivingEntity
[04Apr2026 15:24:18.577] [main/DEBUG] [mixin/]: Mixing LivingAccessor from ars_nouveau.mixins.json into net.minecraft.world.entity.LivingEntity
[04Apr2026 15:24:18.577] [main/DEBUG] [mixin/]: Mixing entityMemoriesLeak.LivingEntity_clearMemoriesMixin from memoryleakfix.mixins.json into net.minecraft.world.entity.LivingEntity
[04Apr2026 15:24:18.579] [main/DEBUG] [mixin/]: Mixing LivingEntityAccessor from bettercombat.mixins.json into net.minecraft.world.entity.LivingEntity
[04Apr2026 15:24:18.579] [main/DEBUG] [mixin/]: Mixing LivingEntityMixin from bettercombat.mixins.json into net.minecraft.world.entity.LivingEntity
[04Apr2026 15:24:18.580] [main/DEBUG] [mixin/]: Renaming synthetic method lambda$getAttributeValue_Inject$0(Lnet/minecraft/world/entity/player/Player;Lnet/minecraft/world/entity/ai/attributes/Attribute;Lorg/spongepowered/asm/mixin/injection/callback/CallbackInfoReturnable;)V to md69b439$lambda$getAttributeValue_Inject$0$c in bettercombat.mixins.json:LivingEntityMixin
[04Apr2026 15:24:18.581] [main/DEBUG] [mixin/]: Mixing LivingEntityMixin from whisperwoods.mixins.json into net.minecraft.world.entity.LivingEntity
[04Apr2026 15:24:18.582] [main/DEBUG] [mixin/]: Mixing LivingEntityMixin from ecologics-common.mixins.json into net.minecraft.world.entity.LivingEntity
[04Apr2026 15:24:18.584] [main/DEBUG] [mixin/]: Mixing alloc.enum_values.living_entity.LivingEntityMixin from canary.mixins.json into net.minecraft.world.entity.LivingEntity
[04Apr2026 15:24:18.584] [main/DEBUG] [mixin/]: Mixing entity.collisions.unpushable_cramming.LivingEntityMixin from canary.mixins.json into net.minecraft.world.entity.LivingEntity
[04Apr2026 15:24:18.591] [main/DEBUG] [mixin/]: Mixing entity.fast_elytra_check.LivingEntityMixin from canary.mixins.json into net.minecraft.world.entity.LivingEntity
[04Apr2026 15:24:18.592] [main/DEBUG] [mixin/]: Mixing entity.fast_hand_swing.LivingEntityMixin from canary.mixins.json into net.minecraft.world.entity.LivingEntity
[04Apr2026 15:24:18.594] [main/DEBUG] [mixin/]: Mixing entity.fast_powder_snow_check.LivingEntityMixin from canary.mixins.json into net.minecraft.world.entity.LivingEntity
[04Apr2026 15:24:18.595] [main/DEBUG] [mixin/]: Mixing entity.skip_equipment_change_check.LivingEntityMixin from canary.mixins.json into net.minecraft.world.entity.LivingEntity
[04Apr2026 15:24:18.596] [main/DEBUG] [mixin/]: Renaming synthetic method lambda$static$0(Lnet/minecraft/world/item/ItemStack;)Z to md69b439$lambda$static$0$d in canary.mixins.json:entity.skip_equipment_change_check.LivingEntityMixin
[04Apr2026 15:24:18.597] [main/DEBUG] [mixin/]: Mixing LivingEntityMixin from blue_skies.mixins.json into net.minecraft.world.entity.LivingEntity
[04Apr2026 15:24:18.615] [main/DEBUG] [mixin/]: Mixing common.LivingEntityMixin from aether.mixins.json into net.minecraft.world.entity.LivingEntity
[04Apr2026 15:24:18.617] [main/DEBUG] [mixin/]: Mixing common.accessor.LivingEntityAccessor from aether.mixins.json into net.minecraft.world.entity.LivingEntity
[04Apr2026 15:24:18.617] [main/DEBUG] [mixin/]: Mixing LivingEntityMixin from galosphere.mixins.json into net.minecraft.world.entity.LivingEntity
[04Apr2026 15:24:18.623] [main/DEBUG] [mixin/]: Mixing LivingEntityMixin from citadel.mixins.json into net.minecraft.world.entity.LivingEntity
[04Apr2026 15:24:18.625] [main/DEBUG] [mixin/]: Mixing entity.AccessorLivingEntity from bookshelf.common.mixins.json into net.minecraft.world.entity.LivingEntity
[04Apr2026 15:24:18.626] [main/DEBUG] [mixin/]: Mixing entity.MixinLivingEntity from bookshelf.common.mixins.json into net.minecraft.world.entity.LivingEntity
[04Apr2026 15:24:18.627] [main/DEBUG] [mixin/]: Mixing LivingEntityMixin from relics.mixins.json into net.minecraft.world.entity.LivingEntity
[04Apr2026 15:24:18.627] [main/DEBUG] [mixin/]: relics.mixins.json:LivingEntityMixin: Class version 61 required is higher than the class version supported by the current version of Mixin (JAVA_8 supports class version 52)
[04Apr2026 15:24:18.628] [main/DEBUG] [mixin/]: Renaming synthetic method lambda$onEffectRemoved$1(Lnet/minecraft/world/entity/LivingEntity;)Lnet/minecraft/world/entity/Entity; to md69b439$lambda$onEffectRemoved$1$e in relics.mixins.json:LivingEntityMixin
[04Apr2026 15:24:18.628] [main/DEBUG] [mixin/]: Renaming synthetic method lambda$onEffectAdded$0(Lnet/minecraft/world/entity/LivingEntity;)Lnet/minecraft/world/entity/Entity; to md69b439$lambda$onEffectAdded$0$f in relics.mixins.json:LivingEntityMixin
[04Apr2026 15:24:18.638] [main/DEBUG] [mixin/]: Mixing LivingEntityMixin from cataclysm.mixins.json into net.minecraft.world.entity.LivingEntity
[04Apr2026 15:24:18.639] [main/DEBUG] [mixin/]: Mixing accessor.minecraft.LivingEntityAccessor from origins_classes.mixins.json into net.minecraft.world.entity.LivingEntity
[04Apr2026 15:24:18.640] [main/DEBUG] [mixin/]: Mixing MixinLivingEntity from majruszsaccessories-common.mixins.json into net.minecraft.world.entity.LivingEntity
[04Apr2026 15:24:18.643] [main/DEBUG] [mixin/]: Mixing MixinLivingEntity from enigmaticaddons.mixins.json into net.minecraft.world.entity.LivingEntity
[04Apr2026 15:24:18.644] [main/DEBUG] [mixin/]: Renaming synthetic method lambda$checkMix$0()Lnet/minecraftforge/network/PacketDistributor$TargetPoint; to md69b439$lambda$checkMix$0$10 in enigmaticaddons.mixins.json:MixinLivingEntity
[04Apr2026 15:24:18.664] [main/DEBUG] [mixin/]: Mixing PharaohKilledMixin from betterdeserttemples.mixins.json into net.minecraft.world.entity.LivingEntity
[04Apr2026 15:24:18.665] [main/DEBUG] [mixin/]: Renaming synthetic method lambda$betterdeserttemples_pharaohDie$0(Lnet/minecraft/server/level/ServerLevel;Lnet/minecraft/server/level/ServerPlayer;)V to md69b439$lambda$betterdeserttemples_pharaohDie$0$11 in betterdeserttemples.mixins.json:PharaohKilledMixin
[04Apr2026 15:24:18.672] [main/DEBUG] [mixin/]: Mixing LivingEntityMixin from mixins.bosses_of_mass_destruction.json into net.minecraft.world.entity.LivingEntity
[04Apr2026 15:24:18.673] [main/DEBUG] [mixin/]: Mixing minecraft/LivingEntityMixin from skilltree.mixins.json into net.minecraft.world.entity.LivingEntity
[04Apr2026 15:24:18.674] [main/DEBUG] [mixin/]: Renaming synthetic method lambda$hasItemEquipped$0(Lnet/minecraft/world/item/ItemStack;Lnet/minecraft/world/item/ItemStack;)Z to md69b439$lambda$hasItemEquipped$0$12 in skilltree.mixins.json:minecraft/LivingEntityMixin
[04Apr2026 15:24:18.675] [main/DEBUG] [mixin/]: Mixing LivingEntityAccessor from skilltree.mixins.json into net.minecraft.world.entity.LivingEntity
[04Apr2026 15:24:18.676] [main/DEBUG] [mixin/]: Mixing accessor.AccessorLivingEntity from quark.mixins.json into net.minecraft.world.entity.LivingEntity
[04Apr2026 15:24:18.676] [main/DEBUG] [mixin/]: Mixing LivingEntityMixin from mixins.irons_spellbooks.json into net.minecraft.world.entity.LivingEntity
[04Apr2026 15:24:18.677] [main/DEBUG] [mixin/]: Renaming synthetic method lambda$static$1(Lnet/minecraft/world/entity/ai/attributes/Attribute;)Z to md69b439$lambda$static$1$13 in mixins.irons_spellbooks.json:LivingEntityMixin
[04Apr2026 15:24:18.678] [main/DEBUG] [mixin/]: Renaming synthetic method lambda$static$0(Lnet/minecraft/world/entity/ai/attributes/Attribute;)Z to md69b439$lambda$static$0$14 in mixins.irons_spellbooks.json:LivingEntityMixin
[04Apr2026 15:24:18.683] [main/INFO] [mixin/]: Mixing MixinLivingEntity from enigmaticlegacy.mixins.json into net.minecraft.world.entity.LivingEntity
[04Apr2026 15:24:18.687] [main/DEBUG] [mixin/]: Mixing compat115plus.LivingEntityMixin from pehkui.mixins.json into net.minecraft.world.entity.LivingEntity
[04Apr2026 15:24:18.688] [main/DEBUG] [mixin/]: Mixing LivingEntityMixin from obscure_api.mixins.json into net.minecraft.world.entity.LivingEntity
[04Apr2026 15:24:18.716] [main/WARN] [mixin/]: @Final field f_20945_:Ljava/util/Map; in vinery-common.mixins.json:LivingEntityMixin should be final
[04Apr2026 15:24:18.991] [main/DEBUG] [net.minecraftforge.coremod.transformer.CoreModBaseTransformer/COREMOD]: Transforming getFriction with desc (Lnet/minecraft/world/level/LevelReader;Lnet/minecraft/core/BlockPos;Lnet/minecraft/world/entity/Entity;)F
[04Apr2026 15:24:18.993] [main/DEBUG] [net.minecraftforge.coremod.transformer.CoreModBaseTransformer/COREMOD]: Transforming canHarvestBlock with desc (Lnet/minecraft/world/level/BlockGetter;Lnet/minecraft/core/BlockPos;Lnet/minecraft/world/entity/player/Player;)Z
[04Apr2026 15:24:19.022] [main/DEBUG] [net.minecraftforge.coremod.transformer.CoreModBaseTransformer/COREMOD]: Transforming jumpInFluid with desc (Lnet/minecraftforge/fluids/FluidType;)V
[04Apr2026 15:24:19.023] [main/DEBUG] [net.minecraftforge.coremod.transformer.CoreModBaseTransformer/COREMOD]: Transforming sinkInFluid with desc (Lnet/minecraftforge/fluids/FluidType;)V
[04Apr2026 15:24:19.042] [main/DEBUG] [mixin/]: Mixing perf.model_optimizations.PropertyMixin from modernfix-common.mixins.json into net.minecraft.world.level.block.state.properties.Property
[04Apr2026 15:24:19.050] [main/DEBUG] [mixin/]: Mixing bugfix.chunk_deadlock.BlockStateBaseMixin from modernfix-common.mixins.json into net.minecraft.world.level.block.state.BlockBehaviour$BlockStateBase
[04Apr2026 15:24:19.052] [main/DEBUG] [mixin/]: Mixing BlockStateBaseMixin from kubejs-common.mixins.json into net.minecraft.world.level.block.state.BlockBehaviour$BlockStateBase
[04Apr2026 15:24:19.053] [main/DEBUG] [mixin/]: Mixing AbstractBlockStateMixin from apoli.mixins.json into net.minecraft.world.level.block.state.BlockBehaviour$BlockStateBase
[04Apr2026 15:24:19.056] [main/DEBUG] [mixin/]: Mixing perf.reduce_blockstate_cache_rebuilds.BlockStateBaseMixin from modernfix-common.mixins.json into net.minecraft.world.level.block.state.BlockBehaviour$BlockStateBase
[04Apr2026 15:24:19.058] [main/DEBUG] [mixin/]: Mixing compat116plus.AbstractBlockStateMixin from pehkui.mixins.json into net.minecraft.world.level.block.state.BlockBehaviour$BlockStateBase
[04Apr2026 15:24:19.059] [main/DEBUG] [mixin/]: Mixing common.blockstate.BlockStateBaseMixin from starlight.mixins.json into net.minecraft.world.level.block.state.BlockBehaviour$BlockStateBase
[04Apr2026 15:24:19.060] [main/DEBUG] [mixin/]: Mixing common.access.block.AccessBlockStateBase from crafttweaker.mixins.json into net.minecraft.world.level.block.state.BlockBehaviour$BlockStateBase
[04Apr2026 15:24:19.061] [main/DEBUG] [mixin/]: Mixing ai.pathing.BlockStateBaseMixin from canary.mixins.json into net.minecraft.world.level.block.state.BlockBehaviour$BlockStateBase
[04Apr2026 15:24:19.067] [main/DEBUG] [mixin/]: Mixing block.flatten_states.BlockStateBaseMixin from canary.mixins.json into net.minecraft.world.level.block.state.BlockBehaviour$BlockStateBase
[04Apr2026 15:24:19.068] [main/DEBUG] [mixin/]: Mixing MixinBlockStateBase from lootr.mixins.json into net.minecraft.world.level.block.state.BlockBehaviour$BlockStateBase
[04Apr2026 15:24:19.069] [main/DEBUG] [mixin/]: Mixing common.block.MixinBlockBehaviourBlockStateBase from byg.mixins.json into net.minecraft.world.level.block.state.BlockBehaviour$BlockStateBase
[04Apr2026 15:24:19.070] [main/DEBUG] [mixin/]: Mixing BlockStateBaseMixin from twigs.mixins.json into net.minecraft.world.level.block.state.BlockBehaviour$BlockStateBase
[04Apr2026 15:24:19.072] [main/DEBUG] [mixin/]: Mixing BlockStateBaseMixin from ferritecore.blockstatecache.mixin.json into net.minecraft.world.level.block.state.BlockBehaviour$BlockStateBase
[04Apr2026 15:24:19.073] [main/DEBUG] [mixin/]: Mixing BlockStateBaseMixin from valhelsia_core.mixins.json into net.minecraft.world.level.block.state.BlockBehaviour$BlockStateBase
[04Apr2026 15:24:19.073] [main/DEBUG] [mixin/]: valhelsia_core.mixins.json:BlockStateBaseMixin: Class version 61 required is higher than the class version supported by the current version of Mixin (JAVA_16 supports class version 60)
[04Apr2026 15:24:19.099] [main/INFO] [ModernFix/]: Injecting BlockStateBase cache population hook into getOpacityIfCached from ca.spottedleaf.starlight.mixin.common.blockstate.BlockStateBaseMixin
[04Apr2026 15:24:19.101] [main/INFO] [ModernFix/]: Injecting BlockStateBase cache population hook into getNeighborPathNodeType from com.abdelaziz.canary.mixin.ai.pathing.BlockStateBaseMixin
[04Apr2026 15:24:19.101] [main/INFO] [ModernFix/]: Injecting BlockStateBase cache population hook into getPathNodeType from com.abdelaziz.canary.mixin.ai.pathing.BlockStateBaseMixin
[04Apr2026 15:24:19.102] [main/INFO] [ModernFix/]: Injecting BlockStateBase cache population hook into m_60823_ from com.abdelaziz.canary.mixin.block.flatten_states.BlockStateBaseMixin
[04Apr2026 15:24:19.103] [main/INFO] [ModernFix/]: Injecting BlockStateBase cache population hook into isConditionallyFullOpaque from ca.spottedleaf.starlight.mixin.common.blockstate.BlockStateBaseMixin
[04Apr2026 15:24:19.113] [main/DEBUG] [mixin/]: Mixing FastMapStateHolderMixin from ferritecore.fastmap.mixin.json into net.minecraft.world.level.block.state.StateHolder
[04Apr2026 15:24:19.121] [main/DEBUG] [mixin/]: Mixing BlockStateMixin from ftbchunks-common.mixins.json into net.minecraft.world.level.block.state.BlockState
[04Apr2026 15:24:19.124] [main/DEBUG] [net.minecraftforge.coremod.transformer.CoreModBaseTransformer/COREMOD]: Transforming getFriction with desc (Lnet/minecraft/world/level/LevelReader;Lnet/minecraft/core/BlockPos;Lnet/minecraft/world/entity/Entity;)F
[04Apr2026 15:24:19.125] [main/DEBUG] [net.minecraftforge.coremod.transformer.CoreModBaseTransformer/COREMOD]: Transforming canHarvestBlock with desc (Lnet/minecraft/world/level/BlockGetter;Lnet/minecraft/core/BlockPos;Lnet/minecraft/world/entity/player/Player;)Z
[04Apr2026 15:24:19.129] [main/DEBUG] [mixin/]: Mixing util.chunk_access.LevelReaderMixin from canary.mixins.json into net.minecraft.world.level.LevelReader
[04Apr2026 15:24:19.143] [main/DEBUG] [mixin/]: Mixing perf.model_optimizations.BooleanPropertyMixin from modernfix-common.mixins.json into net.minecraft.world.level.block.state.properties.BooleanProperty
[04Apr2026 15:24:19.153] [main/DEBUG] [mixin/]: Mixing LevelMixin from kubejs-common.mixins.json into net.minecraft.world.level.Level
[04Apr2026 15:24:19.154] [main/DEBUG] [mixin/]: Renaming synthetic method lambda$kjs$getData$0(Ldev/latvian/mods/kubejs/KubeJSPlugin;)V to md69b439$lambda$kjs$getData$0$0 in kubejs-common.mixins.json:LevelMixin
[04Apr2026 15:24:19.155] [main/DEBUG] [mixin/]: Mixing features.activation_range.LevelMixin from servercore.common.mixins.json into net.minecraft.world.level.Level
[04Apr2026 15:24:19.155] [main/DEBUG] [mixin/]: servercore.common.mixins.json:features.activation_range.LevelMixin: Class version 61 required is higher than the class version supported by the current version of Mixin (JAVA_16 supports class version 60)
[04Apr2026 15:24:19.156] [main/DEBUG] [mixin/]: Mixing common.world.LevelMixin from starlight.mixins.json into net.minecraft.world.level.Level
[04Apr2026 15:24:19.156] [main/DEBUG] [mixin/]: Mixing redstone.RedstoneLevelMixin from ars_nouveau.mixins.json into net.minecraft.world.level.Level
[04Apr2026 15:24:19.157] [main/DEBUG] [mixin/]: Mixing alloc.chunk_random.LevelMixin from canary.mixins.json into net.minecraft.world.level.Level
[04Apr2026 15:24:19.158] [main/DEBUG] [mixin/]: Mixing entity.collisions.intersection.LevelMixin from canary.mixins.json into net.minecraft.world.level.Level
[04Apr2026 15:24:19.158] [main/DEBUG] [mixin/]: Mixing util.block_entity_retrieval.LevelMixin from canary.mixins.json into net.minecraft.world.level.Level
[04Apr2026 15:24:19.160] [main/DEBUG] [mixin/]: Mixing world.block_entity_ticking.sleeping.LevelMixin from canary.mixins.json into net.minecraft.world.level.Level
[04Apr2026 15:24:19.161] [main/DEBUG] [mixin/]: Mixing world.chunk_access.LevelMixin from canary.mixins.json into net.minecraft.world.level.Level
[04Apr2026 15:24:19.162] [main/DEBUG] [mixin/]: Mixing world.inline_block_access.LevelMixin from canary.mixins.json into net.minecraft.world.level.Level
[04Apr2026 15:24:19.163] [main/DEBUG] [mixin/]: Mixing world.inline_height.LevelMixin from canary.mixins.json into net.minecraft.world.level.Level
[04Apr2026 15:24:19.166] [main/DEBUG] [mixin/]: Mixing common.accessor.LevelAccessor from aether.mixins.json into net.minecraft.world.level.Level
[04Apr2026 15:24:19.166] [main/DEBUG] [mixin/]: Mixing LevelMixin from citadel.mixins.json into net.minecraft.world.level.Level
[04Apr2026 15:24:19.168] [main/DEBUG] [mixin/]: Mixing impl.LevelMixin from doespotatotick.mixins.json into net.minecraft.world.level.Level
[04Apr2026 15:24:19.168] [main/DEBUG] [mixin/]: doespotatotick.mixins.json:impl.LevelMixin: Class version 61 required is higher than the class version supported by the current version of Mixin (JAVA_8 supports class version 52)
[04Apr2026 15:24:19.169] [main/DEBUG] [mixin/]: Mixing LevelMixin from doespotatotick.mixins.json into net.minecraft.world.level.Level
[04Apr2026 15:24:19.169] [main/DEBUG] [mixin/]: doespotatotick.mixins.json:LevelMixin: Class version 61 required is higher than the class version supported by the current version of Mixin (JAVA_8 supports class version 52)
[04Apr2026 15:24:19.210] [main/DEBUG] [mixin/]: Mixing ServerAddEntityMixin from cupboard.mixins.json into net.minecraft.server.level.ServerLevel
[04Apr2026 15:24:19.219] [main/DEBUG] [mixin/]: Mixing ServerLevelMixin from betterendisland.mixins.json into net.minecraft.server.level.ServerLevel
[04Apr2026 15:24:19.223] [main/DEBUG] [mixin/]: Mixing optimizations.ticking.chunk.random.ServerLevelMixin from servercore.common.mixins.json into net.minecraft.server.level.ServerLevel
[04Apr2026 15:24:19.224] [main/DEBUG] [mixin/]: servercore.common.mixins.json:optimizations.ticking.chunk.random.ServerLevelMixin: Class version 61 required is higher than the class version supported by the current version of Mixin (JAVA_16 supports class version 60)
[04Apr2026 15:24:19.225] [main/DEBUG] [mixin/]: Mixing ServerLevelMixin from kubejs-common.mixins.json into net.minecraft.server.level.ServerLevel
[04Apr2026 15:24:19.227] [main/DEBUG] [mixin/]: Mixing bugfix.chunk_deadlock.ServerLevelMixin from modernfix-common.mixins.json into net.minecraft.server.level.ServerLevel
[04Apr2026 15:24:19.227] [main/DEBUG] [mixin/]: Mixing perf.cache_strongholds.ServerLevelMixin from modernfix-common.mixins.json into net.minecraft.server.level.ServerLevel
[04Apr2026 15:24:19.228] [main/DEBUG] [mixin/]: Discarding sythetic bridge method synthetic in m_6325_ because existing method in modernfix-common.mixins.json:perf.cache_strongholds.ServerLevelMixin is compatible
[04Apr2026 15:24:19.230] [main/DEBUG] [mixin/]: Mixing ServerLevelMixin from leavesbegone.common.mixins.json into net.minecraft.server.level.ServerLevel
[04Apr2026 15:24:19.231] [main/DEBUG] [mixin/]: Renaming synthetic method lambda$leavesbegone$tick$0(Lnet/minecraft/core/BlockPos;Lnet/minecraft/world/level/block/Block;)V to md69b439$lambda$leavesbegone$tick$0$0 in leavesbegone.common.mixins.json:ServerLevelMixin
[04Apr2026 15:24:19.236] [main/DEBUG] [mixin/]: Mixing ServerLevelMixin from supplementaries-common.mixins.json into net.minecraft.server.level.ServerLevel
[04Apr2026 15:24:19.237] [main/DEBUG] [mixin/]: Discarding sythetic bridge method synthetic in m_6325_ because existing method in supplementaries-common.mixins.json:ServerLevelMixin is compatible
[04Apr2026 15:24:19.238] [main/DEBUG] [mixin/]: Mixing features.activation_range.ServerLevelMixin from servercore.common.mixins.json into net.minecraft.server.level.ServerLevel
[04Apr2026 15:24:19.238] [main/DEBUG] [mixin/]: servercore.common.mixins.json:features.activation_range.ServerLevelMixin: Class version 61 required is higher than the class version supported by the current version of Mixin (JAVA_16 supports class version 60)
[04Apr2026 15:24:19.240] [main/DEBUG] [mixin/]: Mixing features.spawn_chunks.ServerLevelMixin from servercore.common.mixins.json into net.minecraft.server.level.ServerLevel
[04Apr2026 15:24:19.240] [main/DEBUG] [mixin/]: servercore.common.mixins.json:features.spawn_chunks.ServerLevelMixin: Class version 61 required is higher than the class version supported by the current version of Mixin (JAVA_16 supports class version 60)
[04Apr2026 15:24:19.241] [main/DEBUG] [mixin/]: Mixing optimizations.sync_loads.ServerLevelMixin from servercore.common.mixins.json into net.minecraft.server.level.ServerLevel
[04Apr2026 15:24:19.241] [main/DEBUG] [mixin/]: servercore.common.mixins.json:optimizations.sync_loads.ServerLevelMixin: Class version 61 required is higher than the class version supported by the current version of Mixin (JAVA_16 supports class version 60)
[04Apr2026 15:24:19.241] [main/DEBUG] [mixin/]: Discarding sythetic bridge method synthetic in m_6325_ because existing method in servercore.common.mixins.json:optimizations.sync_loads.ServerLevelMixin is compatible
[04Apr2026 15:24:19.243] [main/DEBUG] [mixin/]: Mixing fast_entity_access.ServerLevelMixin from pluto.mixins.json into net.minecraft.server.level.ServerLevel
[04Apr2026 15:24:19.244] [main/DEBUG] [mixin/]: Mixing IMixinServerLevel from majruszlibrary-common.mixins.json into net.minecraft.server.level.ServerLevel
[04Apr2026 15:24:19.244] [main/DEBUG] [mixin/]: Mixing MixinServerLevel from majruszlibrary-common.mixins.json into net.minecraft.server.level.ServerLevel
[04Apr2026 15:24:19.245] [main/DEBUG] [mixin/]: Mixing compat117plus.ServerWorldMixin from pehkui.mixins.json into net.minecraft.server.level.ServerLevel
[04Apr2026 15:24:19.248] [main/DEBUG] [mixin/]: Mixing common.world.ServerWorldMixin from starlight.mixins.json into net.minecraft.server.level.ServerLevel
[04Apr2026 15:24:19.250] [main/DEBUG] [mixin/]: Mixing common.transform.world.level.MixinServerLevel from crafttweaker.mixins.json into net.minecraft.server.level.ServerLevel
[04Apr2026 15:24:19.252] [main/DEBUG] [mixin/]: Mixing MixinServerLevel from corgilib.mixins.json into net.minecraft.server.level.ServerLevel
[04Apr2026 15:24:19.252] [main/DEBUG] [mixin/]: Renaming synthetic method lambda$tickScheduledRandomTicks$0(Lnet/minecraft/world/level/chunk/LevelChunk;Lnet/minecraft/core/BlockPos;)Z to md69b439$lambda$tickScheduledRandomTicks$0$1 in corgilib.mixins.json:MixinServerLevel
[04Apr2026 15:24:19.253] [main/DEBUG] [mixin/]: Mixing alloc.chunk_random.ServerLevelMixin from canary.mixins.json into net.minecraft.server.level.ServerLevel
[04Apr2026 15:24:19.254] [main/DEBUG] [mixin/]: Mixing chunk.replace_streams.ServerLevelMixin from canary.mixins.json into net.minecraft.server.level.ServerLevel
[04Apr2026 15:24:19.257] [main/DEBUG] [mixin/]: Mixing entity.inactive_navigations.ServerLevelMixin from canary.mixins.json into net.minecraft.server.level.ServerLevel
[04Apr2026 15:24:19.261] [main/DEBUG] [mixin/]: Mixing profiler.ServerLevelMixin from canary.mixins.json into net.minecraft.server.level.ServerLevel
[04Apr2026 15:24:19.262] [main/DEBUG] [mixin/]: Mixing util.accessors.ServerLevelAccessor from canary.mixins.json into net.minecraft.server.level.ServerLevel
[04Apr2026 15:24:19.262] [main/DEBUG] [mixin/]: Mixing world.block_entity_ticking.sleeping.ServerLevelMixin from canary.mixins.json into net.minecraft.server.level.ServerLevel
[04Apr2026 15:24:19.263] [main/DEBUG] [mixin/]: Mixing common.world.MixinServerLevel from byg.mixins.json into net.minecraft.server.level.ServerLevel
[04Apr2026 15:24:19.296] [main/DEBUG] [mixin/]: Mixing common.accessor.ServerLevelAccessor from aether.mixins.json into net.minecraft.server.level.ServerLevel
[04Apr2026 15:24:19.296] [main/DEBUG] [mixin/]: Mixing ServerLevelMixin from citadel.mixins.json into net.minecraft.server.level.ServerLevel
[04Apr2026 15:24:19.297] [main/DEBUG] [mixin/]: Mixing ServerLevelMixin from betterdeserttemples.mixins.json into net.minecraft.server.level.ServerLevel
[04Apr2026 15:24:19.298] [main/DEBUG] [mixin/]: Mixing ExplosionMixin from mixins.bosses_of_mass_destruction.json into net.minecraft.server.level.ServerLevel
[04Apr2026 15:24:19.301] [main/DEBUG] [mixin/]: Mixing ServerLevelMixin from blueprint.mixins.json into net.minecraft.server.level.ServerLevel
[04Apr2026 15:24:19.303] [main/DEBUG] [mixin/]: Mixing ServerLevelMixin from atmospheric.mixins.json into net.minecraft.server.level.ServerLevel
[04Apr2026 15:24:19.306] [main/DEBUG] [mixin/]: Mixing ServerLevelMixin from ars_elemental.mixins.json into net.minecraft.server.level.ServerLevel
[04Apr2026 15:24:19.310] [main/DEBUG] [mixin/]: Mixing EndergeticExpansionMixins from betterendisland.mixins.json into net.minecraft.server.level.ServerLevel
[04Apr2026 15:24:19.415] [main/DEBUG] [mixin/]: Unexpected: Registered method getEntityManager()Lnet/minecraft/world/level/entity/PersistentEntitySectionManager; in net.minecraft.server.level.ServerLevel was not merged
[04Apr2026 15:24:19.437] [main/DEBUG] [net.minecraftforge.coremod.transformer.CoreModBaseTransformer/COREMOD]: Transforming net/minecraft/world/level/biome/Biome
[04Apr2026 15:24:19.472] [main/DEBUG] [mixin/]: Mixing ItemEntityMixin from kubejs-common.mixins.json into net.minecraft.world.entity.item.ItemEntity
[04Apr2026 15:24:19.473] [main/DEBUG] [mixin/]: Mixing features.activation_range.inactive_ticks.ItemEntityMixin from servercore.common.mixins.json into net.minecraft.world.entity.item.ItemEntity
[04Apr2026 15:24:19.473] [main/DEBUG] [mixin/]: servercore.common.mixins.json:features.activation_range.inactive_ticks.ItemEntityMixin: Class version 61 required is higher than the class version supported by the current version of Mixin (JAVA_16 supports class version 60)
[04Apr2026 15:24:19.474] [main/DEBUG] [mixin/]: Mixing features.merging.ItemEntityMixin from servercore.common.mixins.json into net.minecraft.world.entity.item.ItemEntity
[04Apr2026 15:24:19.474] [main/DEBUG] [mixin/]: servercore.common.mixins.json:features.merging.ItemEntityMixin: Class version 61 required is higher than the class version supported by the current version of Mixin (JAVA_16 supports class version 60)
[04Apr2026 15:24:19.475] [main/DEBUG] [mixin/]: Mixing ItemEntityMixin from item_obliterator.mixins.json into net.minecraft.world.entity.item.ItemEntity
[04Apr2026 15:24:19.476] [main/DEBUG] [mixin/]: Mixing ItemEntityMixin from progressivebosses.mixins.json into net.minecraft.world.entity.item.ItemEntity
[04Apr2026 15:24:19.476] [main/DEBUG] [mixin/]: progressivebosses.mixins.json:ItemEntityMixin: Class version 61 required is higher than the class version supported by the current version of Mixin (JAVA_8 supports class version 52)
[04Apr2026 15:24:19.478] [main/DEBUG] [mixin/]: Mixing ItemEntityMixin from getittogetherdrops.mixins.json into net.minecraft.world.entity.item.ItemEntity
[04Apr2026 15:24:19.479] [main/DEBUG] [mixin/]: Renaming synthetic method lambda$mergeWithNeighbours$0(Lnet/minecraft/world/entity/item/ItemEntity;Lnet/minecraft/world/entity/item/ItemEntity;)Z to md69b439$lambda$mergeWithNeighbours$0$0 in getittogetherdrops.mixins.json:ItemEntityMixin
[04Apr2026 15:24:19.481] [main/DEBUG] [mixin/]: Mixing ItemMixin from cataclysm.mixins.json into net.minecraft.world.entity.item.ItemEntity
[04Apr2026 15:24:19.482] [main/DEBUG] [mixin/]: Mixing ItemEntityMixin from decorative_blocks.mixins.json into net.minecraft.world.entity.item.ItemEntity
[04Apr2026 15:24:19.485] [main/DEBUG] [mixin/]: Mixing MixinItemEntity from enigmaticaddons.mixins.json into net.minecraft.world.entity.item.ItemEntity
[04Apr2026 15:24:19.499] [main/DEBUG] [mixin/]: Mixing ItemEntityMixin from pehkui.mixins.json into net.minecraft.world.entity.item.ItemEntity
[04Apr2026 15:24:19.500] [main/DEBUG] [mixin/]: Mixing ItemEntityMixin from ars_elemental.mixins.json into net.minecraft.world.entity.item.ItemEntity
[04Apr2026 15:24:19.565] [main/DEBUG] [mixin/]: Mixing perf.fast_forge_dummies.NamespacedHolderHelperMixin from modernfix-forge.mixins.json into net.minecraftforge.registries.NamespacedHolderHelper
[04Apr2026 15:24:19.574] [main/DEBUG] [mixin/]: Mixing inject.MixinFluid from architectury-common.mixins.json into net.minecraft.world.level.material.Fluid
[04Apr2026 15:24:19.574] [main/DEBUG] [mixin/]: Mixing FluidInvokerMixin from blueprint.mixins.json into net.minecraft.world.level.material.Fluid
[04Apr2026 15:24:19.581] [main/DEBUG] [mixin/]: Mixing ItemMixin from apoli.mixins.json into net.minecraft.world.item.Item
[04Apr2026 15:24:19.582] [main/DEBUG] [mixin/]: Mixing perf.forge_registry_alloc.DelegateHolderMixin from modernfix-forge.mixins.json into net.minecraft.world.item.Item
[04Apr2026 15:24:19.583] [main/DEBUG] [mixin/]: Mixing ItemMixin from apotheosis.mixins.json into net.minecraft.world.item.Item
[04Apr2026 15:24:19.584] [main/DEBUG] [mixin/]: Mixing ItemMixin from supplementaries-common.mixins.json into net.minecraft.world.item.Item
[04Apr2026 15:24:19.586] [main/DEBUG] [mixin/]: Mixing MixinItem from majruszlibrary-common.mixins.json into net.minecraft.world.item.Item
[04Apr2026 15:24:19.587] [main/DEBUG] [mixin/]: Mixing ItemMixin from ftblibrary-common.mixins.json into net.minecraft.world.item.Item
[04Apr2026 15:24:19.587] [main/DEBUG] [mixin/]: ftblibrary-common.mixins.json:ItemMixin: Class version 61 required is higher than the class version supported by the current version of Mixin (JAVA_8 supports class version 52)
[04Apr2026 15:24:19.587] [main/DEBUG] [mixin/]: Mixing reach.compat1204minus.compat116plus.ItemMixin from pehkui.mixins.json into net.minecraft.world.item.Item
[04Apr2026 15:24:19.587] [main/DEBUG] [mixin/]: Mixing common.access.item.AccessItem from crafttweaker.mixins.json into net.minecraft.world.item.Item
[04Apr2026 15:24:19.588] [main/DEBUG] [mixin/]: Renaming @Accessor method crafttweaker$getBASE_ATTACK_DAMAGE_UUID()Ljava/util/UUID; to crafttweaker$getBASE_ATTACK_DAMAGE_UUID_$md$69b439$0 in crafttweaker.mixins.json:common.access.item.AccessItem
[04Apr2026 15:24:19.588] [main/DEBUG] [mixin/]: Renaming @Accessor method crafttweaker$getBASE_ATTACK_SPEED_UUID()Ljava/util/UUID; to crafttweaker$getBASE_ATTACK_SPEED_UUID_$md$69b439$1 in crafttweaker.mixins.json:common.access.item.AccessItem
[04Apr2026 15:24:19.588] [main/DEBUG] [mixin/]: Mixing common.ItemMixin from aether.mixins.json into net.minecraft.world.item.Item
[04Apr2026 15:24:19.592] [main/DEBUG] [mixin/]: Mixing item.AccessorItem from bookshelf.common.mixins.json into net.minecraft.world.item.Item
[04Apr2026 15:24:19.592] [main/DEBUG] [mixin/]: Mixing ItemMixin from relics.mixins.json into net.minecraft.world.item.Item
[04Apr2026 15:24:19.592] [main/DEBUG] [mixin/]: relics.mixins.json:ItemMixin: Class version 61 required is higher than the class version supported by the current version of Mixin (JAVA_8 supports class version 52)
[04Apr2026 15:24:19.595] [main/DEBUG] [mixin/]: Mixing inject.MixinItem from architectury-common.mixins.json into net.minecraft.world.item.Item
[04Apr2026 15:24:19.595] [main/DEBUG] [mixin/]: Mixing ItemInvokerMixin from blueprint.mixins.json into net.minecraft.world.item.Item
[04Apr2026 15:24:19.595] [main/DEBUG] [mixin/]: Mixing ItemMixin from forbidden_arcanus.mixins.json into net.minecraft.world.item.Item
[04Apr2026 15:24:19.595] [main/DEBUG] [mixin/]: forbidden_arcanus.mixins.json:ItemMixin: Class version 61 required is higher than the class version supported by the current version of Mixin (JAVA_16 supports class version 60)
[04Apr2026 15:24:19.596] [main/DEBUG] [mixin/]: Mixing minecraft/ItemMixin from skilltree.mixins.json into net.minecraft.world.item.Item
[04Apr2026 15:24:19.596] [main/DEBUG] [mixin/]: Renaming synthetic method lambda$getFoodProperties$2(Lnet/minecraft/world/food/FoodProperties$Builder;Lnet/minecraft/world/effect/MobEffectInstance;)V to md69b439$lambda$getFoodProperties$2$2 in skilltree.mixins.json:minecraft/ItemMixin
[04Apr2026 15:24:19.596] [main/DEBUG] [mixin/]: Renaming synthetic method lambda$getFoodProperties$1(Lnet/minecraft/world/effect/MobEffectInstance;)Lnet/minecraft/world/effect/MobEffectInstance; to md69b439$lambda$getFoodProperties$1$3 in skilltree.mixins.json:minecraft/ItemMixin
[04Apr2026 15:24:19.596] [main/DEBUG] [mixin/]: Renaming synthetic method lambda$getFoodProperties$0(Lnet/minecraft/world/food/FoodProperties$Builder;Lcom/mojang/datafixers/util/Pair;)V to md69b439$lambda$getFoodProperties$0$4 in skilltree.mixins.json:minecraft/ItemMixin
[04Apr2026 15:24:19.600] [main/DEBUG] [mixin/]: Mixing ItemMixin from quark.mixins.json into net.minecraft.world.item.Item
[04Apr2026 15:24:19.604] [main/DEBUG] [mixin/]: Mixing ItemMixin from mixins.irons_spellbooks.json into net.minecraft.world.item.Item
[04Apr2026 15:24:19.605] [main/DEBUG] [mixin/]: Mixing MixinItem from majruszsenchantments-common.mixins.json into net.minecraft.world.item.Item
[04Apr2026 15:24:19.605] [main/DEBUG] [mixin/]: Mixing ItemMixin from kubejs-common.mixins.json into net.minecraft.world.item.Item
[04Apr2026 15:24:19.651] [main/DEBUG] [mixin/]: Mixing compat117plus.patchwork.compat.IForgeItemMixin from pehkui.mixins.json into net.minecraftforge.common.extensions.IForgeItem
[04Apr2026 15:24:19.652] [main/DEBUG] [mixin/]: Mixing IForgeItemMixin from quark.mixins.json into net.minecraftforge.common.extensions.IForgeItem
[04Apr2026 15:24:19.678] [main/DEBUG] [mixin/]: Mixing inject.MixinEntityType from architectury-common.mixins.json into net.minecraft.world.entity.EntityType
[04Apr2026 15:24:19.678] [main/DEBUG] [mixin/]: Mixing impl.EntityTypeMixin from doespotatotick.mixins.json into net.minecraft.world.entity.EntityType
[04Apr2026 15:24:19.679] [main/DEBUG] [mixin/]: doespotatotick.mixins.json:impl.EntityTypeMixin: Class version 61 required is higher than the class version supported by the current version of Mixin (JAVA_8 supports class version 52)
[04Apr2026 15:24:19.696] [main/DEBUG] [mixin/]: Mixing MobEffectMixin from mixins.irons_spellbooks.json into net.minecraft.world.effect.MobEffect
[04Apr2026 15:24:19.699] [main/INFO] [mixin/]: Mixing MixinMobEffect from enigmaticlegacy.mixins.json into net.minecraft.world.effect.MobEffect
[04Apr2026 15:24:19.711] [main/DEBUG] [mixin/]: Mixing IMixinEnchantment from majruszlibrary-common.mixins.json into net.minecraft.world.item.enchantment.Enchantment
[04Apr2026 15:24:19.712] [main/DEBUG] [mixin/]: Mixing MixinEnchantment from majruszlibrary-forge.mixins.json into net.minecraft.world.item.enchantment.Enchantment
[04Apr2026 15:24:19.714] [main/DEBUG] [mixin/]: Mixing EnchantmentMixin from goblintraders.mixins.json into net.minecraft.world.item.enchantment.Enchantment
[04Apr2026 15:24:19.714] [main/DEBUG] [mixin/]: goblintraders.mixins.json:EnchantmentMixin: Class version 61 required is higher than the class version supported by the current version of Mixin (JAVA_8 supports class version 52)
[04Apr2026 15:24:19.715] [main/DEBUG] [mixin/]: Mixing EnchantmentMixin from bettercombat.mixins.json into net.minecraft.world.item.enchantment.Enchantment
[04Apr2026 15:24:19.717] [main/DEBUG] [mixin/]: Mixing EnchantmentMixin from quark.mixins.json into net.minecraft.world.item.enchantment.Enchantment
[04Apr2026 15:24:19.720] [main/DEBUG] [mixin/]: Mixing EnchantmentMixin from apotheosis.mixins.json into net.minecraft.world.item.enchantment.Enchantment
[04Apr2026 15:24:19.720] [main/DEBUG] [mixin/]: Renaming synthetic method lambda$apoth_modifyEnchColorForAboveMaxLevel$0(Lnet/minecraft/network/chat/Style;)Lnet/minecraft/network/chat/Style; to md69b439$lambda$apoth_modifyEnchColorForAboveMaxLevel$0$0 in apotheosis.mixins.json:EnchantmentMixin
[04Apr2026 15:24:19.737] [main/DEBUG] [mixin/]: Mixing sign.MixinBlockEntityType from doapi.mixins.json into net.minecraft.world.level.block.entity.BlockEntityType
[04Apr2026 15:24:19.738] [main/DEBUG] [mixin/]: Mixing perf.dynamic_dfu.BlockEntityTypeMixin from modernfix-common.mixins.json into net.minecraft.world.level.block.entity.BlockEntityType
[04Apr2026 15:24:19.739] [main/DEBUG] [mixin/]: Mixing access.BlockEntityTypeAccess from byg.mixins.json into net.minecraft.world.level.block.entity.BlockEntityType
[04Apr2026 15:24:19.758] [main/DEBUG] [mixin/]: Mixing access.MenuTypeAccess from byg.mixins.json into net.minecraft.world.inventory.MenuType
[04Apr2026 15:24:19.758] [main/DEBUG] [mixin/]: Renaming @Invoker method byg_create(Lnet/minecraft/world/inventory/MenuType$MenuSupplier;)Lnet/minecraft/world/inventory/MenuType; to byg_create_$md$69b439$0 in byg.mixins.json:access.MenuTypeAccess
[04Apr2026 15:24:19.765] [main/DEBUG] [mixin/]: Mixing AttributeMixin from apotheosis.mixins.json into net.minecraft.world.entity.ai.attributes.Attribute
[04Apr2026 15:24:19.769] [main/DEBUG] [mixin/]: Mixing IMixinArgumentTypeInfos from majruszlibrary-common.mixins.json into net.minecraft.commands.synchronization.ArgumentTypeInfos
[04Apr2026 15:24:19.770] [main/DEBUG] [mixin/]: Renaming @Accessor method getByClass()Ljava/util/Map; to getByClass_$md$69b439$0 in majruszlibrary-common.mixins.json:IMixinArgumentTypeInfos
[04Apr2026 15:24:19.776] [main/DEBUG] [mixin/]: Mixing access.VillagerTypeAccess from byg.mixins.json into net.minecraft.world.entity.npc.VillagerType
[04Apr2026 15:24:19.777] [main/DEBUG] [mixin/]: Renaming @Accessor method byg_getBY_BIOME()Ljava/util/Map; to byg_getBY_BIOME_$md$69b439$0 in byg.mixins.json:access.VillagerTypeAccess
[04Apr2026 15:24:19.782] [main/DEBUG] [mixin/]: Mixing PoiTypesInvoker from morevillagers-common.mixins.json into net.minecraft.world.entity.ai.village.poi.PoiTypes
[04Apr2026 15:24:19.784] [main/DEBUG] [mixin/]: Renaming @Accessor method getTypeByState()Ljava/util/Map; to getTypeByState_$md$69b439$0 in morevillagers-common.mixins.json:PoiTypesInvoker
[04Apr2026 15:24:19.784] [main/DEBUG] [mixin/]: Renaming @Invoker method invokeGetBlockStates(Lnet/minecraft/world/level/block/Block;)Ljava/util/Set; to invokeGetBlockStates_$md$69b439$1 in morevillagers-common.mixins.json:PoiTypesInvoker
[04Apr2026 15:24:19.784] [main/DEBUG] [mixin/]: Renaming @Invoker method invokeRegisterBlockStates(Lnet/minecraft/core/Holder;)V to invokeRegisterBlockStates_$md$69b439$2 in morevillagers-common.mixins.json:PoiTypesInvoker
[04Apr2026 15:24:19.784] [main/DEBUG] [mixin/]: Mixing ai.poi.PoiTypesMixin from canary.mixins.json into net.minecraft.world.entity.ai.village.poi.PoiTypes
[04Apr2026 15:24:19.785] [main/DEBUG] [mixin/]: Mixing MixinPoiTypes from lootr.mixins.json into net.minecraft.world.entity.ai.village.poi.PoiTypes
[04Apr2026 15:24:19.787] [main/DEBUG] [mixin/]: Mixing access.PoiTypesAccess from byg.mixins.json into net.minecraft.world.entity.ai.village.poi.PoiTypes
[04Apr2026 15:24:19.788] [main/DEBUG] [mixin/]: Renaming @Invoker method byg_invokeGetBlockStates(Lnet/minecraft/world/level/block/Block;)Ljava/util/Set; to byg_invokeGetBlockStates_$md$69b439$3 in byg.mixins.json:access.PoiTypesAccess
[04Apr2026 15:24:19.788] [main/DEBUG] [mixin/]: Renaming @Invoker method byg_invokeRegister(Lnet/minecraft/core/Registry;Lnet/minecraft/resources/ResourceKey;Ljava/util/Set;II)Lnet/minecraft/world/entity/ai/village/poi/PoiType; to byg_invokeRegister_$md$69b439$4 in byg.mixins.json:access.PoiTypesAccess
[04Apr2026 15:24:19.788] [main/DEBUG] [mixin/]: Renaming @Invoker method byg_invokeRegisterBlockStates(Lnet/minecraft/core/Holder;)V to byg_invokeRegisterBlockStates_$md$69b439$5 in byg.mixins.json:access.PoiTypesAccess
[04Apr2026 15:24:19.794] [main/DEBUG] [mixin/]: Mixing MixinPoiType from lootr.mixins.json into net.minecraft.world.entity.ai.village.poi.PoiType
[04Apr2026 15:24:19.819] [main/DEBUG] [mixin/]: Mixing common.FeatureMixin from aether.mixins.json into net.minecraft.world.level.levelgen.feature.Feature
[04Apr2026 15:24:19.819] [main/DEBUG] [mixin/]: Renaming synthetic method lambda$isGrassOrDirt$0(Lnet/minecraft/world/level/block/state/BlockState;)Z to md69b439$lambda$isGrassOrDirt$0$0 in aether.mixins.json:common.FeatureMixin
[04Apr2026 15:24:19.820] [main/DEBUG] [mixin/]: Mixing KeepRichSoilGiantTreeMixin from farmersdelight.mixins.json into net.minecraft.world.level.levelgen.feature.Feature
[04Apr2026 15:24:19.820] [main/DEBUG] [mixin/]: Renaming synthetic method lambda$keepRichSoil$0(Lnet/minecraft/world/level/block/state/BlockState;)Z to md69b439$lambda$keepRichSoil$0$1 in farmersdelight.mixins.json:KeepRichSoilGiantTreeMixin
[04Apr2026 15:24:19.836] [main/DEBUG] [mixin/]: Mixing access.BlockStateProviderAccess from byg.mixins.json into net.minecraft.world.level.levelgen.feature.stateproviders.BlockStateProviderType
[04Apr2026 15:24:19.837] [main/DEBUG] [mixin/]: Renaming @Invoker method byg_create(Lcom/mojang/serialization/Codec;)Lnet/minecraft/world/level/levelgen/feature/stateproviders/BlockStateProviderType; to byg_create_$md$69b439$0 in byg.mixins.json:access.BlockStateProviderAccess
[04Apr2026 15:24:19.844] [main/DEBUG] [mixin/]: Mixing access.TreeDecoratorTypeAccess from byg.mixins.json into net.minecraft.world.level.levelgen.feature.treedecorators.TreeDecoratorType
[04Apr2026 15:24:19.845] [main/DEBUG] [mixin/]: Renaming @Invoker method byg_create(Lcom/mojang/serialization/Codec;)Lnet/minecraft/world/level/levelgen/feature/treedecorators/TreeDecoratorType; to byg_create_$md$69b439$0 in byg.mixins.json:access.TreeDecoratorTypeAccess
[04Apr2026 15:24:19.865] [main/DEBUG] [mixin/]: Mixing resources.BuiltInRegistriesMixin from repurposed_structures.mixins.json into net.minecraft.data.BuiltinRegistries
[04Apr2026 15:24:19.882] [main/DEBUG] [mixin/]: Mixing access.StructuresAccess from byg.mixins.json into net.minecraft.data.worldgen.Structures
[04Apr2026 15:24:19.882] [main/DEBUG] [mixin/]: Renaming @Invoker method structure(Lnet/minecraft/tags/TagKey;Ljava/util/Map;Lnet/minecraft/world/level/levelgen/GenerationStep$Decoration;Lnet/minecraft/world/level/levelgen/structure/TerrainAdjustment;)Lnet/minecraft/world/level/levelgen/structure/Structure$StructureSettings; to structure_$md$69b439$0 in byg.mixins.json:access.StructuresAccess
[04Apr2026 15:24:19.888] [main/DEBUG] [net.minecraftforge.coremod.transformer.CoreModBaseTransformer/COREMOD]: Transforming net/minecraft/world/level/levelgen/structure/Structure
[04Apr2026 15:24:19.890] [main/DEBUG] [mixin/]: Mixing StructureMixin from structure_gel.mixins.json into net.minecraft.world.level.levelgen.structure.Structure
[04Apr2026 15:24:19.892] [main/DEBUG] [mixin/]: Mixing MixinStructure from cataclysm.mixins.json into net.minecraft.world.level.levelgen.structure.Structure
[04Apr2026 15:24:19.892] [main/DEBUG] [mixin/]: Renaming synthetic method lambda$archaeology$setSuspiciousSand$0(Lnet/minecraft/core/BlockPos;Lcom/min01/archaeology/blockentity/BrushableBlockEntity;)V to md69b439$lambda$archaeology$setSuspiciousSand$0$0 in cataclysm.mixins.json:MixinStructure
[04Apr2026 15:24:19.937] [main/DEBUG] [mixin/]: Mixing NoiseGeneratorSettingsMixin from aeroblender.mixins.json into net.minecraft.world.level.levelgen.NoiseGeneratorSettings
[04Apr2026 15:24:19.939] [main/DEBUG] [mixin/]: Mixing MixinNoiseGeneratorSettings from terrablender.mixins.json into net.minecraft.world.level.levelgen.NoiseGeneratorSettings
[04Apr2026 15:24:19.940] [main/DEBUG] [mixin/]: Mixing access.NoiseGeneratorSettingsAccess from byg.mixins.json into net.minecraft.world.level.levelgen.NoiseGeneratorSettings
[04Apr2026 15:24:19.955] [main/DEBUG] [mixin/]: Mixing common.DimensionTypeMixin from aether.mixins.json into net.minecraft.world.level.dimension.DimensionType
